upi_id,account_number,ifsc_code,owner_name,bank_name,account_type,device_id,true_label,is_active,created_at
aryan1@barodampay,620597777,BARB0513226,Aryan Maharaj,Bank of Baroda,individual,dev-160ecc206ebd,,True,2024-11-09
udant2@kotak,54420580882617,KKBK0700522,Udant Dewan,Kotak Mahindra Bank,individual,dev-be36c25a8934,,True,2025-11-19
gagan3@idfcfirst,4051769739,IDFB0410850,Gagan Sami,IDFC First Bank,individual,dev-694a69532231,,True,2025-10-26
ayushman4@okaxis,3256941867,UTIB0097226,Ayushman Chander,Axis Bank,individual,dev-9d42f74f356b,,True,2024-12-05
viraj5@ybl,61818077764,YESB0705165,Viraj Tiwari,Yes Bank,individual,dev-5d71f14697db,,True,2026-03-27
rushil6@oksbi,664850756550,SBIN0559207,Rushil Saini,State Bank of India,individual,dev-aa647fcb72ac,,True,2023-12-17
saumya7@idfcfirst,8028082924615579,IDFB0664313,Saumya Mall,IDFC First Bank,individual,dev-5371c06827f8,,True,2024-03-08
nathaniel8@okaxis,764719591464413,UTIB0238766,Nathaniel Sami,Axis Bank,individual,dev-72e52f4db001,,True,2023-08-10
malldugal9@barodampay,94642792727,BARB0789006,Mall-Dugal Fuel,Bank of Baroda,merchant,dev-fb5a097348c3,,True,2023-11-23
gayathri10@okicici,738551480747,ICIC0663298,Gayathri Chaudry,ICICI Bank,individual,dev-42a69d6e4cd0,,True,2023-12-03
lajita11@barodampay,701413616,BARB0103402,Lajita Chatterjee,Bank of Baroda,individual,dev-97efd82cebdf,,True,2025-06-05
hemangini12@idfcfirst,5201944470024,IDFB0671124,Hemangini Lalla,IDFC First Bank,individual,dev-3cf99e7d2064,innocent_bystander,True,2025-04-13
tripti13@idfcfirst,55842038085,IDFB0140249,Tripti Yadav,IDFC First Bank,individual,dev-e09f5b4d0d50,account_takeover,True,2025-12-18
kritika14@okhdfcbank,79731699220155,HDFC0370922,Kritika Brar,HDFC Bank,individual,dev-5b3d594fc119,,True,2024-05-20
janaki15@okicici,5929911502499,ICIC0151539,Janaki Handa,ICICI Bank,individual,dev-19f644e4891c,innocent_bystander,True,2026-05-26
chakradev16@cnrb,0736438077320,CNRB0936813,Chakradev Kari,Canara Bank,individual,dev-77879ef2623f,,True,2023-11-21
fariq17@ybl,57801239739,YESB0499306,Fariq Kaul,Yes Bank,individual,dev-0a9330803ee3,,False,2023-12-31
lajita18@okhdfcbank,9125967541,HDFC0864314,Lajita Mall,HDFC Bank,individual,dev-dd1adbcd580a,,True,2024-05-18
patlagaba19@cnrb,393145639,CNRB0521022,Patla-Gaba Fuel,Canara Bank,merchant,dev-388a54499e33,,True,2023-11-29
isha20@idfcfirst,71740915197844,IDFB0634301,Isha Kadakia,IDFC First Bank,individual,dev-e541e6c8d2a6,,True,2023-12-26
ekbal21@oksbi,357698762413941,SBIN0651931,Ekbal Garg,State Bank of India,individual,dev-aeed6df6b4dd,,True,2024-04-16
nihal22@okicici,891804531183391,ICIC0915266,Nihal Shere,ICICI Bank,individual,dev-8bb8c4eb6334,,True,2024-04-01
anamika23@okhdfcbank,701180455,HDFC0680714,Anamika Kanda,HDFC Bank,individual,dev-390c98cd32f7,,True,2024-11-27
daksh24@cnrb,0418222659420,CNRB0007075,Daksh Karnik,Canara Bank,individual,dev-1a2da55f685e,,True,2026-03-02
diya25@pnb,608889293,PUNB0802025,Diya Rattan,Punjab National Bank,individual,dev-433c519411d7,,True,2023-11-10
dominic26@cnrb,59884736622,CNRB0061133,Dominic Kakar,Canara Bank,individual,dev-d2dcc723cba1,gambling_network,True,2023-12-11
simon27@kotak,73431622796,KKBK0916348,Simon Tata,Kotak Mahindra Bank,individual,dev-c23cacda21f2,,True,2024-07-21
tara28@idfcfirst,8557602170,IDFB0202404,Tara Dhar,IDFC First Bank,individual,dev-6c28f298484a,innocent_bystander,True,2026-02-01
dewankoshy29@idfcfirst,505971991,IDFB0800884,Dewan-Koshy Fashion,IDFC First Bank,merchant,dev-bf9c1e68398b,,True,2025-06-13
priya30@idfcfirst,50056111505446,IDFB0522631,Priya Rastogi,IDFC First Bank,individual,dev-11be4dbab87b,,True,2026-05-18
theodore31@okicici,171704674972673,ICIC0738231,Theodore Devi,ICICI Bank,individual,dev-9c59fbe5dc66,,True,2025-05-04
gavin32@cnrb,91095473171,CNRB0552993,Gavin Batta,Canara Bank,individual,dev-95fff5f2c3de,,True,2025-02-19
michael33@okhdfcbank,789412886,HDFC0122740,Michael Dutta,HDFC Bank,individual,dev-5542361fd77c,,True,2024-09-01
sami34@pnb,294340359775,PUNB0110588,"Sami, Bhatt and Rajan Grocery",Punjab National Bank,merchant,dev-dec11364d0a9,,True,2024-11-25
upadhriti35@cnrb,90616606880224,CNRB0143021,Upadhriti Wadhwa,Canara Bank,individual,dev-2a76b6da8543,innocent_bystander,True,2026-01-19
advay36@okicici,010869892,ICIC0287799,Advay Contractor,ICICI Bank,individual,dev-a1db72d978a3,,True,2025-07-05
harini37@oksbi,884042116557560,SBIN0851131,Harini Choudhury,State Bank of India,individual,dev-e44be372e609,,True,2023-11-25
radhika38@oksbi,9765006002847,SBIN0411562,Radhika Dugar,State Bank of India,individual,dev-461b522c201d,,True,2024-05-08
aarush39@oksbi,268541295345,SBIN0537547,Aarush Lall,State Bank of India,individual,dev-2c8424b39909,innocent_bystander,True,2025-04-25
gokhale40@barodampay,4119192036476469,BARB0411810,"Gokhale, Tripathi and Cherian Pharmacy",Bank of Baroda,merchant,dev-fa1548278602,,True,2025-01-24
yashica41@barodampay,44412053557,BARB0547035,Yashica Issac,Bank of Baroda,individual,dev-a4f3dfa52278,,True,2024-06-28
kashvi42@barodampay,5653958758198,BARB0503632,Kashvi Edwin,Bank of Baroda,individual,dev-3a93bfbbfabf,,True,2024-07-26
ekiya43@pnb,100888002,PUNB0565295,Ekiya Suresh,Punjab National Bank,individual,dev-dc8b89551ebd,innocent_bystander,True,2026-01-19
isaac44@okhdfcbank,784371266,HDFC0119672,Isaac Patil,HDFC Bank,individual,dev-fc9d2082f15a,innocent_bystander,True,2026-04-01
wriddhish45@kotak,617739630627541,KKBK0711505,Wriddhish Bhardwaj,Kotak Mahindra Bank,individual,dev-5bdf782a5de8,,True,2025-11-09
farhan46@ybl,548330870444913,YESB0180926,Farhan Chada,Yes Bank,individual,dev-9e537c3e67f1,innocent_bystander,True,2024-02-21
ekapad47@okhdfcbank,5740022888656467,HDFC0762903,Ekapad Walia,HDFC Bank,individual,dev-06fc239d8c32,innocent_bystander,True,2024-06-01
kabir48@ybl,45768354935,YESB0120166,Kabir Soman,Yes Bank,individual,dev-9293abd99a1b,,True,2024-07-21
alka49@okaxis,996631033,UTIB0191603,Alka Wable,Axis Bank,individual,dev-1ec558420bcf,,True,2025-02-02
siddharth50@kotak,0421756798684,KKBK0984766,Siddharth Zacharia,Kotak Mahindra Bank,individual,dev-943eedc28a4a,,True,2024-06-18
devika51@idfcfirst,015784659649191,IDFB0288228,Devika Rastogi,IDFC First Bank,individual,dev-c7dc4bd2ea44,,True,2025-05-30
raksha52@oksbi,7948984392407,SBIN0649837,Raksha Varughese,State Bank of India,individual,dev-40b7b6156e47,,True,2023-11-29
jai53@pnb,039031967767087,PUNB0739431,Jai Kota,Punjab National Bank,individual,dev-9f42b864b0eb,,True,2024-11-15
devansh54@okhdfcbank,095265074686,HDFC0671612,Devansh Nigam,HDFC Bank,individual,dev-48c13041b22d,,True,2025-05-28
victor55@cnrb,54312588160634,CNRB0717639,Victor Kannan,Canara Bank,individual,dev-7e7cc56c75d6,,True,2026-02-06
ekavir56@cnrb,519877503,CNRB0495801,Ekavir Bhargava,Canara Bank,individual,dev-010551eab192,,True,2024-10-06
ekansh57@kotak,503496834,KKBK0420381,Ekansh Balay,Kotak Mahindra Bank,individual,dev-e74b2ce328bd,,True,2023-10-15
ekavir58@idfcfirst,253893597256,IDFB0653439,Ekavir Varkey,IDFC First Bank,individual,dev-a61567062662,,True,2024-05-23
arya59@okhdfcbank,205275764,HDFC0860967,Arya Sunder,HDFC Bank,individual,dev-bcffeb795ee8,,True,2024-01-03
kevin60@idfcfirst,4115314639759410,IDFB0938023,Kevin Solanki,IDFC First Bank,individual,dev-78c8b3f53481,,True,2025-07-22
urvashi61@okhdfcbank,257300816,HDFC0384504,Urvashi Ray,HDFC Bank,individual,dev-ce5c0bc7e4ca,,True,2025-04-04
girindra62@idfcfirst,4102148101,IDFB0508167,Girindra Chatterjee,IDFC First Bank,individual,dev-61cb5b46e500,,True,2024-06-12
irya63@pnb,2235294863273,PUNB0246867,Irya Sampath,Punjab National Bank,individual,dev-b1af2deef7a1,,True,2025-11-18
unni64@oksbi,3109009180,SBIN0153556,Unni Bhagat,State Bank of India,individual,dev-7936521cdca3,,True,2024-02-11
darsh65@barodampay,4028564187982,BARB0254263,Darsh Rau,Bank of Baroda,individual,dev-23059c3f0b10,,True,2024-03-25
ikbal66@idfcfirst,81357162254638,IDFB0078108,Ikbal Kothari,IDFC First Bank,individual,dev-7020a4dc6140,gambling_network,True,2026-06-30
gupta67@cnrb,37831815217166,CNRB0060228,Gupta PLC Electronics,Canara Bank,merchant,dev-c70d462c3868,,True,2025-07-08
deysami68@pnb,158084516127,PUNB0050519,Dey-Sami Travel,Punjab National Bank,merchant,dev-917d7a723395,,True,2023-08-04
arya69@idfcfirst,512888266,IDFB0185247,Arya Shere,IDFC First Bank,individual,dev-3ddab48dc136,,True,2026-01-18
faqid70@okaxis,7914959007354,UTIB0407961,Faqid Savant,Axis Bank,individual,dev-216381f0a419,,True,2025-10-30
chandresh71@okhdfcbank,92161989922,HDFC0342639,Chandresh Zachariah,HDFC Bank,individual,dev-fade4478cc65,,True,2025-08-03
girik72@cnrb,6757954179688,CNRB0798097,Girik Khalsa,Canara Bank,individual,dev-05c7bc805996,,True,2024-10-11
niharika73@kotak,3879863633655340,KKBK0601774,Niharika Sunder,Kotak Mahindra Bank,individual,dev-19a766934727,,True,2023-08-11
tanay74@okaxis,131360309721047,UTIB0584210,Tanay Rattan,Axis Bank,individual,dev-25948be1fa6f,,True,2024-09-02
nitesh75@okicici,4210040926648,ICIC0110692,Nitesh Raghavan,ICICI Bank,individual,dev-107fe93b2caa,,True,2024-12-22
madhavi76@okaxis,969395041,UTIB0941279,Madhavi Lanka,Axis Bank,individual,dev-ad84f14d36a9,account_takeover,True,2026-03-03
bhavika77@pnb,5102411835577,PUNB0296032,Bhavika Sampath,Punjab National Bank,individual,dev-877510d9ae69,,True,2025-10-08
mohammed78@oksbi,9412871321861,SBIN0650695,Mohammed Gupta,State Bank of India,individual,dev-8396df692bf0,,True,2025-11-09
teerth79@kotak,735572322109080,KKBK0777358,Teerth Bhardwaj,Kotak Mahindra Bank,individual,dev-4b4b12542877,innocent_bystander,True,2023-12-10
dipta80@okaxis,13119048911,UTIB0372596,Dipta Bhandari,Axis Bank,individual,dev-3f3eee8d9df3,,True,2025-02-24
sood81@okicici,396049455,ICIC0660447,Sood PLC Fuel,ICICI Bank,merchant,dev-37e4ee2ffc8f,,True,2023-11-24
dakshesh82@idfcfirst,896350930766,IDFB0054096,Dakshesh Trivedi,IDFC First Bank,individual,dev-1ef536c04a3c,innocent_bystander,True,2024-08-26
quincy83@cnrb,705922803471,CNRB0434058,Quincy Biswas,Canara Bank,individual,dev-1ee2fe26a879,innocent_bystander,True,2025-02-18
wahab84@barodampay,74366504695,BARB0342713,Wahab Raval,Bank of Baroda,individual,dev-0b74488e494e,,True,2025-06-25
yatin85@pnb,87729457613,PUNB0361185,Yatin Baral,Punjab National Bank,individual,dev-6cb191f2b5dc,innocent_bystander,True,2023-08-30
oni86@okaxis,5579341643644,UTIB0440050,Oni Virk,Axis Bank,individual,dev-07902f4285e3,innocent_bystander,True,2026-03-23
advika87@okhdfcbank,08381179872,HDFC0913210,Advika Jayaraman,HDFC Bank,individual,dev-9729f8aa7af8,,True,2025-07-04
murthy88@okhdfcbank,9729557795672360,HDFC0320491,"Murthy, Khare and Lanka Food & Dining",HDFC Bank,merchant,dev-7692ceb7da8c,,True,2024-05-22
karan89@pnb,89634198833857,PUNB0489824,Karan Mital,Punjab National Bank,individual,dev-a1625971e605,,True,2023-08-11
diya90@kotak,89907972714,KKBK0626227,Diya Bora,Kotak Mahindra Bank,individual,dev-0f0dda74894a,,True,2026-04-12
tara91@okicici,34226828513,ICIC0007507,Tara Chaudhry,ICICI Bank,individual,dev-8303070a169d,,True,2024-06-15
tanay92@okicici,1134921910446,ICIC0877734,Tanay Toor,ICICI Bank,individual,dev-ee95d2ee97c6,,True,2023-12-15
deopalla93@idfcfirst,826417851145,IDFB0552184,Deo-Palla Fashion,IDFC First Bank,merchant,dev-6a3c603ed935,,True,2025-11-29
yash94@oksbi,71933241420367,SBIN0353337,Yash Pingle,State Bank of India,individual,dev-dc08e152843b,gambling_network,True,2026-07-08
nakul95@idfcfirst,7781428215,IDFB0879068,Nakul Sarma,IDFC First Bank,individual,dev-775a6dea7ab2,,True,2024-10-15
abhiram96@okicici,0048700367,ICIC0823127,Abhiram Mistry,ICICI Bank,individual,dev-02bb9a57861a,,True,2023-09-29
krish97@okicici,800435752372,ICIC0504178,Krish Lalla,ICICI Bank,individual,dev-a33cee89896e,,True,2026-01-04
hredhaan98@kotak,79170311108036,KKBK0990388,Hredhaan Dugal,Kotak Mahindra Bank,individual,dev-f3708cdae846,,True,2024-03-13
baghyawati99@idfcfirst,9984162469227057,IDFB0550908,Baghyawati Kade,IDFC First Bank,individual,dev-00e04a62b9a6,,True,2024-09-19
oza100@pnb,6224271835137,PUNB0270696,"Oza, Jani and Lalla Grocery",Punjab National Bank,merchant,dev-dfd4dc21eb72,,True,2026-05-02
zayan101@barodampay,00258767188,BARB0095054,Zayan Behl,Bank of Baroda,individual,dev-52084f785552,,True,2025-07-27
sampath102@kotak,136028042145,KKBK0176138,Sampath LLC Fuel,Kotak Mahindra Bank,merchant,dev-604fea13322d,,True,2024-03-08
aarush103@okaxis,3329642880960,UTIB0753156,Aarush Nath,Axis Bank,individual,dev-98c27e1bb947,,True,2024-08-15
lala104@okhdfcbank,865194024,HDFC0062326,Lala and Sons Electronics,HDFC Bank,merchant,dev-7783ed52314d,,True,2026-02-05
prisha105@idfcfirst,3454299383,IDFB0794810,Prisha Andra,IDFC First Bank,individual,dev-665ab2953f0a,,True,2026-04-25
faqid106@okhdfcbank,055364448,HDFC0633149,Faqid Dixit,HDFC Bank,individual,dev-3339096143c2,,True,2026-06-27
kala107@cnrb,5342635339303503,CNRB0166062,Kala Divan,Canara Bank,individual,dev-597c2a8073fc,,True,2024-07-11
joshua108@cnrb,2589915169069,CNRB0847184,Joshua Barman,Canara Bank,individual,dev-29e179642ea0,,True,2025-03-24
patlabaral109@idfcfirst,5003718242440579,IDFB0330716,Patla-Baral Fashion,IDFC First Bank,merchant,dev-1b196ee10fa7,,True,2023-08-28
shivansh110@oksbi,714252909788,SBIN0187609,Shivansh Krish,State Bank of India,individual,dev-5a075cee5a41,,True,2024-05-08
irya111@okhdfcbank,4256976949314,HDFC0128766,Irya Ray,HDFC Bank,individual,dev-fe664f1ed5e2,,True,2023-11-04
warjas112@cnrb,00955446516,CNRB0668330,Warjas Gaba,Canara Bank,individual,dev-8af3141dd3a3,,True,2025-08-28
sachar113@pnb,4151431059142,PUNB0808969,Sachar Inc Pharmacy,Punjab National Bank,merchant,dev-dc0c376a8c66,,True,2026-06-04
gaurangi114@idfcfirst,41430253949,IDFB0660711,Gaurangi Sabharwal,IDFC First Bank,individual,dev-969a570a45fb,,True,2026-02-26
amara115@cnrb,789120089,CNRB0155757,Amara Dutta,Canara Bank,individual,dev-6411e0b8d915,innocent_bystander,True,2024-09-15
lavanya116@cnrb,0192371521910681,CNRB0707843,Lavanya Barad,Canara Bank,individual,dev-de45718a0d23,,True,2024-09-24
tristan117@okaxis,7353598294774448,UTIB0386341,Tristan Iyengar,Axis Bank,individual,dev-b90ba94706c1,,True,2026-05-15
pallamody118@cnrb,198600318229823,CNRB0515755,Palla-Mody Grocery,Canara Bank,merchant,dev-4b9e0daa984a,,True,2025-03-30
udant119@pnb,0111539256672588,PUNB0617788,Udant Bajwa,Punjab National Bank,individual,dev-9a59e2a63c12,,True,2023-09-08
mohini120@okhdfcbank,469833715416,HDFC0320734,Mohini Narasimhan,HDFC Bank,individual,dev-1e66832f5895,,True,2023-10-24
ekaraj121@ybl,1797181545505942,YESB0994814,Ekaraj Mallick,Yes Bank,individual,dev-6c915719e0e2,innocent_bystander,True,2024-03-23
yashodhara122@idfcfirst,2766059044,IDFB0896755,Yashodhara Ratta,IDFC First Bank,individual,dev-189768488660,,True,2023-09-28
ayaan123@cnrb,4461876334676997,CNRB0370912,Ayaan D’Alia,Canara Bank,individual,dev-47945c99a128,,True,2025-06-26
pranav124@oksbi,2573131361728,SBIN0732443,Pranav Lanka,State Bank of India,individual,dev-8b3ac845deb0,innocent_bystander,True,2025-10-01
ikbal125@okhdfcbank,3518771781,HDFC0751278,Ikbal Saraf,HDFC Bank,individual,dev-c416915b92cb,,True,2024-05-21
dipta126@kotak,75871044275,KKBK0747990,Dipta Sarin,Kotak Mahindra Bank,individual,dev-671ce81b64a1,,True,2024-04-14
lekha127@okicici,1243372971,ICIC0313846,Lekha Gupta,ICICI Bank,individual,dev-1738fd2e2c81,,True,2024-04-05
chaitanya128@cnrb,2570934660869464,CNRB0889779,Chaitanya Sarin,Canara Bank,individual,dev-155717d5cf8c,account_takeover,True,2024-06-13
zinal129@cnrb,4444445756891,CNRB0712925,Zinal Yohannan,Canara Bank,individual,dev-573ea539cf3c,,True,2023-10-13
januja130@cnrb,131472866943956,CNRB0296299,Januja Sankar,Canara Bank,individual,dev-41de2637d602,,True,2025-07-18
narayanan131@barodampay,066171289299,BARB0769407,Narayanan PLC Travel,Bank of Baroda,merchant,dev-c6abda23b6c5,,True,2025-11-02
jeet132@barodampay,52049462776,BARB0771849,Jeet Mital,Bank of Baroda,individual,dev-08b72d940a73,,True,2026-06-03
nilima133@barodampay,98022857870,BARB0140334,Nilima Narain,Bank of Baroda,individual,dev-28192e6592f3,account_takeover,True,2023-07-21
chakrika134@cnrb,4478567619,CNRB0164810,Chakrika Datta,Canara Bank,individual,dev-5b926e696ef4,,True,2024-01-22
osha135@kotak,90441211442217,KKBK0211754,Osha Raghavan,Kotak Mahindra Bank,individual,dev-4ecb58e8296f,,True,2026-07-09
charvi136@ybl,09549248632,YESB0035116,Charvi Ravi,Yes Bank,individual,dev-b800c615b400,innocent_bystander,True,2023-11-23
daksha137@okhdfcbank,250885306,HDFC0537671,Daksha Mangat,HDFC Bank,individual,dev-8f308dc211b9,,True,2024-03-04
qushi138@okhdfcbank,08159708176241,HDFC0986784,Qushi Nagy,HDFC Bank,individual,dev-fcc0033ddb8a,,True,2023-11-10
riya139@pnb,997277262571,PUNB0336952,Riya Sathe,Punjab National Bank,individual,dev-5f5794cbeaaf,,True,2026-02-11
yasti140@idfcfirst,3664092054680257,IDFB0600643,Yasti Solanki,IDFC First Bank,individual,dev-cd13fe61b2f9,,True,2024-01-04
frado141@idfcfirst,262698904297356,IDFB0495605,Frado Mander,IDFC First Bank,individual,dev-73256f795e3d,,True,2024-04-15
girik142@cnrb,980375258277,CNRB0885705,Girik Keer,Canara Bank,individual,dev-9ae5454cd9d8,,True,2023-08-19
umang143@cnrb,039471637951,CNRB0476133,Umang Issac,Canara Bank,individual,dev-1a0f841f828b,,True,2024-04-11
aryan144@oksbi,395112919,SBIN0678013,Aryan Batra,State Bank of India,individual,dev-987901ec1e93,,True,2026-03-16
vaishnavi145@okaxis,300900015,UTIB0827254,Vaishnavi Bora,Axis Bank,individual,dev-20eb21bc729f,,True,2023-12-09
oeshi146@kotak,597447314014,KKBK0796571,Oeshi Hayer,Kotak Mahindra Bank,individual,dev-5dfa0ac8a67b,,True,2026-03-09
warda147@cnrb,6688087237246691,CNRB0295019,Warda Ratta,Canara Bank,individual,dev-370d21fc9e17,,True,2026-01-24
manbir148@okicici,6913666566,ICIC0074070,Manbir Ahluwalia,ICICI Bank,individual,dev-a91d54c0c607,,True,2025-05-28
sandal149@idfcfirst,728845079454,IDFB0082644,Sandal and Sons Food & Dining,IDFC First Bank,merchant,dev-0eeea59e15aa,,True,2024-07-13
zarna150@idfcfirst,1045645934549,IDFB0962199,Zarna Shetty,IDFC First Bank,individual,dev-ede55b83a7fa,,True,2025-06-19
zaid151@okhdfcbank,43757702591199,HDFC0167364,Zaid Dara,HDFC Bank,individual,dev-f953d666826d,,True,2023-10-29
kiaan152@okaxis,2299517483,UTIB0998828,Kiaan Shetty,Axis Bank,individual,dev-e6c597cecd80,innocent_bystander,True,2024-10-10
saanvi153@barodampay,909153678493235,BARB0668159,Saanvi Thaman,Bank of Baroda,individual,dev-28cf34d5873c,,True,2024-04-30
sanaya154@okaxis,5792036505155644,UTIB0678573,Sanaya Dutt,Axis Bank,individual,dev-a8e0c9bf6419,,True,2024-11-20
soman155@okaxis,4021795109311268,UTIB0275031,"Soman, Sengupta and Lad Fuel",Axis Bank,merchant,dev-5c06efaf245a,,True,2024-02-08
aradhana156@ybl,156246430,YESB0451875,Aradhana Verma,Yes Bank,individual,dev-e52b81cdbe42,,False,2023-08-09
william157@ybl,6182861715998453,YESB0920958,William Maharaj,Yes Bank,individual,dev-9cef2b7a8d4a,,True,2025-04-28
brahmbhattmangal158@okaxis,03456266758,UTIB0221603,Brahmbhatt-Mangal Grocery,Axis Bank,merchant,dev-495a32b65576,,True,2024-08-06
anita159@okhdfcbank,8254140118,HDFC0567417,Anita Nayak,HDFC Bank,individual,dev-30cdf9ec9fc0,,True,2025-08-16
zachariahbuch160@okicici,0877919291570,ICIC0066705,Zachariah-Buch Food & Dining,ICICI Bank,merchant,dev-edc88bd95e20,,True,2026-04-25
matthew161@barodampay,6770771854755,BARB0312214,Matthew Kashyap,Bank of Baroda,individual,dev-1b5189ed0f70,,True,2025-06-15
michael162@idfcfirst,45957029863187,IDFB0241699,Michael Kala,IDFC First Bank,individual,dev-2237ff96b78a,,True,2024-01-24
oeshi163@oksbi,1406683304477,SBIN0140252,Oeshi Reddy,State Bank of India,individual,dev-19c8fd48ecd3,,True,2025-08-14
unnati164@okaxis,892611386421211,UTIB0687533,Unnati Sagar,Axis Bank,individual,dev-5a88f821c79a,,True,2024-06-28
jhaveri165@okicici,224066333671,ICIC0413318,Jhaveri Group Fuel,ICICI Bank,merchant,dev-aae9860389a6,,True,2025-08-11
anmol166@okicici,852510657384710,ICIC0782820,Anmol Rai,ICICI Bank,individual,dev-351c80d5ac67,,True,2025-11-01
abeer167@okicici,756299970349551,ICIC0793720,Abeer Pandey,ICICI Bank,individual,dev-03d4165655ec,gambling_network,False,2025-10-31
madhavi168@idfcfirst,041924012079927,IDFB0504063,Madhavi Saini,IDFC First Bank,individual,dev-294fbd0b1f3b,,True,2023-11-06
vinaya169@cnrb,2857814124883359,CNRB0976527,Vinaya Kanda,Canara Bank,individual,dev-34370d3a845e,,True,2025-01-17
sarinsunder170@kotak,4156325343,KKBK0303464,Sarin-Sunder Fuel,Kotak Mahindra Bank,merchant,dev-ee0a7db7396d,,True,2025-03-25
lopa171@kotak,0943705451926,KKBK0747110,Lopa Nayar,Kotak Mahindra Bank,individual,dev-4a520f586af3,,True,2023-09-16
noah172@okicici,769435115857,ICIC0177912,Noah Sibal,ICICI Bank,individual,dev-3c460b7327bd,,False,2025-05-11
avi173@barodampay,1723280322193439,BARB0339007,Avi Ramesh,Bank of Baroda,individual,dev-76cb7857d3d1,,True,2024-05-01
bala174@okicici,759307077848141,ICIC0766875,"Bala, Chacko and Sangha Electronics",ICICI Bank,merchant,dev-9d8cdab6a725,,True,2024-05-31
triya175@kotak,61067778658,KKBK0348026,Triya Gopal,Kotak Mahindra Bank,individual,dev-efe00e1936a4,,True,2023-10-28
lad176@okicici,3840812889473750,ICIC0417743,Lad Group Fashion,ICICI Bank,merchant,dev-47eabc77e326,,True,2024-11-19
siddharth177@cnrb,4489269074958,CNRB0166014,Siddharth Sha,Canara Bank,individual,dev-42ec60244b58,,True,2024-08-05
geetika178@pnb,1991353720351,PUNB0815901,Geetika Raghavan,Punjab National Bank,individual,dev-13bd22035778,innocent_bystander,True,2024-06-13
oviya179@oksbi,928212315374,SBIN0442656,Oviya Krishnan,State Bank of India,individual,dev-c61b937844b5,innocent_bystander,True,2025-07-12
upma180@cnrb,47990815969,CNRB0344334,Upma Bahl,Canara Bank,individual,dev-9852915035dd,,True,2024-11-27
inaya181@okaxis,8247605016,UTIB0102547,Inaya Kapur,Axis Bank,individual,dev-45bec9562f1c,,True,2024-06-18
banjeet182@barodampay,41839385428043,BARB0543391,Banjeet Balasubramanian,Bank of Baroda,individual,dev-d5242a41bbb4,gambling_network,True,2026-03-17
ryan183@okaxis,23659703252925,UTIB0122911,Ryan Bahri,Axis Bank,individual,dev-757ee8e85604,,True,2024-06-17
william184@cnrb,84004501770507,CNRB0834073,William Date,Canara Bank,individual,dev-267f8edef7fc,,True,2026-07-06
ishwar185@barodampay,000572187644018,BARB0339023,Ishwar Kamdar,Bank of Baroda,individual,dev-e7e65cb465c6,,True,2025-04-24
kundapillay186@kotak,221917562362600,KKBK0728481,Kunda-Pillay Home Services,Kotak Mahindra Bank,merchant,dev-cdede39d1388,,False,2025-09-03
ishwar187@idfcfirst,4248403755,IDFB0431150,Ishwar Gade,IDFC First Bank,individual,dev-698ef34aba87,,True,2026-05-21
hritik188@ybl,173122117,YESB0824522,Hritik Bal,Yes Bank,individual,dev-6fc70c7f5b0d,,True,2023-10-11
prashadranganathan189@idfcfirst,23932111544,IDFB0832146,Prashad-Ranganathan Grocery,IDFC First Bank,merchant,dev-af9a97942f32,,True,2024-09-30
issac190@okaxis,8835560316,UTIB0069138,"Issac, Borra and Kibe Utilities",Axis Bank,merchant,dev-757c5784f266,,True,2024-10-28
charvi191@oksbi,80030805872457,SBIN0426244,Charvi Dara,State Bank of India,individual,dev-6521f848968f,,True,2023-09-27
idika192@ybl,8902408169672,YESB0827469,Idika Walia,Yes Bank,individual,dev-afb7276be0c0,gambling_network,True,2026-07-05
kamala193@okaxis,72830188265,UTIB0133786,Kamala Biswas,Axis Bank,individual,dev-a7f6b573ecc3,,True,2024-10-28
advik194@kotak,027192037,KKBK0106652,Advik Salvi,Kotak Mahindra Bank,individual,dev-148f6512be96,,True,2023-12-29
hitesh195@pnb,199231513,PUNB0555255,Hitesh Sant,Punjab National Bank,individual,dev-22dca19c43a0,,True,2025-03-23
tripti196@kotak,2557283595,KKBK0681895,Tripti Dua,Kotak Mahindra Bank,individual,dev-56a19be8dfc1,,True,2026-03-21
patrick197@idfcfirst,295108971017,IDFB0765321,Patrick Vig,IDFC First Bank,individual,dev-c3347dd6beb3,,True,2024-12-31
veda198@okhdfcbank,627088785439619,HDFC0059204,Veda Shroff,HDFC Bank,individual,dev-d1d36796ca70,,True,2023-09-30
amrita199@barodampay,0265348500448575,BARB0345279,Amrita Naidu,Bank of Baroda,individual,dev-dc0947a85bf2,,True,2024-09-05
gabriel200@cnrb,0671128598563,CNRB0090408,Gabriel Mallick,Canara Bank,individual,dev-cbac1366c654,,True,2025-12-08
yagnesh201@ybl,5237488073523307,YESB0143007,Yagnesh Shetty,Yes Bank,individual,dev-c65234604c19,,True,2026-01-08
gayathri202@okaxis,1230883878851969,UTIB0959096,Gayathri Balakrishnan,Axis Bank,individual,dev-59e2e92f5885,,True,2025-01-20
ekta203@idfcfirst,5627864106679487,IDFB0277198,Ekta Gopal,IDFC First Bank,individual,dev-2dd359d877b6,innocent_bystander,True,2026-03-11
simon204@oksbi,4648120723831029,SBIN0548614,Simon Pant,State Bank of India,individual,dev-3d5dadfee9d6,,True,2025-02-19
harini205@ybl,94199099826,YESB0538240,Harini Mammen,Yes Bank,individual,dev-6ceec19ead44,,True,2024-08-23
majumdar206@barodampay,7133085350,BARB0436989,"Majumdar, Anne and Varughese Grocery",Bank of Baroda,merchant,dev-b43e038565b2,,True,2026-06-01
frederick207@ybl,3925524167932,YESB0548809,Frederick Khurana,Yes Bank,individual,dev-417a59b1f228,,True,2024-08-31
vrinda208@oksbi,661725663,SBIN0396065,Vrinda Khosla,State Bank of India,individual,dev-a8a3fc79098f,,True,2026-02-27
vritti209@oksbi,56748351626889,SBIN0122289,Vritti Sem,State Bank of India,individual,dev-61685323c346,,True,2026-07-12
girik210@okaxis,06483212404,UTIB0854681,Girik Menon,Axis Bank,individual,dev-f56e85c43476,,True,2023-10-09
ravel211@ybl,034995944865,YESB0456745,Ravel Ltd Home Services,Yes Bank,merchant,dev-909da2b437ca,,True,2024-06-04
mohan212@kotak,0338985437,KKBK0086282,Mohan Ltd Fashion,Kotak Mahindra Bank,merchant,dev-e24a6945d113,,True,2025-12-13
urvashi213@kotak,389932599514753,KKBK0342602,Urvashi Wali,Kotak Mahindra Bank,individual,dev-7ec44b0f209c,,True,2025-03-19
sandalnarayanan214@pnb,6514246228317787,PUNB0991968,Sandal-Narayanan Pharmacy,Punjab National Bank,merchant,dev-169e2a93092a,,True,2026-01-15
sudiksha215@ybl,06180914283704,YESB0911051,Sudiksha Madan,Yes Bank,individual,dev-96874cedabf0,,True,2024-07-22
krishnamurthykashyap216@okaxis,39352145838607,UTIB0574820,Krishnamurthy-Kashyap Utilities,Axis Bank,merchant,dev-d6abac63393a,,True,2024-03-20
reyansh217@okicici,52514786703,ICIC0654250,Reyansh Mutti,ICICI Bank,individual,dev-399ff2ccac98,,True,2024-09-25
qasim218@ybl,32761245193,YESB0381307,Qasim Handa,Yes Bank,individual,dev-280c7f0fbd65,,True,2025-07-15
veda219@okhdfcbank,0939886650378,HDFC0559566,Veda Malhotra,HDFC Bank,individual,dev-9b9ea5b5b60c,,True,2024-01-14
harish220@kotak,8902328108,KKBK0961518,Harish Hari,Kotak Mahindra Bank,individual,dev-6f30f5391f03,,True,2024-08-06
karanpatel221@pnb,8236441278731135,PUNB0892904,Karan-Patel Fuel,Punjab National Bank,merchant,dev-2a9119e6836c,,True,2025-03-17
chasmum222@oksbi,4710527059038,SBIN0533564,Chasmum Atwal,State Bank of India,individual,dev-f958cb2caead,,True,2024-07-17
anusha223@cnrb,7490920758,CNRB0108353,Anusha Bath,Canara Bank,individual,dev-8059ae14433d,gambling_network,True,2024-01-26
brinda224@ybl,55467961530059,YESB0505571,Brinda Date,Yes Bank,individual,dev-e6eafc710675,,True,2025-01-24
harshil225@barodampay,2810276366,BARB0554721,Harshil Arora,Bank of Baroda,individual,dev-9ea998837778,,True,2024-05-23
mane226@okicici,3327626755,ICIC0934957,"Mane, Singh and Srinivas Home Services",ICICI Bank,merchant,dev-c1713174cf81,,True,2023-11-07
oakgour227@kotak,0556835677390460,KKBK0451161,Oak-Gour Utilities,Kotak Mahindra Bank,merchant,dev-8b258a98258b,,True,2024-03-18
zayyan228@okhdfcbank,91002826404045,HDFC0521364,Zayyan Sridhar,HDFC Bank,individual,dev-ad2c54486bee,,True,2025-04-03
dhruv229@pnb,60899997042,PUNB0219993,Dhruv Rattan,Punjab National Bank,individual,dev-6a53a3d42412,,True,2025-10-19
ethan230@ybl,8763696425,YESB0371711,Ethan Bera,Yes Bank,individual,dev-7e307c9c0686,,True,2024-11-22
manthan231@pnb,235825007736324,PUNB0311858,Manthan Modi,Punjab National Bank,individual,dev-0dc7a6d0ec34,account_takeover,True,2024-11-08
yuvraj232@okaxis,17049465235144,UTIB0834911,Yuvraj Dani,Axis Bank,individual,dev-a515b51ffab6,,True,2024-12-06
upkaar233@kotak,840042918,KKBK0216794,Upkaar Virk,Kotak Mahindra Bank,individual,dev-ac1f911e483c,,True,2024-03-19
shravya234@pnb,0353345324,PUNB0024229,Shravya Savant,Punjab National Bank,individual,dev-5924197ed66b,account_takeover,True,2023-07-18
sanghvimody235@okhdfcbank,6659703942865413,HDFC0437477,Sanghvi-Mody Electronics,HDFC Bank,merchant,dev-78f665ee4d4e,,True,2026-03-11
hardik236@okhdfcbank,50493567815516,HDFC0118153,Hardik Johal,HDFC Bank,individual,dev-a09fcc741131,,True,2025-07-16
aishani237@okhdfcbank,795081166,HDFC0059990,Aishani Bumb,HDFC Bank,individual,dev-c217562bf479,,True,2026-03-04
wriddhish238@kotak,5529578967473,KKBK0711782,Wriddhish Ghose,Kotak Mahindra Bank,individual,dev-7ca3fc15bb29,gambling_network,False,2024-08-20
naksh239@okicici,9162741357,ICIC0021027,Naksh Agate,ICICI Bank,individual,dev-2b652bf51f47,,True,2026-01-15
shravya240@ybl,7513615032,YESB0681085,Shravya Singhal,Yes Bank,individual,dev-0738fde99fc9,,True,2024-02-07
balikata241@cnrb,5338215912416212,CNRB0930594,Bali-Kata Utilities,Canara Bank,merchant,dev-064a55ef842c,,True,2025-04-26
barkha242@barodampay,8168270761072,BARB0497445,Barkha Setty,Bank of Baroda,individual,dev-8c818a0fab9b,innocent_bystander,True,2025-09-02
vivaan243@pnb,139585048612897,PUNB0098079,Vivaan Lalla,Punjab National Bank,individual,dev-9396839e32d6,,True,2025-05-09
pavani244@okicici,765513077223,ICIC0889301,Pavani Contractor,ICICI Bank,individual,dev-dd10107dae37,,True,2025-10-11
manthan245@ybl,0534233375,YESB0474242,Manthan Lata,Yes Bank,individual,dev-a5edda1ca866,,True,2025-09-01
bora246@okaxis,634730323219177,UTIB0617785,Bora Inc Food & Dining,Axis Bank,merchant,dev-1f3555e9d6b1,,True,2026-02-02
damyanti247@ybl,74437291436697,YESB0248674,Damyanti Mani,Yes Bank,individual,dev-307de7349d75,gambling_network,True,2024-09-05
jeet248@oksbi,446118252258412,SBIN0164573,Jeet Sidhu,State Bank of India,individual,dev-dacaffe1e1b6,,True,2025-11-20
neha249@okaxis,0430590857,UTIB0096549,Neha Magar,Axis Bank,individual,dev-09ce7cde3933,,True,2025-06-29
raksha250@idfcfirst,2221263787539,IDFB0205259,Raksha Buch,IDFC First Bank,individual,dev-3411ea760d0f,,True,2023-10-20
rachana251@okaxis,8391490203,UTIB0390276,Rachana Naidu,Axis Bank,individual,dev-019e6f9efdc7,,True,2026-03-01
atharv252@okicici,72606537641092,ICIC0301793,Atharv Chand,ICICI Bank,individual,dev-da575aae3ce7,,True,2024-02-16
ansh253@oksbi,1768292619,SBIN0332377,Ansh Luthra,State Bank of India,individual,dev-67326fcd96de,,True,2024-11-22
parth254@barodampay,16679142950,BARB0692147,Parth Singhal,Bank of Baroda,individual,dev-6445ff0a7f2c,innocent_bystander,True,2024-02-13
arunima255@cnrb,030351490,CNRB0063663,Arunima Golla,Canara Bank,individual,dev-6b80704518cc,,True,2025-03-24
vyanjana256@oksbi,13015338131,SBIN0482847,Vyanjana Chand,State Bank of India,individual,dev-df85ed5405ac,,True,2025-09-04
ijaya257@oksbi,19910706062,SBIN0096190,Ijaya Rege,State Bank of India,individual,dev-81b10d112b79,,True,2024-12-08
ekani258@okicici,7594630187,ICIC0364678,Ekani Cheema,ICICI Bank,individual,dev-c0a5a4b26bf9,,True,2026-07-02
forum259@cnrb,100909718115221,CNRB0607679,Forum Sabharwal,Canara Bank,individual,dev-2b05e006b529,,True,2024-04-24
bhavya260@pnb,505159573989,PUNB0741596,Bhavya Rattan,Punjab National Bank,individual,dev-34983ea68582,,True,2025-10-26
bansal261@idfcfirst,0631797956187236,IDFB0012993,"Bansal, Sha and Chakrabarti Food & Dining",IDFC First Bank,merchant,dev-39bc62d1e4a7,,True,2023-09-23
zayyan262@pnb,61178964126,PUNB0346102,Zayyan Naik,Punjab National Bank,individual,dev-3d6bc77b7c3f,,True,2025-12-22
netra263@kotak,014922237,KKBK0322080,Netra Varkey,Kotak Mahindra Bank,individual,dev-a96a56a8bdbd,,True,2024-08-21
turvi264@cnrb,5232868341955429,CNRB0488975,Turvi Sachdev,Canara Bank,individual,dev-59d6bdacd52a,,True,2024-06-09
guha265@ybl,0016200483024,YESB0188778,Guha PLC Food & Dining,Yes Bank,merchant,dev-1e907dfa2bec,,True,2024-05-12
tarasathe266@idfcfirst,6757581445139,IDFB0105257,Tara-Sathe Travel,IDFC First Bank,merchant,dev-3e7da3a20bdc,,True,2024-06-23
samar267@okhdfcbank,606140014436775,HDFC0545556,Samar Loke,HDFC Bank,individual,dev-0e41d77d434a,gambling_network,True,2023-10-28
bhavna268@kotak,101943428907,KKBK0335600,Bhavna Sarma,Kotak Mahindra Bank,individual,dev-4108200cf7f9,innocent_bystander,True,2026-05-30
jairaj269@oksbi,895576424,SBIN0063972,Jairaj Balakrishnan,State Bank of India,individual,dev-5a4b44312e35,,True,2024-07-02
khatri270@cnrb,771856289,CNRB0406502,"Khatri, Dutt and Mukhopadhyay Food & Dining",Canara Bank,merchant,dev-7498ac179b20,,True,2024-07-09
nikita271@oksbi,00243133558829,SBIN0520770,Nikita Chander,State Bank of India,individual,dev-d4a40b30b258,,True,2026-05-16
ishaan272@okhdfcbank,687158733805,HDFC0116099,Ishaan Shenoy,HDFC Bank,individual,dev-ffb903e571b9,,True,2023-11-07
mitesh273@okicici,4561683132585136,ICIC0330317,Mitesh Tara,ICICI Bank,individual,dev-adb71d9619ef,,True,2024-08-10
manne274@okaxis,8801357460695429,UTIB0033203,"Manne, Upadhyay and Mahajan Fuel",Axis Bank,merchant,dev-5d0c6849fd5e,,True,2023-07-19
vasudha275@ybl,9599541281,YESB0397058,Vasudha Sodhi,Yes Bank,individual,dev-49a6d9b23f66,,True,2025-02-03
tanmayi276@idfcfirst,7106468058454908,IDFB0816383,Tanmayi Dhillon,IDFC First Bank,individual,dev-578200d0c3a7,innocent_bystander,True,2026-02-17
rayaan277@pnb,915550426,PUNB0232080,Rayaan Trivedi,Punjab National Bank,individual,dev-97935f6f1e63,,True,2025-09-16
deshpande278@oksbi,261431356088694,SBIN0821613,"Deshpande, Boase and Majumdar Home Services",State Bank of India,merchant,dev-8b2f2ebac9d7,,True,2024-05-22
harini279@kotak,5934340553,KKBK0264033,Harini Tripathi,Kotak Mahindra Bank,individual,dev-ab89f8c2707f,,True,2024-04-13
aarnav280@okhdfcbank,667239806,HDFC0812739,Aarnav Mandal,HDFC Bank,individual,dev-aa7f2a8f39f1,innocent_bystander,True,2026-03-06
vrishti281@oksbi,190007244730327,SBIN0751323,Vrishti Dixit,State Bank of India,individual,dev-748b8a171069,gambling_network,True,2025-06-11
veda282@kotak,454754435648849,KKBK0173041,Veda Pai,Kotak Mahindra Bank,individual,dev-2ac79eee8a24,account_takeover,True,2024-06-21
krishna283@pnb,561726377264259,PUNB0002477,Krishna Shah,Punjab National Bank,individual,dev-ebd5f5f4e55b,,True,2023-10-13
gulatikhare284@pnb,33489495306697,PUNB0029674,Gulati-Khare Home Services,Punjab National Bank,merchant,dev-52142e91f6ba,,True,2024-03-26
vivaan285@kotak,67192949879,KKBK0609429,Vivaan Roy,Kotak Mahindra Bank,individual,dev-6b4a49d96960,,True,2024-12-06
eesha286@pnb,153759461913894,PUNB0484721,Eesha Solanki,Punjab National Bank,individual,dev-ad12790c026f,,True,2025-02-06
libni287@oksbi,62758123387558,SBIN0446794,Libni Doshi,State Bank of India,individual,dev-10d7a939c3d1,gambling_network,True,2025-06-03
balhaar288@okaxis,2848652315220794,UTIB0536032,Balhaar Date,Axis Bank,individual,dev-37fe03edcf87,,True,2026-06-19
harish289@barodampay,8129387804582,BARB0306774,Harish Sarraf,Bank of Baroda,individual,dev-2cf80d2e2c09,,True,2025-05-09
tanmayi290@ybl,3184277100767,YESB0626406,Tanmayi Aurora,Yes Bank,individual,dev-1fbbd5669736,,True,2024-11-16
nimrat291@cnrb,773248032840,CNRB0261786,Nimrat Dubey,Canara Bank,individual,dev-0a9f5d0b400a,,True,2026-07-08
upasna292@idfcfirst,6221059249705122,IDFB0612477,Upasna Lanka,IDFC First Bank,individual,dev-b9d3ee32b74e,,True,2024-06-21
mitali293@okicici,9656433183295,ICIC0621811,Mitali Buch,ICICI Bank,individual,dev-7e81d53efef7,,True,2025-02-03
lajita294@kotak,826961121795574,KKBK0472457,Lajita Nadig,Kotak Mahindra Bank,individual,dev-8a11ca96e013,,True,2025-07-18
balendra295@oksbi,627018614067232,SBIN0389334,Balendra Biswas,State Bank of India,individual,dev-6e5eb64547d2,,True,2024-04-30
bhavna296@idfcfirst,2738051846850,IDFB0220721,Bhavna Karan,IDFC First Bank,individual,dev-7ed9713659e8,,True,2024-03-03
radha297@idfcfirst,3231931583,IDFB0845241,Radha Chaudhari,IDFC First Bank,individual,dev-6bff5e9c0b90,,True,2024-09-18
sachi298@okicici,9522800701947401,ICIC0761099,Sachi Ganesan,ICICI Bank,individual,dev-8ac73418faca,,True,2025-11-22
ayush299@okaxis,266075279422,UTIB0592603,Ayush Batra,Axis Bank,individual,dev-865f210cdc03,innocent_bystander,True,2024-08-03
daksh300@oksbi,9650016326,SBIN0815366,Daksh Memon,State Bank of India,individual,dev-e89a64703519,,True,2023-10-21
kavya301@cnrb,8888374889541655,CNRB0676324,Kavya Sankar,Canara Bank,individual,dev-5b8fddd90d5f,innocent_bystander,True,2026-05-31
yash302@kotak,5717592945659179,KKBK0220118,Yash Wali,Kotak Mahindra Bank,individual,dev-0ed34841a458,,True,2026-02-08
pranit303@cnrb,0885001722,CNRB0861098,Pranit Garde,Canara Bank,individual,dev-08685be02278,,True,2025-06-23
brar304@okaxis,7643342220,UTIB0927847,Brar PLC Utilities,Axis Bank,merchant,dev-a1a48e3c5d97,,True,2025-01-27
wridesh305@kotak,047852326266939,KKBK0400716,Wridesh Tank,Kotak Mahindra Bank,individual,dev-bb4a41aed4e7,gambling_network,True,2023-10-21
vincent306@ybl,87196048294235,YESB0688130,Vincent Shenoy,Yes Bank,individual,dev-dd1d88eda5ab,,True,2025-01-14
tripti307@idfcfirst,63008115165647,IDFB0644754,Tripti Kumer,IDFC First Bank,individual,dev-fae14f6a1ce3,,False,2025-05-27
udyati308@okicici,20014676692,ICIC0798168,Udyati Mani,ICICI Bank,individual,dev-95cad6ef0177,,True,2023-10-09
ethan309@okicici,39402168867,ICIC0417290,Ethan Sathe,ICICI Bank,individual,dev-815cb4a074b3,innocent_bystander,True,2023-09-22
chandani310@pnb,1389666446745,PUNB0470182,Chandani Samra,Punjab National Bank,individual,dev-f36417491bb5,,True,2024-08-22
tanmayi311@idfcfirst,236865606098,IDFB0508344,Tanmayi Mittal,IDFC First Bank,individual,dev-78c5c35ffb43,,True,2023-08-29
leena312@oksbi,2938346223814,SBIN0672116,Leena Subramanian,State Bank of India,individual,dev-026accb41347,,True,2024-05-22
khalsa313@oksbi,9532502166,SBIN0467042,Khalsa Group Home Services,State Bank of India,merchant,dev-b4f3d823667e,,True,2025-07-26
parmer314@ybl,2019108437594784,YESB0284281,"Parmer, Merchant and Merchant Electronics",Yes Bank,merchant,dev-910875f9ba28,,True,2025-04-14
meghana315@oksbi,5186457589967304,SBIN0871710,Meghana Maharaj,State Bank of India,individual,dev-75c82c2219d4,gambling_network,True,2026-01-12
chandran316@okhdfcbank,13560848556815,HDFC0029954,Chandran Taneja,HDFC Bank,individual,dev-cecd7a79627c,,True,2025-10-25
victor317@ybl,95367442881,YESB0346000,Victor Pandey,Yes Bank,individual,dev-07639e451c05,,True,2024-01-28
ranveer318@okicici,109657525,ICIC0703211,Ranveer Krishna,ICICI Bank,individual,dev-a4ed3809b1ca,,True,2025-02-24
gunbir319@kotak,70309181368128,KKBK0321964,Gunbir Baral,Kotak Mahindra Bank,individual,dev-e9dfb235867f,,True,2024-05-29
ridhi320@oksbi,697710052919,SBIN0667639,Ridhi Bandi,State Bank of India,individual,dev-b6fa221bafcc,,True,2023-11-19
patla321@okaxis,3304461140169519,UTIB0521887,"Patla, Deep and Chana Electronics",Axis Bank,merchant,dev-e31e83b71345,,True,2025-08-16
eta322@idfcfirst,49630540522032,IDFB0071834,Eta Sagar,IDFC First Bank,individual,dev-20f22d6fae82,,True,2023-09-15
sai323@kotak,4708302206084,KKBK0718239,Sai Deo,Kotak Mahindra Bank,individual,dev-851ef456de45,,True,2026-07-12
yachana324@okhdfcbank,355104714126229,HDFC0172367,Yachana Mahajan,HDFC Bank,individual,dev-181e7530c34a,,True,2026-05-17
aarini325@okicici,490378291434977,ICIC0253999,Aarini Subramaniam,ICICI Bank,individual,dev-7f8867f2aa66,,True,2025-03-08
hamsini326@barodampay,1376258103638853,BARB0041716,Hamsini Contractor,Bank of Baroda,individual,dev-987151d2ff3b,account_takeover,True,2025-06-25
borradhaliwal327@kotak,2623233074916,KKBK0179187,Borra-Dhaliwal Utilities,Kotak Mahindra Bank,merchant,dev-b716138c6d53,,True,2026-04-25
mekhala328@kotak,13484977714,KKBK0586136,Mekhala Pau,Kotak Mahindra Bank,individual,dev-90a95e35732d,innocent_bystander,True,2024-02-04
megha329@cnrb,1734664910084464,CNRB0573984,Megha Atwal,Canara Bank,individual,dev-fcdbf60e076d,innocent_bystander,True,2025-08-16
jatin330@okaxis,345892506,UTIB0152902,Jatin Sha,Axis Bank,individual,dev-bb3fc01289e1,,True,2024-05-12
adweta331@okhdfcbank,122325163659425,HDFC0658758,Adweta Raj,HDFC Bank,individual,dev-9f07727015ff,,True,2025-04-06
hritik332@barodampay,759453368,BARB0890669,Hritik Kaur,Bank of Baroda,individual,dev-97d253c5c3fc,innocent_bystander,True,2023-10-29
aryan333@pnb,9354795758434,PUNB0996505,Aryan Narang,Punjab National Bank,individual,dev-c769879c1a8a,,True,2026-02-22
dev334@pnb,77604151530150,PUNB0855970,Dev Shetty,Punjab National Bank,individual,dev-70e139c249fb,,True,2025-12-08
nilima335@oksbi,354420006,SBIN0785978,Nilima Dada,State Bank of India,individual,dev-2ce9616f48b2,,True,2025-02-15
chakradev336@kotak,750049006422,KKBK0665006,Chakradev Barad,Kotak Mahindra Bank,individual,dev-f29916869afe,,True,2024-07-12
waida337@okicici,70943564892739,ICIC0253316,Waida D’Alia,ICICI Bank,individual,dev-de0e894b5855,,True,2024-01-12
wahab338@cnrb,6817718634499861,CNRB0914823,Wahab Yogi,Canara Bank,individual,dev-ad4b482268f1,,True,2025-03-18
rama339@oksbi,8929591086181,SBIN0682298,Rama Group Fuel,State Bank of India,merchant,dev-2e327e349bba,,True,2025-09-17
oni340@ybl,21605472762304,YESB0260600,Oni Dubey,Yes Bank,individual,dev-3c590d1d5e6b,,True,2023-08-17
hardik341@pnb,264130734,PUNB0152813,Hardik Suri,Punjab National Bank,individual,dev-028fffd21cce,,True,2024-07-21
ati342@ybl,279604737705,YESB0171869,Ati Bali,Yes Bank,individual,dev-b97d8c7cd4eb,,True,2024-01-26
teerth343@barodampay,8144557424830916,BARB0800199,Teerth Sawhney,Bank of Baroda,individual,dev-496343468429,,True,2025-07-04
warinder344@kotak,08054599259784,KKBK0283135,Warinder Patil,Kotak Mahindra Bank,individual,dev-ca6bba822282,,True,2025-02-17
jhalak345@okaxis,7075944187802,UTIB0876976,Jhalak Parmer,Axis Bank,individual,dev-c8ddc40a6eb2,,True,2024-10-22
mitali346@kotak,93167108919992,KKBK0578784,Mitali Majumdar,Kotak Mahindra Bank,individual,dev-130c89fe4ea0,,True,2025-04-20
das347@barodampay,8442415952684,BARB0250325,Das Group Electronics,Bank of Baroda,merchant,dev-e892bfb6cee0,,True,2023-10-07
kala348@idfcfirst,3790605872,IDFB0258589,Kala Ltd Electronics,IDFC First Bank,merchant,dev-015994c88d62,,False,2023-12-01
chandresh349@kotak,873589506,KKBK0680018,Chandresh Nath,Kotak Mahindra Bank,individual,dev-5f13150f443b,,True,2026-05-06
dass350@okicici,9916930840,ICIC0840251,Dass PLC Grocery,ICICI Bank,merchant,dev-3cccc9ad28e9,,False,2025-10-06
biswas351@cnrb,016502573997487,CNRB0519586,Biswas PLC Pharmacy,Canara Bank,merchant,dev-1a9a9b71bfe0,,True,2025-04-15
kalita352@barodampay,268953646,BARB0741690,Kalita and Sons Fashion,Bank of Baroda,merchant,dev-8a2ed5b57ac3,,True,2025-04-19
manbir353@ybl,1347541740281,YESB0406145,Manbir Agate,Yes Bank,individual,dev-1e2e15830021,,True,2026-06-23
maanav354@okhdfcbank,78209573222418,HDFC0511227,Maanav De,HDFC Bank,individual,dev-609b4fea3f85,innocent_bystander,True,2024-10-25
owen355@okaxis,1725260354614,UTIB0756515,Owen Choudhary,Axis Bank,individual,dev-a0e26655e6e4,,True,2023-12-25
karan356@cnrb,2749559433871,CNRB0492489,Karan Aurora,Canara Bank,individual,dev-ef3c0c5f1e2a,,True,2025-10-12
wazir357@oksbi,95902065236,SBIN0180311,Wazir Naik,State Bank of India,individual,dev-390fba83077e,,True,2025-06-03
owen358@okicici,1122093898813,ICIC0746185,Owen Lanka,ICICI Bank,individual,dev-ffd46993d2e3,,True,2024-09-04
jonathan359@pnb,40231869519,PUNB0458058,Jonathan Sama,Punjab National Bank,individual,dev-89f936afe414,,True,2024-06-20
devansh360@cnrb,9668635236165,CNRB0308384,Devansh Soni,Canara Bank,individual,dev-a247810b574d,,True,2023-08-08
janaki361@ybl,61815136998,YESB0235475,Janaki Varghese,Yes Bank,individual,dev-a90cf017af8a,,True,2024-08-12
siya362@oksbi,635826849,SBIN0448307,Siya Thakur,State Bank of India,individual,dev-15e08d757daf,,True,2023-08-30
caleb363@barodampay,371172759588297,BARB0107210,Caleb Verma,Bank of Baroda,individual,dev-3cb88b0153b1,,True,2024-09-26
tara364@oksbi,740647674,SBIN0007938,Tara Balasubramanian,State Bank of India,individual,dev-aef77121eb8d,,True,2025-01-08
varenya365@okaxis,757588915123648,UTIB0298542,Varenya Ratti,Axis Bank,individual,dev-84c1029e873a,,True,2024-09-10
chokshiswaminathan366@pnb,470507968295676,PUNB0317120,Chokshi-Swaminathan Fuel,Punjab National Bank,merchant,dev-1fb1869cbdc8,,True,2026-06-01
ethan367@okhdfcbank,871139010496,HDFC0493471,Ethan Buch,HDFC Bank,individual,dev-4641f7245e4b,,True,2023-10-23
manbir368@okicici,220462046321,ICIC0746104,Manbir Bhatti,ICICI Bank,individual,dev-849b8fdcd258,,True,2024-04-18
maharaj369@okaxis,0288015697206595,UTIB0501240,Maharaj PLC Utilities,Axis Bank,merchant,dev-086fae4d43b5,,True,2025-06-25
lakshmi370@ybl,389084506667987,YESB0981262,Lakshmi Wali,Yes Bank,individual,dev-38e2aeaced38,innocent_bystander,True,2024-11-06
sudiksha371@kotak,8828497024,KKBK0211339,Sudiksha Tiwari,Kotak Mahindra Bank,individual,dev-cbfae6215002,,True,2026-04-12
hardik372@idfcfirst,639693636739,IDFB0857158,Hardik Contractor,IDFC First Bank,individual,dev-a0cffde4b6a1,,True,2024-07-14
qushi373@okhdfcbank,674835251,HDFC0476167,Qushi Seth,HDFC Bank,individual,dev-1e1ca08c5e95,,True,2026-02-18
odika374@kotak,9851662883411232,KKBK0151634,Odika Nori,Kotak Mahindra Bank,individual,dev-a1a17b72b8e3,gambling_network,True,2025-06-25
mohini375@okaxis,061192521,UTIB0000926,Mohini Sagar,Axis Bank,individual,dev-07ce1b04e8d7,,True,2026-06-03
dhriti376@pnb,2738428584,PUNB0126241,Dhriti Sane,Punjab National Bank,individual,dev-f06358ae35e1,innocent_bystander,True,2026-07-11
aadhya377@kotak,5412689441045146,KKBK0810898,Aadhya Prasad,Kotak Mahindra Bank,individual,dev-9db540f095d0,,True,2026-03-09
urvi378@barodampay,0820661014170787,BARB0944115,Urvi Bhavsar,Bank of Baroda,individual,dev-4e7071f07f6e,,True,2024-01-05
frederick379@cnrb,224487704,CNRB0729598,Frederick Chander,Canara Bank,individual,dev-a5ab9b3e0d13,,True,2026-07-13
gopal380@cnrb,14258749947383,CNRB0258280,Gopal Pradhan,Canara Bank,individual,dev-d68d4622d618,,True,2024-09-08
darpan381@okicici,4742264945,ICIC0063904,Darpan Narayan,ICICI Bank,individual,dev-86649c31e686,,True,2024-11-08
nirja382@okaxis,1572967073,UTIB0710143,Nirja Pandya,Axis Bank,individual,dev-2516e5cd5f24,innocent_bystander,True,2024-07-30
charan383@okicici,13628937761,ICIC0049534,Charan Mani,ICICI Bank,individual,dev-228fe358f7a5,,True,2024-01-09
indira384@oksbi,25020545638,SBIN0918250,Indira Chawla,State Bank of India,individual,dev-44ad5d1cc31d,,True,2024-03-20
mohammed385@okhdfcbank,254469409935,HDFC0862588,Mohammed Subramaniam,HDFC Bank,individual,dev-e32cf680d3cf,,True,2024-02-15
hritik386@idfcfirst,05725706236,IDFB0004400,Hritik Palla,IDFC First Bank,individual,dev-7d694c046b24,,False,2025-07-27
pillai387@kotak,765369992,KKBK0585309,"Pillai, Contractor and Mallick Fuel",Kotak Mahindra Bank,merchant,dev-3e82d66501d9,,True,2024-12-11
pushti388@cnrb,6448072995,CNRB0315831,Pushti Bal,Canara Bank,individual,dev-a1c8b13b97cc,,True,2025-10-15
ayush389@barodampay,4124034489704,BARB0729910,Ayush Gole,Bank of Baroda,individual,dev-2e6f3e98d656,,True,2026-01-25
dayamai390@kotak,39640022759595,KKBK0358181,Dayamai Nori,Kotak Mahindra Bank,individual,dev-e5e2ecb6669c,,True,2024-02-27
abeer391@okicici,819487791502,ICIC0040587,Abeer Golla,ICICI Bank,individual,dev-fc89aaaea20e,,True,2026-06-25
nandini392@cnrb,818108446,CNRB0274931,Nandini Boase,Canara Bank,individual,dev-ec06d8b0e6dd,account_takeover,True,2026-03-13
azaan393@pnb,177023708318,PUNB0086745,Azaan Chand,Punjab National Bank,individual,dev-7c042c217b33,,True,2023-12-15
krisha394@barodampay,518229786915232,BARB0205037,Krisha Saini,Bank of Baroda,individual,dev-ec7c4971f90c,,True,2023-08-11
harita395@barodampay,75257256338351,BARB0925978,Harita Dugar,Bank of Baroda,individual,dev-e054ca98762c,,True,2025-02-07
devika396@barodampay,168369329244526,BARB0691993,Devika Nair,Bank of Baroda,individual,dev-34cf573346cb,,True,2023-12-03
charles397@barodampay,46281881795385,BARB0121690,Charles Dugal,Bank of Baroda,individual,dev-576ed03f2b9e,,True,2026-03-17
bawa398@okicici,830837165914,ICIC0989941,Bawa Ltd Pharmacy,ICICI Bank,merchant,dev-a77dc1636f76,,True,2023-08-29
anita399@okhdfcbank,826437325786,HDFC0661984,Anita Savant,HDFC Bank,individual,dev-39b39dc9e049,,True,2025-07-10
vedika400@okicici,96513830256,ICIC0983820,Vedika Sathe,ICICI Bank,individual,dev-db2311efb0b1,innocent_bystander,True,2025-11-18
anjali401@kotak,65227628962924,KKBK0858673,Anjali Kale,Kotak Mahindra Bank,individual,dev-cb354b854a52,,True,2025-11-21
hemani402@okicici,452223003,ICIC0019903,Hemani Sani,ICICI Bank,individual,dev-4cde7851e8a8,,True,2024-01-06
bhanumati403@oksbi,689544045,SBIN0208279,Bhanumati Sur,State Bank of India,individual,dev-5d7f98c44d77,,True,2025-12-19
chakradev404@cnrb,123136651292140,CNRB0342653,Chakradev Kannan,Canara Bank,individual,dev-17afddda02b4,,True,2024-03-18
christopher405@cnrb,9493563256,CNRB0261423,Christopher Amble,Canara Bank,individual,dev-5e0951c4b067,,True,2024-06-29
charvi406@okhdfcbank,878422650297710,HDFC0291263,Charvi Kakar,HDFC Bank,individual,dev-9b5f5cdb28eb,,True,2025-07-02
aadhya407@idfcfirst,85846363674,IDFB0429234,Aadhya Mann,IDFC First Bank,individual,dev-f48975525ee1,,True,2024-11-07
daramble408@pnb,536213871589712,PUNB0218608,Dar-Amble Home Services,Punjab National Bank,merchant,dev-702b9726842e,,True,2026-02-04
qushi409@okaxis,8891698284457158,UTIB0548503,Qushi Gill,Axis Bank,individual,dev-83ca514697a7,,True,2023-12-29
lajita410@pnb,719341292,PUNB0512954,Lajita Walia,Punjab National Bank,individual,dev-b3fe3cfbf19e,,True,2025-01-24
xiti411@okicici,324955962344,ICIC0149511,Xiti Pandya,ICICI Bank,individual,dev-ee11181bba8c,,True,2025-01-18
mekhala412@kotak,08904579479,KKBK0830297,Mekhala Basak,Kotak Mahindra Bank,individual,dev-8a435c4a4610,,True,2025-04-14
anirudh413@kotak,96689825826,KKBK0022800,Anirudh Sharaf,Kotak Mahindra Bank,individual,dev-aedf98e00d88,,True,2024-11-22
dhriti414@ybl,5683146773901,YESB0024770,Dhriti Sanghvi,Yes Bank,individual,dev-8c0028ed614a,,True,2024-01-13
ravel415@barodampay,3142575506412,BARB0780743,"Ravel, Sahni and Mann Fuel",Bank of Baroda,merchant,dev-5487acea3425,,True,2025-01-21
nidhi416@idfcfirst,3895502082,IDFB0340634,Nidhi Bail,IDFC First Bank,individual,dev-c3dbbfd7522f,,True,2025-07-08
onveer417@barodampay,3808745872061094,BARB0650846,Onveer Sharma,Bank of Baroda,individual,dev-960ea337e6e4,,False,2025-10-10
gaurang418@oksbi,0399495184663,SBIN0733490,Gaurang Sarkar,State Bank of India,individual,dev-d8af5580c790,account_takeover,True,2025-02-13
kohli419@ybl,78907180216005,YESB0971664,Kohli Group Food & Dining,Yes Bank,merchant,dev-ba9c3f877865,,True,2025-06-18
rattan420@barodampay,830754835,BARB0744900,"Rattan, Viswanathan and Brar Food & Dining",Bank of Baroda,merchant,dev-2c33c19b7ac3,,True,2025-07-24
dayita421@barodampay,6423772592618124,BARB0370656,Dayita Nori,Bank of Baroda,individual,dev-e6458d2b10b6,,True,2023-11-24
gauri422@oksbi,848219793,SBIN0404743,Gauri Ganguly,State Bank of India,individual,dev-d7d9c493a011,,True,2024-01-02
uppal423@okaxis,358041447,UTIB0442282,Uppal Ltd Food & Dining,Axis Bank,merchant,dev-63d77def8408,,False,2023-10-02
yashvi424@oksbi,924347756,SBIN0727526,Yashvi Hari,State Bank of India,individual,dev-afcf232fb394,account_takeover,True,2024-03-31
indali425@okhdfcbank,1392948605,HDFC0416931,Indali Divan,HDFC Bank,individual,dev-42a89233a5f8,,True,2024-05-11
harshil426@okhdfcbank,084758963,HDFC0422905,Harshil Dhingra,HDFC Bank,individual,dev-1cc94dd381f3,,True,2025-07-04
rudra427@okaxis,883207388191449,UTIB0657308,Rudra Ghose,Axis Bank,individual,dev-e2d80fe0ce6f,,True,2025-04-18
faqid428@ybl,977157793399139,YESB0199723,Faqid Goel,Yes Bank,individual,dev-a5787dc854ca,,True,2026-06-30
ucchal429@ybl,36458369795296,YESB0241410,Ucchal Sen,Yes Bank,individual,dev-b45133517583,,True,2024-06-17
diya430@oksbi,3103609529192,SBIN0379730,Diya Dora,State Bank of India,individual,dev-4f07e86c01a5,gambling_network,True,2025-05-19
ekansh431@okicici,50090473407,ICIC0634183,Ekansh Singh,ICICI Bank,individual,dev-5b0306dac6a1,,True,2025-08-15
mittermaharaj432@pnb,7413572722414,PUNB0357810,Mitter-Maharaj Electronics,Punjab National Bank,merchant,dev-acd0b047a4f1,,True,2026-04-22
indira433@okicici,360687582306777,ICIC0127383,Indira Tripathi,ICICI Bank,individual,dev-24af8aaa8a90,,True,2026-01-11
dayita434@okicici,79296534632846,ICIC0031189,Dayita Shenoy,ICICI Bank,individual,dev-e1b4c713e3d2,,True,2025-02-17
baljiwan435@okhdfcbank,3708035149805506,HDFC0521000,Baljiwan Bhandari,HDFC Bank,individual,dev-0ebf89aecd17,,True,2024-10-27
bhavini436@okicici,869791220760114,ICIC0455530,Bhavini Bose,ICICI Bank,individual,dev-4f64fb492367,,True,2025-04-19
yashica437@ybl,464332336,YESB0096004,Yashica Rajagopalan,Yes Bank,individual,dev-a333740a745b,,True,2026-06-23
benjamin438@barodampay,3753117258,BARB0897835,Benjamin Sengupta,Bank of Baroda,individual,dev-a3a08444b4fa,,True,2025-09-30
ekanta439@cnrb,30194103939477,CNRB0028163,Ekanta Soni,Canara Bank,individual,dev-f0218f016440,,True,2025-08-22
david440@idfcfirst,160304863437205,IDFB0829986,David Seshadri,IDFC First Bank,individual,dev-8ea9257ae9b4,,True,2024-06-05
hemal441@oksbi,8072942284,SBIN0352040,Hemal Chad,State Bank of India,individual,dev-d0bf54bcd1f4,,True,2023-12-05
gera442@oksbi,99651106411066,SBIN0631635,"Gera, Baral and Kota Fashion",State Bank of India,merchant,dev-f77f561c2c72,,True,2025-01-29
sarma443@okhdfcbank,5603660697296019,HDFC0209596,"Sarma, Sarna and Viswanathan Food & Dining",HDFC Bank,merchant,dev-0840c518aa6f,,True,2025-12-20
januja444@cnrb,393082978816,CNRB0412104,Januja Pradhan,Canara Bank,individual,dev-bc8af7a07a54,,True,2023-08-14
lila445@ybl,832993320528,YESB0171204,Lila Rege,Yes Bank,individual,dev-6a44a1a27c69,,True,2024-04-01
charles446@okaxis,144871541,UTIB0665913,Charles Natt,Axis Bank,individual,dev-eb18858909a2,account_takeover,True,2026-03-01
narayan447@kotak,141656422244,KKBK0673521,Narayan Inc Electronics,Kotak Mahindra Bank,merchant,dev-455a6c0daa86,,True,2026-06-26
bhanumati448@okhdfcbank,8734885834837422,HDFC0606678,Bhanumati Krishnan,HDFC Bank,individual,dev-92f7ca7a915b,innocent_bystander,False,2024-02-19
gauri449@barodampay,505520976761,BARB0454792,Gauri Bumb,Bank of Baroda,individual,dev-23dd7fe3e448,,True,2025-03-10
inaya450@barodampay,88353362129,BARB0259323,Inaya Mukherjee,Bank of Baroda,individual,dev-0910255dad31,,True,2024-01-26
kai451@okhdfcbank,8171580180,HDFC0685126,Kai Chad,HDFC Bank,individual,dev-7cd150807703,account_takeover,True,2025-10-22
purinarasimhan452@ybl,8774653539,YESB0716958,Puri-Narasimhan Grocery,Yes Bank,merchant,dev-e0102ebdf280,,True,2026-06-27
girik453@oksbi,6446725509526690,SBIN0413721,Girik Sampath,State Bank of India,individual,dev-65ac1e2e0150,,True,2024-06-03
andrew454@kotak,955450045542,KKBK0709043,Andrew Patil,Kotak Mahindra Bank,individual,dev-dd5ece9ae760,innocent_bystander,True,2023-09-28
pranit455@idfcfirst,214089690642356,IDFB0164009,Pranit Kala,IDFC First Bank,individual,dev-fd0f549de6d9,innocent_bystander,True,2025-06-30
vedika456@oksbi,632471941081465,SBIN0262572,Vedika Handa,State Bank of India,individual,dev-672da11b91b1,,True,2025-05-24
laksh457@okhdfcbank,70326827580942,HDFC0182727,Laksh Dubey,HDFC Bank,individual,dev-432223fce644,,True,2024-09-18
chakrika458@okhdfcbank,2797711777450251,HDFC0130046,Chakrika Chaudhuri,HDFC Bank,individual,dev-3b25930b5141,,True,2024-08-14
gayathri459@pnb,89658636525695,PUNB0164915,Gayathri Deep,Punjab National Bank,individual,dev-b54fd6fc48ca,,True,2026-03-20
mitesh460@ybl,175848070619718,YESB0251941,Mitesh Gaba,Yes Bank,individual,dev-cd1eaf8b0d88,,True,2026-02-21
noah461@okhdfcbank,11596850380080,HDFC0959444,Noah Sarma,HDFC Bank,individual,dev-1bab33c21300,,True,2024-01-13
nirja462@pnb,665785399661415,PUNB0826245,Nirja Patla,Punjab National Bank,individual,dev-81d07a390172,,True,2024-11-17
khanna463@cnrb,689878769,CNRB0322536,"Khanna, Sawhney and Mane Utilities",Canara Bank,merchant,dev-85beaa692824,,True,2024-07-12
vivaan464@pnb,871499696091327,PUNB0029985,Vivaan Walla,Punjab National Bank,individual,dev-ea5ceda3031a,,True,2026-03-14
dayamai465@cnrb,994909207,CNRB0382448,Dayamai Singh,Canara Bank,individual,dev-6145d64a0be9,,True,2025-01-22
pillai466@okaxis,4200602937,UTIB0343322,Pillai Ltd Fashion,Axis Bank,merchant,dev-37048ceedc8d,,True,2024-03-19
triya467@kotak,8788188295323,KKBK0037555,Triya Manda,Kotak Mahindra Bank,individual,dev-2612d2b0040a,,True,2026-01-18
yadavi468@ybl,8520788987,YESB0811774,Yadavi Wable,Yes Bank,individual,dev-41caaaffd1e9,,True,2023-10-21
neel469@okaxis,7166569565384766,UTIB0760275,Neel Iyengar,Axis Bank,individual,dev-0f6e66bc5475,,True,2023-12-09
zashil470@ybl,03785706657,YESB0491467,Zashil Ben,Yes Bank,individual,dev-206e0c86128a,,True,2025-08-27
kamya471@cnrb,56384711434,CNRB0158413,Kamya Chauhan,Canara Bank,individual,dev-a7673e793a28,,True,2024-07-17
bhavani472@pnb,2833665209885840,PUNB0198439,Bhavani Chacko,Punjab National Bank,individual,dev-5944c945bbaa,innocent_bystander,True,2025-11-30
anjali473@barodampay,879827197,BARB0680481,Anjali Sengupta,Bank of Baroda,individual,dev-a83caffe92f5,,True,2025-03-29
rajeshri474@ybl,856545924,YESB0601638,Rajeshri Chand,Yes Bank,individual,dev-0f0af59185ca,,True,2024-10-26
shravya475@idfcfirst,84711216652,IDFB0576671,Shravya Palla,IDFC First Bank,individual,dev-4128931eb0be,,True,2025-07-23
oeshi476@okhdfcbank,0792232247793,HDFC0492499,Oeshi Bera,HDFC Bank,individual,dev-d0f15b612685,,True,2025-03-06
yadavi477@cnrb,985355850,CNRB0699589,Yadavi Prakash,Canara Bank,individual,dev-8a7bf3c6ff79,gambling_network,True,2026-01-25
libni478@okhdfcbank,507177842,HDFC0881388,Libni Bumb,HDFC Bank,individual,dev-a4560b8f297e,,True,2026-06-03
udarsh479@cnrb,1555262556787,CNRB0795869,Udarsh Bala,Canara Bank,individual,dev-99c969defeeb,,True,2023-12-10
chaudharynayak480@okicici,54158786820,ICIC0114039,Chaudhary-Nayak Electronics,ICICI Bank,merchant,dev-25c611fe3507,,True,2025-10-12
laksh481@okicici,02536698266,ICIC0594322,Laksh Barad,ICICI Bank,individual,dev-99018acc008a,,True,2023-10-28
sodhidewan482@kotak,537693245,KKBK0457961,Sodhi-Dewan Food & Dining,Kotak Mahindra Bank,merchant,dev-459d18d5782c,,True,2024-01-17
saumya483@ybl,633800194139,YESB0694383,Saumya Ahluwalia,Yes Bank,individual,dev-f1f843395777,,True,2025-03-06
anirudh484@okaxis,33075491962,UTIB0678519,Anirudh Kunda,Axis Bank,individual,dev-915375c1af35,,True,2025-05-27
mason485@okaxis,2863666350435,UTIB0950034,Mason Wable,Axis Bank,individual,dev-54021bf40b17,,True,2026-04-05
indrajit486@barodampay,5037598083854015,BARB0569173,Indrajit Mani,Bank of Baroda,individual,dev-b4b40e8e3cb8,,True,2026-06-06
charvi487@barodampay,708379790165,BARB0120481,Charvi Dara,Bank of Baroda,individual,dev-defee6b726cf,,True,2025-07-04
william488@pnb,958716818187,PUNB0151685,William Saini,Punjab National Bank,individual,dev-c980f9b9b811,gambling_network,True,2025-10-09
dev489@kotak,12099384912,KKBK0739826,Dev Choudhry,Kotak Mahindra Bank,individual,dev-a09358383c74,,True,2024-08-24
wasonbabu490@kotak,350324574150872,KKBK0263237,Wason-Babu Utilities,Kotak Mahindra Bank,merchant,dev-f0ff1407afec,,True,2025-11-17
maanas491@oksbi,768421948398347,SBIN0226195,Maanas Manne,State Bank of India,individual,dev-fa471006e1dd,,True,2024-04-01
aarav492@oksbi,118157663,SBIN0888846,Aarav Pandit,State Bank of India,individual,dev-65e194116013,,True,2023-09-10
saha493@ybl,0685412830760010,YESB0616262,Saha and Sons Electronics,Yes Bank,merchant,dev-ee87f321e57f,,True,2025-04-04
jalsa494@kotak,631557158,KKBK0269990,Jalsa Bir,Kotak Mahindra Bank,individual,dev-cf24cdd52c9b,,True,2023-09-26
madhavi495@kotak,9660534229,KKBK0558416,Madhavi Singhal,Kotak Mahindra Bank,individual,dev-40b05d699d1a,,True,2023-07-19
ram496@cnrb,0531613902,CNRB0317840,Ram LLC Pharmacy,Canara Bank,merchant,dev-01713c82c910,,False,2026-02-17
amol497@oksbi,63722238229,SBIN0653743,Amol Parikh,State Bank of India,individual,dev-9ce6c53013f7,innocent_bystander,True,2023-11-21
hemani498@okhdfcbank,4626663773,HDFC0733419,Hemani Khosla,HDFC Bank,individual,dev-5bd11debfeb7,innocent_bystander,True,2025-10-19
gaurangi499@cnrb,84205450203,CNRB0931498,Gaurangi Deol,Canara Bank,individual,dev-b2e7fd266861,,True,2024-02-20
indira500@okhdfcbank,666749306693453,HDFC0784857,Indira Nigam,HDFC Bank,individual,dev-32d8986dc980,,True,2025-04-02
ucchal501@kotak,94009538666,KKBK0198420,Ucchal Srinivas,Kotak Mahindra Bank,individual,dev-2acc9816b973,,True,2025-04-25
krishna502@cnrb,821815470,CNRB0106691,Krishna Bhatnagar,Canara Bank,individual,dev-9f61646ae0b5,,True,2025-05-29
balhaar503@cnrb,4435412186330290,CNRB0146122,Balhaar Memon,Canara Bank,individual,dev-f0c396d80e38,,True,2026-06-08
caleb504@oksbi,2165363154449,SBIN0215979,Caleb Iyengar,State Bank of India,individual,dev-7fa89b469c14,,True,2025-06-07
diya505@barodampay,3244449949,BARB0818498,Diya Mukherjee,Bank of Baroda,individual,dev-67dde8d1ef5a,,True,2023-11-18
rao506@barodampay,45960140171150,BARB0255684,"Rao, Solanki and Kulkarni Fuel",Bank of Baroda,merchant,dev-921504f04d3d,,True,2026-01-06
rayaan507@idfcfirst,443329599681947,IDFB0245328,Rayaan Mangal,IDFC First Bank,individual,dev-fec3721839d5,,True,2024-01-24
battanarula508@kotak,101840108402,KKBK0616455,Batta-Narula Utilities,Kotak Mahindra Bank,merchant,dev-fdf2fd975acf,,True,2025-09-13
jeet509@oksbi,1740376273,SBIN0460240,Jeet Pillai,State Bank of India,individual,dev-71fc2d16c5c1,gambling_network,True,2025-07-12
mugdha510@ybl,3857998999611738,YESB0934735,Mugdha Sarraf,Yes Bank,individual,dev-dda9f5a4f725,,True,2024-03-04
harinakshi511@okicici,613780064803,ICIC0035440,Harinakshi Grover,ICICI Bank,individual,dev-249a9cb56b3d,,True,2026-05-08
widisha512@okhdfcbank,0505378466,HDFC0984926,Widisha Pillai,HDFC Bank,individual,dev-46541c3bdfe1,innocent_bystander,True,2026-03-15
loke513@okaxis,875240244092544,UTIB0845030,"Loke, Butala and Samra Fashion",Axis Bank,merchant,dev-f6cc0bbf4456,,True,2025-05-01
qushi514@okaxis,5899083442,UTIB0877229,Qushi Gole,Axis Bank,individual,dev-89f84ea3632a,,True,2024-12-02
ekani515@idfcfirst,69173472843349,IDFB0102643,Ekani Chauhan,IDFC First Bank,individual,dev-ad0c0a82b4da,,True,2025-10-04
falak516@kotak,9893642235174,KKBK0881165,Falak Merchant,Kotak Mahindra Bank,individual,dev-7dfd5e47f128,innocent_bystander,True,2026-04-20
sanaya517@ybl,26822845718,YESB0365223,Sanaya Sandhu,Yes Bank,individual,dev-a41e98a82078,,True,2024-05-23
sachi518@cnrb,99324156931,CNRB0133349,Sachi Panchal,Canara Bank,individual,dev-d43c8e60d312,gambling_network,True,2025-02-05
brijesh519@kotak,8813210051117,KKBK0635682,Brijesh Pandit,Kotak Mahindra Bank,individual,dev-b1a553f659e9,gambling_network,True,2024-01-03
anvi520@okicici,544955910,ICIC0449774,Anvi Bhandari,ICICI Bank,individual,dev-adb18e5177b7,,True,2024-10-20
nidra521@okhdfcbank,64720902123149,HDFC0136461,Nidra Patla,HDFC Bank,individual,dev-158f34ed0055,,True,2024-07-24
dutta522@pnb,1583882574696,PUNB0837979,"Dutta, Balasubramanian and Dhar Travel",Punjab National Bank,merchant,dev-541c0ccde5c8,,True,2025-02-06
bakhshi523@okicici,637120294,ICIC0439556,Bakhshi Date,ICICI Bank,individual,dev-eb530746918b,,True,2025-08-11
warinder524@barodampay,07921737720548,BARB0357979,Warinder Peri,Bank of Baroda,individual,dev-58b7e03fa8af,,True,2023-11-02
leela525@cnrb,796551009724,CNRB0483615,Leela Bali,Canara Bank,individual,dev-2d212f3fe68e,,True,2025-12-08
shivani526@okaxis,097892064029326,UTIB0664795,Shivani Prabhakar,Axis Bank,individual,dev-5ada0455b821,,True,2026-07-07
sachi527@oksbi,41325690325,SBIN0533129,Sachi Bose,State Bank of India,individual,dev-5362a1e061c7,,True,2023-07-30
jeevika528@cnrb,857701712,CNRB0752106,Jeevika Rao,Canara Bank,individual,dev-b8965a3486f1,gambling_network,True,2024-04-16
arya529@idfcfirst,30924309213,IDFB0143768,Arya Krish,IDFC First Bank,individual,dev-a089deff201c,,True,2025-06-29
atharv530@okaxis,493770545,UTIB0171637,Atharv Grewal,Axis Bank,individual,dev-cdb00e770e4d,,True,2024-03-28
zarna531@idfcfirst,2197562089,IDFB0035529,Zarna Ram,IDFC First Bank,individual,dev-7f3a3b0dae01,,True,2025-10-08
adweta532@okicici,890811348,ICIC0699749,Adweta Lad,ICICI Bank,individual,dev-e68b0325f5d3,,True,2026-02-17
tanish533@ybl,59549675756,YESB0616577,Tanish Mangal,Yes Bank,individual,dev-30b1adc0e9c2,,True,2024-12-15
ryan534@ybl,42614974909,YESB0352132,Ryan Das,Yes Bank,individual,dev-91bd1bd255a1,,True,2025-06-23
ethan535@barodampay,500988356276,BARB0407269,Ethan Seth,Bank of Baroda,individual,dev-b61f4f6feeb3,,True,2024-07-27
sai536@ybl,4003508192,YESB0378996,Sai Chahal,Yes Bank,individual,dev-52c4ec283a84,,True,2025-11-19
idika537@cnrb,3047424511,CNRB0181817,Idika Bhattacharyya,Canara Bank,individual,dev-875a3cfcee5b,,True,2023-11-14
charita538@okhdfcbank,5832200460,HDFC0200280,Charita Dugar,HDFC Bank,individual,dev-a925e8e8f341,,True,2026-05-12
janaki539@barodampay,60686527424197,BARB0326550,Janaki Trivedi,Bank of Baroda,individual,dev-4ee53bcbf44c,,True,2024-09-01
jairaj540@okaxis,7600002099,UTIB0172607,Jairaj Iyer,Axis Bank,individual,dev-8fc7b64f4e4f,,True,2025-04-28
warjas541@barodampay,9315795724437,BARB0883531,Warjas Tak,Bank of Baroda,individual,dev-67b49a5320dc,,True,2025-01-17
jalsa542@cnrb,4018803236544660,CNRB0137197,Jalsa Pillay,Canara Bank,individual,dev-62d356576f5b,,True,2025-09-08
dayalchadha543@okhdfcbank,45085233098835,HDFC0458261,Dayal-Chadha Pharmacy,HDFC Bank,merchant,dev-8c9ab979a014,,True,2025-04-20
dayamai544@kotak,027341475592264,KKBK0979230,Dayamai Rao,Kotak Mahindra Bank,individual,dev-7222470fa049,,True,2026-03-10
nirja545@kotak,6411168830606,KKBK0383102,Nirja Rout,Kotak Mahindra Bank,individual,dev-0ae7d3d6fa7d,,True,2024-01-15
jeremiah546@cnrb,033401340330,CNRB0250408,Jeremiah Nadig,Canara Bank,individual,dev-1cf86e46085f,,True,2024-08-15
shivani547@cnrb,2740691095273,CNRB0331894,Shivani Shukla,Canara Bank,individual,dev-b0bc304ab2de,,True,2025-03-05
varughese548@cnrb,360574161,CNRB0016826,"Varughese, Padmanabhan and Dave Grocery",Canara Bank,merchant,dev-e558d16f662c,,True,2026-06-02
kai549@kotak,72824829025,KKBK0594114,Kai Sant,Kotak Mahindra Bank,individual,dev-f934ede85447,,True,2024-11-08
jeet550@barodampay,482303058499055,BARB0385172,Jeet Vasa,Bank of Baroda,individual,dev-009c99d45b5d,,True,2023-08-12
daksha551@pnb,356205605,PUNB0095084,Daksha Gala,Punjab National Bank,individual,dev-f984f9731c4f,,True,2025-09-16
ekantika552@cnrb,07651615579,CNRB0190040,Ekantika Kar,Canara Bank,individual,dev-76a15d1d7c26,,True,2024-08-03
zilmil553@okaxis,308277509648771,UTIB0632842,Zilmil Mander,Axis Bank,individual,dev-1eb22949788d,,True,2025-07-13
zashil554@okaxis,5111093699,UTIB0320582,Zashil Hegde,Axis Bank,individual,dev-4d49697d87d4,,True,2024-09-25
jeremiah555@oksbi,760774561,SBIN0257469,Jeremiah Mitter,State Bank of India,individual,dev-295bd4ca6630,,True,2025-09-30
yadavi556@okicici,98877590713,ICIC0255620,Yadavi Ganguly,ICICI Bank,individual,dev-7b6ee99901a9,,True,2023-09-16
onveer557@oksbi,3983574431,SBIN0024929,Onveer Nazareth,State Bank of India,individual,dev-80d640562d8e,,True,2025-04-14
ayush558@okicici,893003453,ICIC0354512,Ayush Bumb,ICICI Bank,individual,dev-c39b9f4809e6,gambling_network,True,2024-03-14
alka559@barodampay,534131245908,BARB0328240,Alka Kade,Bank of Baroda,individual,dev-b1e462b9e309,,True,2025-03-25
saha560@ybl,797984727646,YESB0277187,"Saha, Balasubramanian and Tank Fashion",Yes Bank,merchant,dev-6bff519fb844,,True,2024-12-26
chasmum561@okaxis,8950865943,UTIB0779818,Chasmum Subramanian,Axis Bank,individual,dev-7ee6ef860d7d,,True,2024-03-16
nidra562@barodampay,888963472656470,BARB0749731,Nidra Mishra,Bank of Baroda,individual,dev-75e7d7cfb031,,True,2025-06-25
elijah563@oksbi,7175445532132,SBIN0516137,Elijah Bhasin,State Bank of India,individual,dev-8dcf81e92f43,,True,2024-05-19
ria564@okaxis,26660709856082,UTIB0262105,Ria Sagar,Axis Bank,individual,dev-cfd64db576b3,,True,2024-10-13
ucchal565@kotak,879797889579,KKBK0380239,Ucchal Jani,Kotak Mahindra Bank,individual,dev-6969831e0cff,,True,2026-06-04
maanas566@barodampay,13292331754,BARB0395992,Maanas Munshi,Bank of Baroda,individual,dev-07daabaae3c7,,True,2024-05-02
hemani567@ybl,577837289258078,YESB0871226,Hemani Rastogi,Yes Bank,individual,dev-7cbc5e32859b,,True,2024-01-22
kamala568@cnrb,3793961580005091,CNRB0071611,Kamala Varma,Canara Bank,individual,dev-8083f541e113,,True,2023-09-02
eiravati569@idfcfirst,538857370955150,IDFB0890162,Eiravati Khurana,IDFC First Bank,individual,dev-73ceb5bf939a,,True,2023-12-31
dasloke570@okicici,9950377289535,ICIC0027283,Das-Loke Grocery,ICICI Bank,merchant,dev-f7d000862743,,True,2025-04-05
yug571@pnb,4512525026698806,PUNB0228933,Yug Dhaliwal,Punjab National Bank,individual,dev-e2905444db49,,True,2026-06-24
chandresh572@pnb,728291601404209,PUNB0981830,Chandresh Mannan,Punjab National Bank,individual,dev-50415cf6b013,,True,2025-06-02
omya573@okaxis,32539401033,UTIB0856730,Omya Kothari,Axis Bank,individual,dev-af73fde3d6b2,,True,2024-12-29
falak574@kotak,210331887,KKBK0522181,Falak Munshi,Kotak Mahindra Bank,individual,dev-2abd87f2fd99,,True,2024-01-19
nathaniel575@kotak,3527348249,KKBK0399723,Nathaniel Tara,Kotak Mahindra Bank,individual,dev-9992961d45eb,,True,2025-11-20
wishi576@idfcfirst,967717221193347,IDFB0573780,Wishi Morar,IDFC First Bank,individual,dev-50c940890261,innocent_bystander,True,2024-09-20
arin577@oksbi,30270838285,SBIN0851449,Arin Chana,State Bank of India,individual,dev-4102f30f6ceb,,True,2024-04-30
yashasvi578@okicici,4199557605785,ICIC0896380,Yashasvi Shankar,ICICI Bank,individual,dev-775b11967451,,True,2026-06-26
tanveer579@okicici,02958229983848,ICIC0851259,Tanveer Pandit,ICICI Bank,individual,dev-cf1a536fc706,innocent_bystander,True,2025-06-30
chandresh580@idfcfirst,346514227,IDFB0803286,Chandresh Manda,IDFC First Bank,individual,dev-fe51fe275032,,True,2023-12-06
upma581@kotak,571337373,KKBK0600891,Upma Mangal,Kotak Mahindra Bank,individual,dev-0fe3b535479f,,True,2024-09-28
hritik582@ybl,7388941119,YESB0586351,Hritik Sankar,Yes Bank,individual,dev-a9930f5a5100,,True,2025-04-11
aishani583@oksbi,76145401525,SBIN0163671,Aishani Pau,State Bank of India,individual,dev-412546bc874f,innocent_bystander,True,2026-05-03
paubath584@barodampay,9534284363320049,BARB0260588,Pau-Bath Fuel,Bank of Baroda,merchant,dev-e20f1da4fb9c,,True,2023-11-20
charan585@okaxis,50437396148277,UTIB0692553,Charan Hayer,Axis Bank,individual,dev-1b0c2317002f,innocent_bystander,True,2025-02-13
maniborah586@pnb,6500813655979,PUNB0658742,Mani-Borah Travel,Punjab National Bank,merchant,dev-7aafa7fa3eb0,,True,2026-03-02
thamanseshadri587@idfcfirst,11224115715671,IDFB0733753,Thaman-Seshadri Utilities,IDFC First Bank,merchant,dev-4d3de206a548,,True,2026-03-26
jagat588@okaxis,71637657935,UTIB0625970,Jagat Dave,Axis Bank,individual,dev-54c8b3d20947,,True,2026-06-03
meera589@okhdfcbank,80479180187966,HDFC0534811,Meera Prakash,HDFC Bank,individual,dev-0678ff82ad7a,,True,2024-05-29
jasmit590@barodampay,43987307848,BARB0930667,Jasmit Dhawan,Bank of Baroda,individual,dev-197ff38b081d,,True,2025-02-25
upadhyay591@oksbi,96328593082,SBIN0845473,Upadhyay Group Travel,State Bank of India,merchant,dev-1f89b9b520ef,,True,2024-07-02
chakradev592@cnrb,1700717119193,CNRB0797412,Chakradev Barad,Canara Bank,individual,dev-0ef07ef08044,,True,2025-02-21
gauri593@okhdfcbank,8715669660,HDFC0079233,Gauri Som,HDFC Bank,individual,dev-da58729e30d3,,True,2024-08-23
manthan594@cnrb,4358400877113235,CNRB0280040,Manthan Varma,Canara Bank,individual,dev-89819c1ffeb4,,True,2025-07-09
falak595@pnb,904632070,PUNB0484216,Falak Nagar,Punjab National Bank,individual,dev-1aea936433ff,,True,2024-01-22
maya596@idfcfirst,1264520843265399,IDFB0198527,Maya Mistry,IDFC First Bank,individual,dev-a01073a46989,innocent_bystander,True,2024-01-15
yashica597@kotak,6820337503745,KKBK0264316,Yashica Upadhyay,Kotak Mahindra Bank,individual,dev-bc61c3511d20,,True,2023-12-04
chandani598@pnb,483872102,PUNB0332896,Chandani Soman,Punjab National Bank,individual,dev-8933e9a70a41,,True,2026-05-26
jyoti599@kotak,109187499942088,KKBK0536235,Jyoti Narula,Kotak Mahindra Bank,individual,dev-cd402912907c,,True,2024-08-14
choudhary600@oksbi,4353636920512745,SBIN0776156,"Choudhary, Saha and Morar Grocery",State Bank of India,merchant,dev-f3c8e7203f41,,True,2026-06-02
urvi601@oksbi,278898436,SBIN0319413,Urvi Lanka,State Bank of India,individual,dev-74ea8b9a6be1,,True,2024-02-21
charan602@okaxis,52580097595528,UTIB0764987,Charan Srinivasan,Axis Bank,individual,dev-4c6aac4b1a5e,,True,2024-04-21
lajita603@barodampay,218742011511,BARB0282750,Lajita Divan,Bank of Baroda,individual,dev-e1930cb36773,,True,2025-07-07
azad604@barodampay,59998567761,BARB0879756,Azad Choudhary,Bank of Baroda,individual,dev-23477902118f,gambling_network,True,2026-07-08
anirudh605@kotak,3878877170,KKBK0737401,Anirudh Sastry,Kotak Mahindra Bank,individual,dev-d43165a70065,,True,2023-11-01
omya606@barodampay,632416792557,BARB0624848,Omya Doshi,Bank of Baroda,individual,dev-ce9f97cedf74,,True,2024-07-24
samar607@okhdfcbank,5959306201972,HDFC0598080,Samar Roy,HDFC Bank,individual,dev-73e1de562cbd,,True,2024-01-22
david608@ybl,504423439552,YESB0916386,David Devi,Yes Bank,individual,dev-8089ef054f20,gambling_network,True,2024-12-03
ekta609@oksbi,041101949270108,SBIN0671621,Ekta Sridhar,State Bank of India,individual,dev-ae1d68bee5e2,,True,2025-11-29
dipta610@okaxis,575134956,UTIB0735565,Dipta Ghose,Axis Bank,individual,dev-86b3bb5c3a70,,True,2024-12-13
hema611@oksbi,53066477508469,SBIN0362664,Hema Pandya,State Bank of India,individual,dev-33013b9f6cb0,,True,2025-04-16
veda612@oksbi,11257677391,SBIN0699775,Veda Handa,State Bank of India,individual,dev-ee7d641cab94,,True,2024-12-04
mallick613@oksbi,5381122496326,SBIN0253135,Mallick PLC Food & Dining,State Bank of India,merchant,dev-d171e3f99146,,True,2024-07-16
umang614@pnb,603856626,PUNB0221161,Umang Mishra,Punjab National Bank,individual,dev-6b28b0a2ae1b,,True,2024-05-09
sarthak615@pnb,88902110402,PUNB0981363,Sarthak Suresh,Punjab National Bank,individual,dev-fb1545e2f00d,,True,2024-07-03
varsha616@oksbi,1960230099596070,SBIN0816507,Varsha Palla,State Bank of India,individual,dev-77b6f15d0172,,True,2024-10-02
bhavna617@okicici,930169763403699,ICIC0821191,Bhavna Dara,ICICI Bank,individual,dev-4de9800530df,,True,2026-03-29
megha618@barodampay,4450919054548,BARB0016665,Megha Pai,Bank of Baroda,individual,dev-3f9f52fc2cdc,,True,2024-06-09
bina619@cnrb,0706342488325617,CNRB0948689,Bina Basak,Canara Bank,individual,dev-41d234d89fb7,,True,2025-11-21
brarpal620@okaxis,01959903845,UTIB0570095,Brar-Pal Utilities,Axis Bank,merchant,dev-00d7b3b3d228,,True,2023-12-15
kundasrinivas621@ybl,955430079036776,YESB0083863,Kunda-Srinivas Utilities,Yes Bank,merchant,dev-a37cfe401460,,True,2023-07-19
saksham622@oksbi,82459042272797,SBIN0169921,Saksham Yohannan,State Bank of India,individual,dev-f98873248271,,True,2026-06-15
anita623@pnb,41647743466559,PUNB0253735,Anita Devan,Punjab National Bank,individual,dev-29e9822c1534,,True,2026-04-03
wriddhish624@idfcfirst,5929593966545,IDFB0850733,Wriddhish Kibe,IDFC First Bank,individual,dev-486cd7ca9313,,True,2023-09-12
upkaar625@okaxis,300045492322,UTIB0584139,Upkaar Kaul,Axis Bank,individual,dev-6931564f2178,innocent_bystander,True,2025-07-23
chaudhry626@okicici,9596047511,ICIC0663538,Chaudhry Group Fashion,ICICI Bank,merchant,dev-882c8876ef61,,True,2026-06-02
urmi627@okaxis,222270052877444,UTIB0196120,Urmi Chaudhry,Axis Bank,individual,dev-994a3c910451,,True,2024-08-26
abdul628@cnrb,1329631768413620,CNRB0823329,Abdul Dugar,Canara Bank,individual,dev-5df5d0877f6c,,True,2026-02-09
vamakshi629@okicici,5745869276505,ICIC0858466,Vamakshi Sood,ICICI Bank,individual,dev-5f8e05a5672e,,True,2023-10-25
bhavna630@okicici,58940951502,ICIC0347866,Bhavna Nagi,ICICI Bank,individual,dev-52705074da64,,True,2025-12-05
daniel631@cnrb,620871329964,CNRB0052214,Daniel Chakraborty,Canara Bank,individual,dev-e127363fc174,gambling_network,True,2024-04-21
baljiwan632@okaxis,248625707224,UTIB0504914,Baljiwan Gill,Axis Bank,individual,dev-92d77fea5ad3,,True,2025-08-04
patrick633@kotak,59237058184861,KKBK0735331,Patrick Bansal,Kotak Mahindra Bank,individual,dev-b8fe5f0ed4b7,,True,2025-08-14
warhi634@oksbi,88364127657632,SBIN0945079,Warhi Grewal,State Bank of India,individual,dev-3f73caf8ce18,,True,2024-05-09
baljiwan635@barodampay,553053639647665,BARB0931876,Baljiwan Andra,Bank of Baroda,individual,dev-0b474b51a23d,,True,2025-08-23
hredhaan636@okicici,485119463046364,ICIC0337546,Hredhaan Nayak,ICICI Bank,individual,dev-8eef48412798,,True,2026-04-21
suhani637@okaxis,270456102159,UTIB0286359,Suhani Viswanathan,Axis Bank,individual,dev-403f26741300,,True,2024-07-09
krish638@barodampay,4027731227807768,BARB0038920,Krish Thaman,Bank of Baroda,individual,dev-77f622b38cf4,,True,2026-01-22
anjali639@cnrb,1856680909280459,CNRB0123701,Anjali Hans,Canara Bank,individual,dev-5fd05609ccb3,,True,2024-12-06
ganga640@pnb,013770063723,PUNB0219345,Ganga Gaba,Punjab National Bank,individual,dev-1a75394432fc,gambling_network,True,2026-05-21
aarini641@kotak,19376451079833,KKBK0358972,Aarini Grewal,Kotak Mahindra Bank,individual,dev-39badab3d733,,True,2026-04-10
geetika642@pnb,698051399116,PUNB0410929,Geetika Merchant,Punjab National Bank,individual,dev-c717ce6e186c,,True,2026-05-28
parth643@cnrb,934566388950801,CNRB0285174,Parth Ravi,Canara Bank,individual,dev-560d5b2f211d,innocent_bystander,False,2026-03-12
yutika644@kotak,70712603127,KKBK0228846,Yutika Narang,Kotak Mahindra Bank,individual,dev-a6c7220be266,,True,2025-12-03
nandini645@cnrb,5551279048,CNRB0286963,Nandini Chandran,Canara Bank,individual,dev-2eea9672b9eb,innocent_bystander,True,2024-08-17
logan646@okicici,8863342413971,ICIC0286275,Logan Sood,ICICI Bank,individual,dev-5a906a42dbb0,gambling_network,True,2026-03-14
yuvraj647@barodampay,588030362145702,BARB0779929,Yuvraj Ahuja,Bank of Baroda,individual,dev-4e2d96aef69b,,True,2023-12-20
leela648@kotak,31849396772896,KKBK0947141,Leela Keer,Kotak Mahindra Bank,individual,dev-9f2b99d8c695,,True,2026-04-01
amara649@ybl,85013314412,YESB0664424,Amara Narayan,Yes Bank,individual,dev-f403bbf3ee83,innocent_bystander,True,2026-05-16
advay650@pnb,074528481,PUNB0587903,Advay Lal,Punjab National Bank,individual,dev-274a664f340b,,True,2024-09-27
warinder651@okhdfcbank,2571723566152,HDFC0276920,Warinder Bhatia,HDFC Bank,individual,dev-3b5689f26eff,,True,2024-08-16
udyati652@kotak,398505631583,KKBK0456310,Udyati Mohanty,Kotak Mahindra Bank,individual,dev-f7914700eae7,gambling_network,True,2025-09-12
nidra653@ybl,510458844,YESB0931152,Nidra Thakkar,Yes Bank,individual,dev-abd0e1c6479f,,True,2026-05-12
jacob654@okicici,3379977790505338,ICIC0709627,Jacob Merchant,ICICI Bank,individual,dev-25294291f5a3,,True,2025-03-10
timothy655@okhdfcbank,931014481290,HDFC0424304,Timothy Kanda,HDFC Bank,individual,dev-b59abf32f0b2,,True,2025-03-04
vanya656@cnrb,082596962663065,CNRB0773627,Vanya Dua,Canara Bank,individual,dev-ce563c202549,innocent_bystander,True,2026-06-30
kashvi657@ybl,137012894008,YESB0444777,Kashvi Sagar,Yes Bank,individual,dev-a0eed313d573,,True,2025-04-08
tejas658@pnb,4707264072,PUNB0952319,Tejas Kota,Punjab National Bank,individual,dev-d05e03d7669b,,True,2025-11-26
sanya659@barodampay,79257323373,BARB0376272,Sanya Wable,Bank of Baroda,individual,dev-5431cbf1809e,,True,2025-06-29
faras660@idfcfirst,476269496990,IDFB0800283,Faras Choudhury,IDFC First Bank,individual,dev-5c4e683073a3,innocent_bystander,True,2026-05-16
yashasvi661@okaxis,733122232637,UTIB0604824,Yashasvi Jain,Axis Bank,individual,dev-e4c4f6a37489,,True,2025-03-14
nitesh662@okhdfcbank,5256558263928,HDFC0632127,Nitesh Narang,HDFC Bank,individual,dev-b737f9368092,,True,2026-01-07
jackson663@okicici,3293467659821,ICIC0392859,Jackson Jha,ICICI Bank,individual,dev-e1f4dad5c01a,gambling_network,True,2025-03-31
gavin664@okhdfcbank,8662575238297852,HDFC0033939,Gavin Uppal,HDFC Bank,individual,dev-1792f088a00e,,True,2025-02-27
christopher665@barodampay,816980169891,BARB0519148,Christopher Setty,Bank of Baroda,individual,dev-548ad3b9771b,innocent_bystander,True,2024-10-11
yochana666@idfcfirst,9827593937,IDFB0397761,Yochana Sagar,IDFC First Bank,individual,dev-e69be9ab619f,,True,2024-02-24
dalbir667@cnrb,2007815147,CNRB0811967,Dalbir Shere,Canara Bank,individual,dev-b475e1f22932,,True,2024-10-28
anthony668@okhdfcbank,186110946125,HDFC0208818,Anthony Randhawa,HDFC Bank,individual,dev-0311e99c1613,,True,2026-04-21
aarush669@oksbi,55673800919,SBIN0285960,Aarush Kamdar,State Bank of India,individual,dev-39f1525dbd92,innocent_bystander,True,2023-11-14
chakradev670@idfcfirst,005311876,IDFB0833362,Chakradev Sampath,IDFC First Bank,individual,dev-f914be1100ac,,True,2025-11-28
devansh671@barodampay,553007849,BARB0927661,Devansh Bhasin,Bank of Baroda,individual,dev-6e9679aa7d5d,,True,2024-04-15
urmi672@idfcfirst,84313977826384,IDFB0854879,Urmi Balay,IDFC First Bank,individual,dev-c15e5ebfa6b9,,True,2025-07-10
nilima673@idfcfirst,1551611439037,IDFB0249792,Nilima Gole,IDFC First Bank,individual,dev-402648fbef37,,True,2023-09-25
osha674@cnrb,486029013971392,CNRB0575481,Osha Prasad,Canara Bank,individual,dev-6227c976ec79,account_takeover,True,2023-07-26
saumya675@cnrb,19882330139255,CNRB0359803,Saumya Purohit,Canara Bank,individual,dev-9ad532eb48b1,,True,2024-10-18
faris676@ybl,907948728,YESB0699368,Faris Zacharia,Yes Bank,individual,dev-e25c3803a6c8,,True,2026-06-14
ijaya677@okicici,0751226283104474,ICIC0163703,Ijaya Dani,ICICI Bank,individual,dev-bcbc9936fbb1,,True,2024-02-12
maya678@pnb,67110007948,PUNB0729687,Maya Wadhwa,Punjab National Bank,individual,dev-0350beceaac8,,True,2026-01-13
udant679@okhdfcbank,48018179444335,HDFC0895545,Udant Aggarwal,HDFC Bank,individual,dev-08db3cfb44be,,True,2023-11-17
chanchal680@okhdfcbank,452284265,HDFC0576448,Chanchal Sheth,HDFC Bank,individual,dev-863fb5387d0d,,True,2024-06-22
ladli681@okaxis,5218351331,UTIB0973354,Ladli Karpe,Axis Bank,individual,dev-ee12c54f21db,,True,2024-10-22
triveni682@oksbi,40740056577,SBIN0871966,Triveni Pal,State Bank of India,individual,dev-429b8efbf4df,,True,2025-07-19
anya683@cnrb,6998212788669,CNRB0685752,Anya Gulati,Canara Bank,individual,dev-05d81624b6a2,,True,2025-07-28
azad684@okicici,99813002208566,ICIC0966694,Azad Saini,ICICI Bank,individual,dev-e092b72577f1,,True,2023-10-22
wridesh685@pnb,5102048468767,PUNB0280562,Wridesh Jhaveri,Punjab National Bank,individual,dev-7c40a36b4061,innocent_bystander,True,2024-03-29
harrison686@cnrb,034498701466213,CNRB0792253,Harrison Bandi,Canara Bank,individual,dev-cad18ffc5587,gambling_network,True,2025-09-08
chanakya687@okicici,0392856750946,ICIC0553879,Chanakya Konda,ICICI Bank,individual,dev-f7ae8ca8c563,,True,2026-06-18
neelima688@ybl,657334288470,YESB0154783,Neelima Sarna,Yes Bank,individual,dev-4bf47348fcc4,,True,2023-08-10
teerth689@okicici,10815875376,ICIC0838176,Teerth Bhalla,ICICI Bank,individual,dev-037d8b83e984,,True,2023-09-20
yahvi690@okhdfcbank,9840886650119,HDFC0049829,Yahvi Mann,HDFC Bank,individual,dev-0f65818e7a97,gambling_network,False,2025-08-31
eiravati691@oksbi,4632256229,SBIN0514879,Eiravati Nagi,State Bank of India,individual,dev-821c34dcc47c,,True,2025-12-02
chasmum692@okicici,0569219501462379,ICIC0491060,Chasmum Dhar,ICICI Bank,individual,dev-8f41586a8a31,,True,2024-06-04
odika693@okhdfcbank,72564091990762,HDFC0812782,Odika Mital,HDFC Bank,individual,dev-269a831cf218,innocent_bystander,True,2024-04-12
darsh694@idfcfirst,2399835587,IDFB0906575,Darsh Gill,IDFC First Bank,individual,dev-e795138db49d,,True,2023-10-02
warhi695@cnrb,57278136874298,CNRB0896823,Warhi Batta,Canara Bank,individual,dev-6294014ed97d,account_takeover,True,2024-08-10
lakshmi696@okicici,689486173679,ICIC0948318,Lakshmi Vohra,ICICI Bank,individual,dev-282271cd744c,,True,2025-03-13
omaja697@kotak,260145133,KKBK0534385,Omaja Rege,Kotak Mahindra Bank,individual,dev-abe6f34cbade,innocent_bystander,True,2025-07-30
charita698@kotak,4960550383420,KKBK0318202,Charita Puri,Kotak Mahindra Bank,individual,dev-4112d8c5edcb,,True,2023-12-17
urvashi699@barodampay,702239466492,BARB0034531,Urvashi Khosla,Bank of Baroda,individual,dev-6e0ac6bea3ac,innocent_bystander,True,2023-09-22
charita700@okicici,80619675368187,ICIC0085843,Charita Dhawan,ICICI Bank,individual,dev-a104a4ef04c9,,True,2024-02-06
dalbir701@barodampay,83692488253,BARB0516977,Dalbir Sachar,Bank of Baroda,individual,dev-4276106158db,innocent_bystander,True,2025-08-07
wagledesai702@oksbi,05101259201,SBIN0319393,Wagle-Desai Pharmacy,State Bank of India,merchant,dev-99108b3483ad,,True,2025-06-27
xavier703@okhdfcbank,633698941,HDFC0215980,Xavier Kumer,HDFC Bank,individual,dev-77940458f994,,True,2024-04-13
ganga704@okicici,3232993980464,ICIC0456877,Ganga Brar,ICICI Bank,individual,dev-02ac817ee41e,account_takeover,True,2023-08-27
kamala705@oksbi,9413147072687,SBIN0669881,Kamala Chanda,State Bank of India,individual,dev-a8bc97b1dfec,,True,2023-09-28
charan706@okhdfcbank,714772100875531,HDFC0011429,Charan Loyal,HDFC Bank,individual,dev-549100ac2b38,innocent_bystander,True,2024-06-19
balveer707@okicici,1214225426334,ICIC0139047,Balveer Bora,ICICI Bank,individual,dev-a911876b50f4,innocent_bystander,True,2023-12-28
kalla708@okhdfcbank,137073060315,HDFC0056120,Kalla Group Electronics,HDFC Bank,merchant,dev-5a034f170c1a,,True,2024-08-03
gaurangi709@okicici,76549896311,ICIC0951193,Gaurangi Mitter,ICICI Bank,individual,dev-612dfd5cbaf2,,True,2025-01-07
siddharth710@okicici,027573077640,ICIC0727853,Siddharth Gupta,ICICI Bank,individual,dev-eb1ff9a828bc,,True,2025-10-09
varenya711@okhdfcbank,780775574487,HDFC0206940,Varenya Kibe,HDFC Bank,individual,dev-a9be3cd431f4,,True,2025-09-25
mekhala712@okhdfcbank,2195018216,HDFC0838028,Mekhala Khatri,HDFC Bank,individual,dev-9d0d07666129,,True,2025-01-05
barkha713@kotak,9129564706015,KKBK0448362,Barkha Rai,Kotak Mahindra Bank,individual,dev-4c1a0d27e3ff,,True,2023-11-03
jagrati714@okicici,9124712260643,ICIC0862155,Jagrati Morar,ICICI Bank,individual,dev-a0189fd167b9,,True,2025-04-30
jagvi715@ybl,35445631241192,YESB0738981,Jagvi Varghese,Yes Bank,individual,dev-1374b8201bda,gambling_network,True,2025-03-16
unnati716@okicici,299898393,ICIC0586401,Unnati Chaudhari,ICICI Bank,individual,dev-b37776019024,,True,2025-11-23
ekaja717@pnb,7780304767,PUNB0737804,Ekaja Jani,Punjab National Bank,individual,dev-7c0804fe6473,,True,2026-02-17
dhriti718@pnb,90065505583305,PUNB0648116,Dhriti Sachdev,Punjab National Bank,individual,dev-a0a8dd47c7ca,,True,2026-05-30
timothy719@oksbi,18537056825,SBIN0767677,Timothy Dhingra,State Bank of India,individual,dev-c93e1dccd65b,,True,2024-01-29
lal720@idfcfirst,561280992325,IDFB0213921,Lal PLC Food & Dining,IDFC First Bank,merchant,dev-6c246acaaf0e,,True,2023-12-12
chakrika721@oksbi,084444675182,SBIN0016275,Chakrika Dua,State Bank of India,individual,dev-5689fe096cc9,,True,2023-09-29
forum722@idfcfirst,1341729861014,IDFB0781257,Forum Karpe,IDFC First Bank,individual,dev-757e28272319,,True,2026-03-07
yatan723@oksbi,077722135,SBIN0119750,Yatan Tata,State Bank of India,individual,dev-0ff7409112f5,,True,2025-02-19
aarini724@ybl,917633972940,YESB0813525,Aarini Suresh,Yes Bank,individual,dev-e7cf64de4b00,,True,2024-01-24
triveni725@okicici,47492759218974,ICIC0410278,Triveni Ganguly,ICICI Bank,individual,dev-4f74a4aafd52,,False,2025-01-15
omkaar726@barodampay,77983738682,BARB0014920,Omkaar Dey,Bank of Baroda,individual,dev-15892f24698c,,True,2024-11-10
qarin727@idfcfirst,5439611130,IDFB0264194,Qarin Bhargava,IDFC First Bank,individual,dev-3638d8c325fb,,True,2026-05-13
bandi728@cnrb,122054319647,CNRB0372150,"Bandi, Borde and Bava Travel",Canara Bank,merchant,dev-ffe02c37ce91,,True,2025-09-16
sachar729@barodampay,2745631195,BARB0417005,Sachar and Sons Fashion,Bank of Baroda,merchant,dev-c2f8c151462d,,True,2024-10-11
ekansh730@idfcfirst,801270001977,IDFB0292533,Ekansh Dora,IDFC First Bank,individual,dev-933607a0987b,,True,2026-02-09
tejas731@pnb,975299001318918,PUNB0141338,Tejas Tiwari,Punjab National Bank,individual,dev-f7558ec9e8de,,True,2026-05-15
kashvi732@okhdfcbank,976781204,HDFC0494135,Kashvi Bhasin,HDFC Bank,individual,dev-1b8c9b07dcd0,,True,2026-01-18
subramanian733@oksbi,06486080229182,SBIN0650635,"Subramanian, Sura and Babu Home Services",State Bank of India,merchant,dev-b7d72017e43a,,True,2025-03-08
nisha734@pnb,725270890603359,PUNB0461595,Nisha Arora,Punjab National Bank,individual,dev-ee41f565345f,,True,2024-06-13
anvi735@ybl,8320912173760300,YESB0473003,Anvi Wason,Yes Bank,individual,dev-6281ca438039,,True,2025-03-14
anay736@kotak,095728395,KKBK0636543,Anay Thakkar,Kotak Mahindra Bank,individual,dev-e8d72b348e41,,True,2024-12-16
praneel737@idfcfirst,417313623357,IDFB0675560,Praneel Chhabra,IDFC First Bank,individual,dev-7e272324fd7d,,True,2026-02-10
manthan738@barodampay,7513846709,BARB0335597,Manthan Khosla,Bank of Baroda,individual,dev-baac1ccb8c63,,True,2025-07-13
vyas739@ybl,525805749,YESB0662162,Vyas LLC Electronics,Yes Bank,merchant,dev-0123d708a36f,,True,2026-03-10
amara740@oksbi,413152933951427,SBIN0573700,Amara Ranganathan,State Bank of India,individual,dev-914df4ba15c0,,True,2024-03-16
kashvi741@cnrb,690374740448111,CNRB0567664,Kashvi Ravi,Canara Bank,individual,dev-c8f7dcfe47ac,,True,2024-06-24
yagnesh742@okicici,3184962363226000,ICIC0734188,Yagnesh Kara,ICICI Bank,individual,dev-99ba8107f24f,,True,2026-06-03
buchbalay743@kotak,739164097206,KKBK0545091,Buch-Balay Utilities,Kotak Mahindra Bank,merchant,dev-e78bc20ccec6,,True,2023-11-14
nidra744@cnrb,13336519740,CNRB0914426,Nidra Raghavan,Canara Bank,individual,dev-e83098be88a4,innocent_bystander,True,2023-09-17
vamakshi745@okicici,806953423964191,ICIC0721605,Vamakshi Bhalla,ICICI Bank,individual,dev-8808994d0887,gambling_network,True,2024-10-05
andra746@okhdfcbank,9140457304460647,HDFC0983821,"Andra, Garg and Butala Food & Dining",HDFC Bank,merchant,dev-e25f453a561c,,True,2024-01-08
radha747@cnrb,664129562742,CNRB0146135,Radha Narula,Canara Bank,individual,dev-154c1f65b3bb,,True,2025-05-13
brijesh748@cnrb,9743300789694,CNRB0254083,Brijesh Karpe,Canara Bank,individual,dev-cf3cdb3e9365,innocent_bystander,True,2025-01-13
vaishnavi749@cnrb,1077899907,CNRB0723222,Vaishnavi Madan,Canara Bank,individual,dev-47e08429fa09,,True,2025-08-24
falan750@idfcfirst,98990777239067,IDFB0798044,Falan Mand,IDFC First Bank,individual,dev-355adf981328,,True,2023-07-22
praneel751@idfcfirst,17690284507,IDFB0252987,Praneel Murty,IDFC First Bank,individual,dev-e26a8ff6a3b1,,True,2024-07-27
sarthak752@idfcfirst,8220357873,IDFB0825396,Sarthak Dhawan,IDFC First Bank,individual,dev-9963ce3113bb,,True,2024-08-19
faraj753@okicici,941772831172,ICIC0469738,Faraj Mistry,ICICI Bank,individual,dev-0b02eebb980e,,True,2024-09-18
wridesh754@okicici,9167600681043995,ICIC0949745,Wridesh Ramachandran,ICICI Bank,individual,dev-a36b933a9e31,,True,2023-09-25
leena755@okhdfcbank,594109418,HDFC0802013,Leena Dey,HDFC Bank,individual,dev-436912b4436d,,True,2025-01-01
xiti756@oksbi,165027831,SBIN0244870,Xiti Pal,State Bank of India,individual,dev-cd2febd77c88,,False,2025-11-01
guneet757@pnb,3967265129571,PUNB0217856,Guneet Sarkar,Punjab National Bank,individual,dev-e99df4f09338,,True,2026-01-26
faqid758@ybl,124136947,YESB0530139,Faqid Oak,Yes Bank,individual,dev-ab1160779f70,,True,2023-12-03
ranganathan759@ybl,9306361844850,YESB0578560,"Ranganathan, Narain and Balan Fashion",Yes Bank,merchant,dev-205e5ba51e33,,True,2023-09-06
mahajan760@pnb,0503389670,PUNB0063986,"Mahajan, Seshadri and Swaminathan Home Services",Punjab National Bank,merchant,dev-3c6cd5c6ab2b,,True,2024-08-05
ishani761@pnb,79065670721406,PUNB0565193,Ishani Prashad,Punjab National Bank,individual,dev-307a44832a60,,True,2024-04-05
quincy762@cnrb,072890061955825,CNRB0998753,Quincy Rai,Canara Bank,individual,dev-183fa605aca6,,True,2024-10-05
chakrika763@ybl,4490475883822903,YESB0629499,Chakrika Koshy,Yes Bank,individual,dev-85c8db69fb13,,True,2024-12-07
fitan764@okhdfcbank,58807961666,HDFC0428824,Fitan Loyal,HDFC Bank,individual,dev-5c3271865312,,True,2025-10-06
lajita765@kotak,378663730269,KKBK0495792,Lajita Dube,Kotak Mahindra Bank,individual,dev-112836dccee3,,True,2025-10-23
edhitha766@pnb,0040354226975,PUNB0138109,Edhitha Patel,Punjab National Bank,individual,dev-57e31e3e59b3,account_takeover,True,2025-06-16
gavin767@okicici,564971592572551,ICIC0177610,Gavin Ahluwalia,ICICI Bank,individual,dev-fd8125905ffd,,True,2025-01-10
sai768@idfcfirst,15652233293268,IDFB0464692,Sai Parsa,IDFC First Bank,individual,dev-5fccd8aa107b,,True,2024-12-31
harsh769@pnb,3938301211,PUNB0383346,Harsh Deo,Punjab National Bank,individual,dev-e605c6f9ff32,,True,2023-08-26
rachit770@okicici,5690107093297,ICIC0547246,Rachit Sankar,ICICI Bank,individual,dev-41ca92e3d9ba,innocent_bystander,True,2026-04-28
yauvani771@idfcfirst,9166792960519796,IDFB0396672,Yauvani Reddy,IDFC First Bank,individual,dev-b4e0a86d580e,,True,2026-06-09
atharv772@barodampay,061794246765622,BARB0930875,Atharv Chakraborty,Bank of Baroda,individual,dev-f30e50941375,,True,2023-10-15
girik773@barodampay,15241208415988,BARB0406004,Girik Nair,Bank of Baroda,individual,dev-2a774f5c25fc,,True,2024-12-04
advik774@okaxis,85909515005812,UTIB0391326,Advik Manne,Axis Bank,individual,dev-23b89e8a9170,,True,2026-01-27
lipika775@barodampay,4822272019892445,BARB0026808,Lipika Chad,Bank of Baroda,individual,dev-fcc507991c8a,,True,2023-10-14
omkaar776@okicici,9921160161007,ICIC0363364,Omkaar Rai,ICICI Bank,individual,dev-6dc2d248d5ae,,True,2024-11-05
liam777@barodampay,0468695426830,BARB0010480,Liam Luthra,Bank of Baroda,individual,dev-782fdfa13c9f,,True,2025-07-25
amrita778@okhdfcbank,05611641602720,HDFC0959992,Amrita Tailor,HDFC Bank,individual,dev-07da7a39d4de,innocent_bystander,True,2024-04-29
dev779@ybl,87917740192,YESB0637310,Dev Ganesh,Yes Bank,individual,dev-c7e80ff2c841,,True,2023-07-30
anya780@ybl,5157126938159,YESB0441556,Anya Sama,Yes Bank,individual,dev-0b90bd8168f3,,True,2024-07-30
veda781@pnb,8642201410601597,PUNB0032522,Veda Bose,Punjab National Bank,individual,dev-71a9fe2a1a6a,innocent_bystander,True,2025-06-25
zayan782@cnrb,920329469779627,CNRB0321686,Zayan Koshy,Canara Bank,individual,dev-544fb7549bb8,,True,2025-10-14
rohan783@barodampay,287118891887454,BARB0029259,Rohan Shankar,Bank of Baroda,individual,dev-805e2b80b589,,True,2025-12-19
krishna784@okicici,560848044079536,ICIC0360976,Krishna Modi,ICICI Bank,individual,dev-f416195c4792,account_takeover,True,2026-03-17
meghana785@pnb,99939885229,PUNB0502441,Meghana Natarajan,Punjab National Bank,individual,dev-94a18aed9446,,True,2023-10-08
rai786@pnb,414552099926,PUNB0140890,"Rai, Narayan and Sarraf Electronics",Punjab National Bank,merchant,dev-f6b2d2e701b0,,True,2025-04-24
qushi787@kotak,401476095,KKBK0348872,Qushi Deshpande,Kotak Mahindra Bank,individual,dev-c5a0fe6186ea,,True,2023-10-29
ekani788@kotak,6129025331,KKBK0423404,Ekani Iyer,Kotak Mahindra Bank,individual,dev-f97052c13c63,,True,2024-06-25
dipta789@idfcfirst,084760642260680,IDFB0007949,Dipta Goel,IDFC First Bank,individual,dev-d196830fcafe,,True,2025-04-10
eiravati790@oksbi,8022236797213793,SBIN0176222,Eiravati Manne,State Bank of India,individual,dev-9a974401962f,innocent_bystander,True,2024-08-26
swaminathan791@kotak,2543159678072,KKBK0664800,"Swaminathan, Kibe and Nanda Electronics",Kotak Mahindra Bank,merchant,dev-7b23defb336d,,True,2024-07-19
mandramaswamy792@okicici,8086649705807258,ICIC0492331,Mand-Ramaswamy Travel,ICICI Bank,merchant,dev-2a08a609ed80,,True,2026-04-15
ishaan793@cnrb,9636408357073,CNRB0544603,Ishaan Iyengar,Canara Bank,individual,dev-f0d20575c2b1,,True,2023-09-19
gole794@okicici,41753672150642,ICIC0598588,"Gole, Bala and Shenoy Fashion",ICICI Bank,merchant,dev-74ec24609a71,,True,2025-12-30
raksha795@okicici,805126801,ICIC0286743,Raksha Manne,ICICI Bank,individual,dev-c3f48cf17f06,,True,2026-01-15
biswas796@pnb,22185620043773,PUNB0433560,"Biswas, Rege and Tata Fashion",Punjab National Bank,merchant,dev-f7d5ad617e4a,,True,2024-01-26
chavvi797@barodampay,7053087899,BARB0700650,Chavvi Khurana,Bank of Baroda,individual,dev-44f5a588f67d,,True,2024-07-25
dubesampath798@kotak,465271267970840,KKBK0579046,Dube-Sampath Home Services,Kotak Mahindra Bank,merchant,dev-d50a9f2b2466,,True,2026-04-08
ethan799@kotak,9196525598433,KKBK0378472,Ethan Sen,Kotak Mahindra Bank,individual,dev-8e407a033d7e,,True,2024-12-07
nandini800@barodampay,150962635151,BARB0153136,Nandini Warrior,Bank of Baroda,individual,dev-129781953599,,True,2024-08-14
balhaar801@cnrb,0373109809836,CNRB0257949,Balhaar Parsa,Canara Bank,individual,dev-19aeee3fe2cb,,True,2023-09-18
ikbal802@okicici,239261964332582,ICIC0748317,Ikbal Kothari,ICICI Bank,individual,dev-e371f190ec35,,True,2025-07-24
ojas803@okhdfcbank,068359856,HDFC0961295,Ojas Basu,HDFC Bank,individual,dev-d61cf4cb9f90,,True,2025-04-06
garima804@barodampay,8565070597,BARB0506477,Garima Sani,Bank of Baroda,individual,dev-814aa151856d,,True,2024-07-30
advaith805@ybl,9343352431784265,YESB0551221,Advaith Chaudhari,Yes Bank,individual,dev-37224598b21a,,True,2026-05-05
tristan806@oksbi,27457076440228,SBIN0112705,Tristan Uppal,State Bank of India,individual,dev-d2de974a2d72,,True,2025-09-24
sanaya807@okicici,82573543107862,ICIC0018823,Sanaya Prasad,ICICI Bank,individual,dev-60e9b9a14b92,,False,2024-09-04
ubika808@pnb,366417210413247,PUNB0450472,Ubika Tella,Punjab National Bank,individual,dev-0e829e8e1ace,,True,2024-07-17
pai809@pnb,71158760895,PUNB0336700,Pai Inc Grocery,Punjab National Bank,merchant,dev-80589ca92856,,True,2023-10-09
henry810@okaxis,142603935967968,UTIB0508246,Henry Merchant,Axis Bank,individual,dev-873972d0e29a,gambling_network,True,2026-01-23
frederick811@okaxis,41339403711,UTIB0373410,Frederick D’Alia,Axis Bank,individual,dev-08ba555b96c5,,True,2025-01-05
ijaya812@pnb,33133292153470,PUNB0509182,Ijaya Muni,Punjab National Bank,individual,dev-0ee78c05f4df,,True,2024-02-24
tamanna813@idfcfirst,7425761928309,IDFB0588784,Tamanna Jhaveri,IDFC First Bank,individual,dev-be35ee36d641,,True,2023-11-07
ijaya814@okhdfcbank,5537879169593896,HDFC0704589,Ijaya Soni,HDFC Bank,individual,dev-16a7d585fa2e,,False,2026-01-20
raksha815@pnb,1364763499074,PUNB0001273,Raksha Sethi,Punjab National Bank,individual,dev-765555a2e3a4,,True,2024-07-22
ekalinga816@ybl,08377497804984,YESB0070330,Ekalinga Mital,Yes Bank,individual,dev-757a3f48c970,,True,2026-01-22
ishwar817@okicici,16559433851,ICIC0689804,Ishwar Bajaj,ICICI Bank,individual,dev-93b3ddbe4c1c,,True,2026-06-03
ikbal818@pnb,92610916585688,PUNB0721857,Ikbal Gala,Punjab National Bank,individual,dev-94ff9829979b,,True,2025-05-21
kohli819@kotak,836708991,KKBK0392657,"Kohli, Varty and Ghosh Electronics",Kotak Mahindra Bank,merchant,dev-d332893b89de,,True,2023-12-28
ganga820@idfcfirst,027319482333428,IDFB0326130,Ganga Sandhu,IDFC First Bank,individual,dev-db420771fcb3,,False,2026-04-20
vincent821@barodampay,44300523001,BARB0377269,Vincent Ravel,Bank of Baroda,individual,dev-6138dc297bf7,,False,2026-05-15
quincy822@okaxis,987144683,UTIB0556962,Quincy Sankaran,Axis Bank,individual,dev-860c8943ef13,innocent_bystander,True,2025-07-18
ayush823@barodampay,0386381652970004,BARB0417044,Ayush Hora,Bank of Baroda,individual,dev-e0f756b9061a,,True,2024-08-16
pushti824@okicici,303240743971,ICIC0146465,Pushti Ramachandran,ICICI Bank,individual,dev-ed1e8c0005aa,,True,2023-09-03
tanish825@oksbi,948881145938891,SBIN0241876,Tanish Jha,State Bank of India,individual,dev-bb564e388f7b,,True,2023-11-12
dev826@barodampay,58368220307,BARB0088811,Dev Chaudry,Bank of Baroda,individual,dev-557c42b15bf2,,True,2024-12-17
jasmit827@pnb,16314703930469,PUNB0628865,Jasmit Nanda,Punjab National Bank,individual,dev-097def0c0ecf,,True,2024-03-13
tanvi828@okicici,71505429203704,ICIC0417363,Tanvi Comar,ICICI Bank,individual,dev-2c61a3dd506f,,True,2024-10-20
vrishti829@okicici,0200648276687,ICIC0745599,Vrishti Wable,ICICI Bank,individual,dev-efc355bddad5,,True,2025-03-24
munshi830@cnrb,597437287626,CNRB0820841,"Munshi, Rama and Ramanathan Fuel",Canara Bank,merchant,dev-cdb06b12d39f,,True,2023-09-24
ijaya831@idfcfirst,2732357908,IDFB0388948,Ijaya Pandey,IDFC First Bank,individual,dev-62e2e8cee69c,,True,2024-06-09
orinder832@okhdfcbank,3461308244379581,HDFC0966413,Orinder Mishra,HDFC Bank,individual,dev-0b8dab1df95c,,True,2026-06-27
krish833@cnrb,2575276288,CNRB0603698,Krish Munshi,Canara Bank,individual,dev-22b1d04bcc28,,True,2024-10-24
khare834@okhdfcbank,896628747961,HDFC0330450,Khare LLC Utilities,HDFC Bank,merchant,dev-b914652f21db,,True,2023-12-04
qadim835@ybl,0758838046,YESB0466227,Qadim Prakash,Yes Bank,individual,dev-98ad4fbd5e38,,True,2025-02-15
yasti836@kotak,4695384615,KKBK0426307,Yasti Rama,Kotak Mahindra Bank,individual,dev-ace97d1f4e00,,True,2025-12-26
devirajagopal837@cnrb,9270833153914,CNRB0900186,Devi-Rajagopal Fuel,Canara Bank,merchant,dev-d495aace1088,,True,2025-01-02
quincy838@pnb,7231431873,PUNB0057637,Quincy Sur,Punjab National Bank,individual,dev-63375ed89e1c,,False,2024-08-03
ojas839@pnb,6903274749709903,PUNB0970566,Ojas Suri,Punjab National Bank,individual,dev-98ab86d63c15,innocent_bystander,True,2025-06-29
logan840@pnb,342587245674361,PUNB0674143,Logan Grover,Punjab National Bank,individual,dev-015a74e54cf6,,True,2024-06-17
shravya841@ybl,0728734040962,YESB0803718,Shravya Bera,Yes Bank,individual,dev-b36801052728,,True,2024-02-13
aditya842@okhdfcbank,329550464680984,HDFC0763426,Aditya Sundaram,HDFC Bank,individual,dev-5a1908115bc0,,True,2026-03-19
robert843@cnrb,6895545665410,CNRB0420771,Robert Rajagopalan,Canara Bank,individual,dev-ae4681650c9b,,True,2023-12-20
nilima844@idfcfirst,9502120746,IDFB0999909,Nilima Swamy,IDFC First Bank,individual,dev-1815aea58563,,True,2026-05-11
sawhneysuresh845@okicici,36994609037,ICIC0969737,Sawhney-Suresh Electronics,ICICI Bank,merchant,dev-96dde72bf625,,True,2023-12-06
fitan846@okhdfcbank,4167449620866,HDFC0282849,Fitan Balasubramanian,HDFC Bank,individual,dev-f4a0a62fbe14,,True,2026-06-17
brinda847@okicici,9940353093695,ICIC0694449,Brinda Bali,ICICI Bank,individual,dev-0dea3109fad1,,True,2024-03-26
karyogi848@ybl,83721135785419,YESB0396055,Kar-Yogi Travel,Yes Bank,merchant,dev-f07ebfc33154,,True,2024-05-13
om849@okhdfcbank,25803913462723,HDFC0573261,Om Shankar,HDFC Bank,individual,dev-b10a180322ce,innocent_bystander,True,2023-08-03
yasti850@ybl,471881920378,YESB0645716,Yasti Chowdhury,Yes Bank,individual,dev-d203aacf927c,,True,2023-09-28
comar851@okicici,9264296489783326,ICIC0803167,"Comar, Loyal and Peri Grocery",ICICI Bank,merchant,dev-106e16a93077,,True,2024-05-21
barman852@cnrb,757359030570547,CNRB0220131,"Barman, Sastry and Kamdar Travel",Canara Bank,merchant,dev-2e81ac29b441,,True,2024-01-20
harsh853@kotak,254929671,KKBK0019157,Harsh Kota,Kotak Mahindra Bank,individual,dev-542e13bbeea3,,True,2025-08-21
bachittar854@cnrb,165169083,CNRB0397785,Bachittar Sengupta,Canara Bank,individual,dev-e29f92b7d070,,True,2026-06-05
ijaya855@okhdfcbank,495924819762882,HDFC0587144,Ijaya Chahal,HDFC Bank,individual,dev-0027860f7e47,,True,2024-03-10
jacob856@barodampay,9001759235,BARB0073067,Jacob Khalsa,Bank of Baroda,individual,dev-d91d25ebfbb0,,True,2026-04-25
indali857@idfcfirst,16624817893294,IDFB0568933,Indali Sangha,IDFC First Bank,individual,dev-fa4f558317ed,,True,2025-02-04
liam858@barodampay,734027027844,BARB0509223,Liam Jhaveri,Bank of Baroda,individual,dev-a84928c5d5e0,,True,2025-12-29
daniel859@okhdfcbank,19560184694380,HDFC0455002,Daniel Panchal,HDFC Bank,individual,dev-c7d3d3da8530,,True,2025-05-14
mand860@okicici,38378461439979,ICIC0975916,"Mand, Yohannan and Ganguly Travel",ICICI Bank,merchant,dev-5e2f93c4b4a5,,True,2024-03-16
brinda861@okicici,0323164907,ICIC0909729,Brinda Mann,ICICI Bank,individual,dev-d526757c4ff6,,True,2023-11-19
yoshita862@kotak,627038666192,KKBK0786439,Yoshita Chandran,Kotak Mahindra Bank,individual,dev-5d486cfd382e,,True,2026-07-02
sabharwal863@barodampay,593765887595613,BARB0904694,Sabharwal Inc Utilities,Bank of Baroda,merchant,dev-1d2f787fbe71,,True,2026-06-13
jonathan864@ybl,28516382861774,YESB0160702,Jonathan Deo,Yes Bank,individual,dev-1a22607add4f,,True,2025-01-28
madhav865@okhdfcbank,965280116171678,HDFC0292832,Madhav Nagy,HDFC Bank,individual,dev-c08e1f13c75e,,True,2024-03-10
maya866@okhdfcbank,0446448588896,HDFC0561759,Maya Suri,HDFC Bank,individual,dev-6081d2873330,,True,2024-12-30
amruta867@ybl,5500720761440638,YESB0115724,Amruta Sachdeva,Yes Bank,individual,dev-4174dcd8dee4,,True,2024-06-04
sethborra868@cnrb,559755646,CNRB0195444,Seth-Borra Fuel,Canara Bank,merchant,dev-d75494d430ec,,True,2025-07-19
neha869@kotak,1567003501427,KKBK0034713,Neha Varma,Kotak Mahindra Bank,individual,dev-2a556ae354e9,,True,2024-07-25
jyoti870@oksbi,71845503799,SBIN0535702,Jyoti Sha,State Bank of India,individual,dev-2ec20f428826,,True,2025-09-12
falak871@kotak,69975058879514,KKBK0318714,Falak Agate,Kotak Mahindra Bank,individual,dev-5517e5d5578c,,True,2023-08-18
tara872@kotak,51865458746,KKBK0929803,Tara Parmar,Kotak Mahindra Bank,individual,dev-e28e84530f25,,True,2024-04-06
mitali873@okaxis,612525458,UTIB0155182,Mitali Kamdar,Axis Bank,individual,dev-493fd1cb6a12,,True,2024-03-08
siddharth874@oksbi,0378143724847,SBIN0621925,Siddharth Talwar,State Bank of India,individual,dev-a546ef9871b6,innocent_bystander,True,2026-02-23
ekantika875@pnb,100810928,PUNB0960523,Ekantika Mander,Punjab National Bank,individual,dev-3e4fe885148a,,True,2026-02-23
kalpit876@idfcfirst,2938018205,IDFB0147283,Kalpit Sundaram,IDFC First Bank,individual,dev-f7d0b40f1440,,True,2025-11-24
chanakya877@pnb,69634573076,PUNB0101441,Chanakya Batra,Punjab National Bank,individual,dev-6f0066a0a419,,True,2024-07-27
tripti878@okhdfcbank,9911154721666359,HDFC0611197,Tripti Babu,HDFC Bank,individual,dev-43b8b7eeeaaa,,True,2024-05-02
dugar879@okhdfcbank,00931781972746,HDFC0126905,Dugar Group Food & Dining,HDFC Bank,merchant,dev-631f863e4356,,True,2024-02-11
aadi880@ybl,77452424162758,YESB0221170,Aadi Sangha,Yes Bank,individual,dev-15b6df45cbed,,True,2025-07-25
kevin881@barodampay,478332457220,BARB0093890,Kevin Mittal,Bank of Baroda,individual,dev-6311340dd351,innocent_bystander,True,2023-12-11
anusha882@barodampay,5269250274,BARB0199227,Anusha Chander,Bank of Baroda,individual,dev-0a8cdb5511f5,account_takeover,True,2026-03-28
zashil883@cnrb,388205781370720,CNRB0241920,Zashil Butala,Canara Bank,individual,dev-2616e8bd7c6c,,True,2026-03-06
noah884@cnrb,74091915364,CNRB0367342,Noah Ben,Canara Bank,individual,dev-a2b61d7ae133,account_takeover,True,2026-06-05
dalaja885@okicici,992745369,ICIC0652222,Dalaja Kaur,ICICI Bank,individual,dev-0ad0bceb503a,,True,2025-05-14
gavin886@barodampay,025861743,BARB0771657,Gavin Chandran,Bank of Baroda,individual,dev-4d5aaf4b372f,,True,2025-05-23
tanay887@okhdfcbank,1267671583819766,HDFC0936327,Tanay Sood,HDFC Bank,individual,dev-58517b60c32a,,True,2024-05-30
kevin888@idfcfirst,492969684422,IDFB0037691,Kevin Kara,IDFC First Bank,individual,dev-7d2e2962b986,,True,2026-06-18
aditya889@idfcfirst,0965143932919936,IDFB0796751,Aditya Anand,IDFC First Bank,individual,dev-36384b894c7d,,True,2023-07-19
jai890@okhdfcbank,0528799446427,HDFC0451085,Jai Sami,HDFC Bank,individual,dev-7eca1cf17d3a,innocent_bystander,True,2026-01-05
vanya891@oksbi,17137823149,SBIN0304222,Vanya Bobal,State Bank of India,individual,dev-4be389421c0d,,True,2024-07-21
leela892@ybl,4808531705191,YESB0802824,Leela Chakraborty,Yes Bank,individual,dev-370ff692e2b2,,True,2025-05-03
harshil893@cnrb,856730865587,CNRB0670113,Harshil Munshi,Canara Bank,individual,dev-d2e031c8fd30,innocent_bystander,True,2025-10-07
chandani894@barodampay,1865449698,BARB0767640,Chandani Devan,Bank of Baroda,individual,dev-3122bb8d0723,innocent_bystander,True,2025-02-02
deoldhar895@idfcfirst,234269851829,IDFB0395430,Deol-Dhar Home Services,IDFC First Bank,merchant,dev-955dba84aef9,,True,2024-08-06
abhiram896@kotak,0702965878641372,KKBK0670974,Abhiram Gala,Kotak Mahindra Bank,individual,dev-afa02722c060,,True,2024-12-21
indali897@okaxis,12026940042,UTIB0576751,Indali Kala,Axis Bank,individual,dev-7b1b481ec35d,gambling_network,True,2024-10-01
nisha898@oksbi,4246379411843694,SBIN0315227,Nisha Savant,State Bank of India,individual,dev-0e43dbdc1741,,True,2024-07-29
gabriel899@barodampay,6716713891755584,BARB0589311,Gabriel Chaudhry,Bank of Baroda,individual,dev-357f55abe803,,True,2025-10-19
jatin900@idfcfirst,8206651947850868,IDFB0612618,Jatin Rajagopalan,IDFC First Bank,individual,dev-86d74ee8f06d,gambling_network,True,2024-08-30
pushti901@okicici,303756174,ICIC0286993,Pushti Murty,ICICI Bank,individual,dev-ac3de8a61286,,True,2024-11-21
yug902@kotak,690536801943,KKBK0152241,Yug Malhotra,Kotak Mahindra Bank,individual,dev-36ddb25a239e,,True,2023-08-30
yuvraj903@okicici,5129372968,ICIC0516366,Yuvraj Mane,ICICI Bank,individual,dev-2a1103e86ecd,,True,2026-05-12
charvi904@kotak,00714651702,KKBK0109215,Charvi Jha,Kotak Mahindra Bank,individual,dev-179b39837305,,True,2023-11-05
upadhyay905@okaxis,008928513271173,UTIB0250008,"Upadhyay, Gulati and Ramanathan Food & Dining",Axis Bank,merchant,dev-8514cccec57d,,True,2025-10-05
chatura906@ybl,7476037988,YESB0956635,Chatura Khatri,Yes Bank,individual,dev-af8febe480b6,,True,2023-07-26
libni907@ybl,512804628503329,YESB0360506,Libni Chowdhury,Yes Bank,individual,dev-52e76d8001d2,innocent_bystander,True,2025-08-23
xalak908@okicici,353616002,ICIC0174462,Xalak Bobal,ICICI Bank,individual,dev-7dc89f7d3ded,,True,2025-04-16
jalsa909@okicici,1314105967891268,ICIC0773839,Jalsa Nadig,ICICI Bank,individual,dev-dd4046ba0ac9,,True,2023-11-25
lila910@idfcfirst,3458753368074103,IDFB0248284,Lila Salvi,IDFC First Bank,individual,dev-141fa71a6d62,,True,2023-10-25
orinder911@kotak,95098571594,KKBK0038953,Orinder Sinha,Kotak Mahindra Bank,individual,dev-086dd3c1d697,,True,2025-10-12
anay912@cnrb,369814928,CNRB0490659,Anay Bir,Canara Bank,individual,dev-88a3798583a3,,True,2026-02-08
adweta913@oksbi,164707283040275,SBIN0708760,Adweta Kale,State Bank of India,individual,dev-98c8dfe0a62f,innocent_bystander,True,2025-11-18
bhasin914@pnb,62031337319023,PUNB0062520,Bhasin Group Fuel,Punjab National Bank,merchant,dev-b03c41e60a2e,,True,2023-12-13
mangat915@okicici,26456068723,ICIC0961380,"Mangat, Thaker and Sagar Fuel",ICICI Bank,merchant,dev-fb1c3ccad950,,True,2026-02-16
neelima916@okicici,165945897689726,ICIC0236182,Neelima Butala,ICICI Bank,individual,dev-1f9c0b804b4b,,True,2026-01-16
arunima917@idfcfirst,429850129405954,IDFB0175815,Arunima Chacko,IDFC First Bank,individual,dev-638ef8e0080e,innocent_bystander,True,2024-01-18
farhan918@oksbi,263438558611306,SBIN0495336,Farhan Vaidya,State Bank of India,individual,dev-f9bf520b7bfd,innocent_bystander,True,2023-08-01
nachiket919@ybl,9411501254559246,YESB0273945,Nachiket Yadav,Yes Bank,individual,dev-1a82632e5286,,True,2026-04-28
mahika920@okaxis,1054390054804,UTIB0146653,Mahika Bhatti,Axis Bank,individual,dev-d50f8b0a2f22,innocent_bystander,True,2026-01-08
rajeshri921@kotak,188946813466941,KKBK0189903,Rajeshri Khare,Kotak Mahindra Bank,individual,dev-ff8bfcccdb61,,True,2026-04-23
yash922@barodampay,298080181315,BARB0057185,Yash Chadha,Bank of Baroda,individual,dev-0bff97495a7a,,True,2025-09-27
jack923@barodampay,7231676142734,BARB0454366,Jack Setty,Bank of Baroda,individual,dev-e5fbc2c2d38a,,True,2024-08-07
dayamai924@pnb,74139979571,PUNB0298764,Dayamai Gill,Punjab National Bank,individual,dev-8acc342cac52,,True,2025-07-31
advik925@barodampay,01011008150,BARB0947141,Advik Devan,Bank of Baroda,individual,dev-8b092d3d3b55,,True,2025-03-30
nihal926@cnrb,7915691803628912,CNRB0074148,Nihal Taneja,Canara Bank,individual,dev-f3eec8b5152a,innocent_bystander,True,2025-12-26
virkvarughese927@kotak,654342278833025,KKBK0267791,Virk-Varughese Utilities,Kotak Mahindra Bank,merchant,dev-cd9bc4bb41d2,,True,2023-12-28
lad928@kotak,45386973306,KKBK0749645,"Lad, Ganesan and Prabhu Home Services",Kotak Mahindra Bank,merchant,dev-70f5ad5aba11,,True,2026-02-10
luthra929@oksbi,648662680,SBIN0734345,Luthra Ltd Travel,State Bank of India,merchant,dev-2c2936e1f5d8,,True,2025-07-23
ayushman930@okaxis,38000203071986,UTIB0798159,Ayushman Nayak,Axis Bank,individual,dev-679765c61687,,True,2025-10-23
anita931@okaxis,27509984207816,UTIB0026742,Anita Viswanathan,Axis Bank,individual,dev-29b9cfc6e46d,,True,2023-11-29
adya932@ybl,925437575947,YESB0612948,Adya Bose,Yes Bank,individual,dev-989428cd186d,,True,2024-08-18
tamanna933@kotak,3823995119263,KKBK0496653,Tamanna Vaidya,Kotak Mahindra Bank,individual,dev-696e6efceb44,account_takeover,True,2023-07-20
christopher934@kotak,986058078027,KKBK0911602,Christopher Tata,Kotak Mahindra Bank,individual,dev-1f6f5cc56e5a,,True,2023-10-29
ganesan935@barodampay,122543167,BARB0640296,"Ganesan, Pillai and Dugar Electronics",Bank of Baroda,merchant,dev-7f53b0ce2aa3,,True,2023-09-20
harshil936@ybl,767563322631084,YESB0576443,Harshil D’Alia,Yes Bank,individual,dev-561da4e7637e,innocent_bystander,True,2025-09-04
yashodhara937@cnrb,79528851441,CNRB0402114,Yashodhara Agate,Canara Bank,individual,dev-4b9844279df9,,True,2024-02-25
advik938@kotak,281973195880,KKBK0683788,Advik Konda,Kotak Mahindra Bank,individual,dev-8f708b55573c,gambling_network,True,2024-01-08
urmi939@okicici,938398196752,ICIC0984746,Urmi Patla,ICICI Bank,individual,dev-c3bcd61cab79,,True,2024-04-30
mason940@okicici,6492933477701891,ICIC0904140,Mason Gola,ICICI Bank,individual,dev-b6ed2f439c2b,,True,2024-07-01
saini941@idfcfirst,030602522870841,IDFB0906697,Saini and Sons Fuel,IDFC First Bank,merchant,dev-2aef465652a9,,True,2025-06-15
yuvraj942@okhdfcbank,649608134299133,HDFC0671068,Yuvraj Saha,HDFC Bank,individual,dev-e9cf07998dfd,,True,2026-03-24
anika943@cnrb,51737292937500,CNRB0405118,Anika Brahmbhatt,Canara Bank,individual,dev-e8696a31dc78,,True,2023-12-19
jagdish944@okaxis,34854759525,UTIB0773596,Jagdish Thakkar,Axis Bank,individual,dev-ab218f363535,innocent_bystander,True,2025-04-15
praneel945@pnb,0383177687,PUNB0634673,Praneel Kapoor,Punjab National Bank,individual,dev-867395e387ff,,True,2025-07-13
nandini946@kotak,47405232192583,KKBK0937292,Nandini Biswas,Kotak Mahindra Bank,individual,dev-b1ff80672997,,True,2024-01-14
barkha947@kotak,913235466207116,KKBK0263010,Barkha Mukhopadhyay,Kotak Mahindra Bank,individual,dev-3d0c93300227,innocent_bystander,True,2023-11-29
gabriel948@ybl,89367729501,YESB0727596,Gabriel Shan,Yes Bank,individual,dev-4567426d1c95,,True,2025-02-17
jyoti949@pnb,90906378888347,PUNB0168375,Jyoti Iyer,Punjab National Bank,individual,dev-afdecf93e000,,True,2025-11-18
daksha950@idfcfirst,4070649647114,IDFB0857972,Daksha Kibe,IDFC First Bank,individual,dev-307ef0d17cb7,,True,2025-03-11
pillaytak951@okicici,1883170534894284,ICIC0199849,Pillay-Tak Home Services,ICICI Bank,merchant,dev-a4e621e71a8f,,True,2026-03-27
yatan952@okicici,017695467639332,ICIC0299766,Yatan Dora,ICICI Bank,individual,dev-80a686362a2e,,True,2025-05-29
nimrat953@kotak,9504507606,KKBK0222748,Nimrat Bajwa,Kotak Mahindra Bank,individual,dev-53ef02bce8ca,gambling_network,True,2023-09-30
hiral954@ybl,0806373097005,YESB0956590,Hiral Andra,Yes Bank,individual,dev-c792eb932653,,True,2025-06-27
agarwalpuri955@barodampay,711479696,BARB0847887,Agarwal-Puri Grocery,Bank of Baroda,merchant,dev-59e80a2dd553,,True,2025-06-08
hemang956@barodampay,42478487975,BARB0674170,Hemang Jha,Bank of Baroda,individual,dev-d9e751519e03,,True,2023-11-16
oni957@cnrb,9848919049726,CNRB0214666,Oni Swamy,Canara Bank,individual,dev-1163bd3cb8a4,,True,2024-02-18
lucky958@oksbi,36067284619,SBIN0246580,Lucky Mammen,State Bank of India,individual,dev-0c0149a09469,,True,2023-09-07
caleb959@ybl,268858906706,YESB0913475,Caleb Kata,Yes Bank,individual,dev-2600aa4498b7,,True,2025-04-12
kashish960@kotak,735213081322378,KKBK0188732,Kashish Shanker,Kotak Mahindra Bank,individual,dev-23d2343dfbbc,,True,2024-11-24
girish961@okaxis,4999088873758,UTIB0351472,Girish Tiwari,Axis Bank,individual,dev-fa2f1cbe738b,,True,2024-09-07
meera962@idfcfirst,6406553871010,IDFB0709289,Meera Borde,IDFC First Bank,individual,dev-0306c69e1443,,True,2023-08-28
radhika963@pnb,8379812710241135,PUNB0544432,Radhika De,Punjab National Bank,individual,dev-fcdd54cc8e2f,,True,2025-04-09
bishakha964@oksbi,89517434229,SBIN0278506,Bishakha Lal,State Bank of India,individual,dev-8b17697567ff,,True,2025-08-23
maya965@oksbi,81839123978,SBIN0552908,Maya Narain,State Bank of India,individual,dev-3d8678cb55f2,,True,2024-10-02
sneha966@barodampay,97978193734757,BARB0079038,Sneha Magar,Bank of Baroda,individual,dev-d57c57d5c177,innocent_bystander,True,2025-07-01
borde967@cnrb,618894377256,CNRB0454971,Borde and Sons Pharmacy,Canara Bank,merchant,dev-d598055fcaed,,True,2025-06-12
ikbal968@okaxis,455547894304928,UTIB0756622,Ikbal Dugal,Axis Bank,individual,dev-1f9cf8a831d1,,True,2025-06-08
nitesh969@cnrb,3107724241,CNRB0946260,Nitesh Sengupta,Canara Bank,individual,dev-2daa79b8803b,,True,2024-11-01
dipta970@okicici,690301921094726,ICIC0886046,Dipta Ray,ICICI Bank,individual,dev-a767cfab8f8a,,True,2025-12-22
ishita971@oksbi,3215169968962,SBIN0500833,Ishita Johal,State Bank of India,individual,dev-d93965dbeb1a,,True,2024-02-16
darika972@okaxis,383695638,UTIB0075055,Darika Sheth,Axis Bank,individual,dev-1421bf460f57,,True,2025-03-13
jagdish973@pnb,704692078,PUNB0565057,Jagdish Chana,Punjab National Bank,individual,dev-762a780f1003,innocent_bystander,True,2024-03-31
daksha974@okaxis,9292346370665679,UTIB0218382,Daksha Baria,Axis Bank,individual,dev-3b1b137acca3,,True,2023-09-05
falak975@okaxis,11338845257795,UTIB0340318,Falak Divan,Axis Bank,individual,dev-ccfacf11d524,,True,2024-10-14
kothari976@ybl,673655735512,YESB0089436,Kothari LLC Fashion,Yes Bank,merchant,dev-4eb3b132cb0b,,True,2023-11-26
yochana977@okicici,3450107273713245,ICIC0168341,Yochana Bawa,ICICI Bank,individual,dev-e153c0aaa3ca,,True,2024-08-12
abha978@idfcfirst,3800599542911,IDFB0508340,Abha Ghosh,IDFC First Bank,individual,dev-49e37764bf2e,,True,2025-08-27
nidhi979@idfcfirst,17167110761572,IDFB0605637,Nidhi Sethi,IDFC First Bank,individual,dev-16f6f24adec6,account_takeover,True,2023-07-21
girindra980@okaxis,184671948446,UTIB0190897,Girindra Shere,Axis Bank,individual,dev-18e1de9b9a53,,True,2025-05-29
dey981@barodampay,414672196931337,BARB0716125,Dey Inc Food & Dining,Bank of Baroda,merchant,dev-10f95012aa5b,,True,2024-06-15
david982@okaxis,4918921680,UTIB0640722,David Kapadia,Axis Bank,individual,dev-46290cdfca16,,True,2024-06-02
rudra983@pnb,157447086743569,PUNB0857359,Rudra Rattan,Punjab National Bank,individual,dev-a9d2cb0df0c8,,True,2023-10-18
chadlad984@okhdfcbank,255048184567612,HDFC0845209,Chad-Lad Fuel,HDFC Bank,merchant,dev-cb04470a3461,,True,2025-09-10
anthony985@oksbi,1772040148962361,SBIN0518599,Anthony Bhattacharyya,State Bank of India,individual,dev-f5a0d7c49626,,True,2023-08-10
sachi986@okhdfcbank,408735323186,HDFC0930386,Sachi Dave,HDFC Bank,individual,dev-c65cae013db2,,True,2026-05-23
garima987@okhdfcbank,1214621507,HDFC0382581,Garima Das,HDFC Bank,individual,dev-c6c9f26801f3,,True,2023-07-30
shenoy988@barodampay,5827364925160,BARB0411620,Shenoy Inc Food & Dining,Bank of Baroda,merchant,dev-00b888027473,,True,2025-03-27
sant989@cnrb,984410744,CNRB0343226,Sant Ltd Home Services,Canara Bank,merchant,dev-bb0b2b50094e,,True,2024-11-26
watika990@okaxis,760524075,UTIB0362281,Watika Balan,Axis Bank,individual,dev-566b34e0a052,account_takeover,True,2025-02-01
pooja991@barodampay,3989367299,BARB0110346,Pooja Gera,Bank of Baroda,individual,dev-0fbdedc34cfb,,True,2025-05-09
tanish992@barodampay,353556456450818,BARB0760275,Tanish Grover,Bank of Baroda,individual,dev-4bfc99f25662,,True,2026-01-19
ati993@cnrb,367646464323781,CNRB0182796,Ati Sehgal,Canara Bank,individual,dev-5d35db814227,gambling_network,True,2025-08-26
banerjee994@okhdfcbank,2113734396645868,HDFC0040425,Banerjee PLC Utilities,HDFC Bank,merchant,dev-81550ddc8678,,True,2026-02-23
chakrika995@barodampay,51719633607,BARB0552170,Chakrika Tara,Bank of Baroda,individual,dev-34359d3826e0,,True,2025-06-04
varenya996@barodampay,4241516498647613,BARB0992175,Varenya Bhat,Bank of Baroda,individual,dev-7c74d551877a,innocent_bystander,True,2025-01-06
ati997@ybl,3104568318750468,YESB0508184,Ati Rajagopal,Yes Bank,individual,dev-07c88176113b,,True,2024-08-13
oni998@kotak,158152756226,KKBK0352926,Oni Iyengar,Kotak Mahindra Bank,individual,dev-fb77c5b0e1e6,,True,2026-02-03
anirudh999@okaxis,771684895,UTIB0101747,Anirudh Raja,Axis Bank,individual,dev-870c129e5cc7,,True,2023-12-22
varsha1000@idfcfirst,99278851476326,IDFB0428370,Varsha Sundaram,IDFC First Bank,individual,dev-44b5da782484,,True,2023-12-31
yadavi1001@okaxis,50176692839,UTIB0783172,Yadavi Nagy,Axis Bank,individual,dev-e6179e363f75,,True,2026-07-10
anamika1002@pnb,4061211058,PUNB0301517,Anamika Gole,Punjab National Bank,individual,dev-b7efadc7c0fe,,True,2025-10-20
eiravati1003@okicici,355331257757533,ICIC0518711,Eiravati Kanda,ICICI Bank,individual,dev-02aec24e86fe,account_takeover,True,2023-08-23
mand1004@okhdfcbank,8075660736,HDFC0293953,Mand Inc Fuel,HDFC Bank,merchant,dev-484079658b75,,True,2023-07-21
ishita1005@idfcfirst,6586077999,IDFB0042774,Ishita Kaul,IDFC First Bank,individual,dev-4ad653a1e0ea,,True,2026-06-09
chaudhry1006@idfcfirst,2429410927086282,IDFB0997788,Chaudhry and Sons Home Services,IDFC First Bank,merchant,dev-34247a99dc9f,,True,2025-06-14
amaira1007@okhdfcbank,7059070858478364,HDFC0431896,Amaira Walla,HDFC Bank,individual,dev-d967bbcc4399,,True,2023-11-18
theodore1008@okaxis,8844248564775,UTIB0934498,Theodore Rama,Axis Bank,individual,dev-6e2240e0021c,,True,2025-07-17
oscar1009@okicici,7381806867,ICIC0343813,Oscar Goda,ICICI Bank,individual,dev-de13bd495e21,account_takeover,True,2025-05-06
eesha1010@okhdfcbank,72705536362579,HDFC0360291,Eesha Parmer,HDFC Bank,individual,dev-216405797888,gambling_network,True,2024-01-14
bala1011@ybl,6816488824092649,YESB0821278,"Bala, Pandey and Dhar Utilities",Yes Bank,merchant,dev-b4e5e4c663b6,,True,2025-12-20
waida1012@okaxis,2974012481530,UTIB0619328,Waida More,Axis Bank,individual,dev-100f4ab4287f,,True,2024-09-17
vritti1013@pnb,421745479,PUNB0512867,Vritti Barad,Punjab National Bank,individual,dev-11f3d427547a,,True,2026-05-15
daksh1014@idfcfirst,9622601074076,IDFB0718637,Daksh Kaul,IDFC First Bank,individual,dev-e1a1c8296431,,True,2024-09-28
anmol1015@okhdfcbank,592215282613,HDFC0171196,Anmol Vyas,HDFC Bank,individual,dev-907d6c8d5416,,True,2023-09-12
aadi1016@oksbi,214063350396554,SBIN0936626,Aadi Narula,State Bank of India,individual,dev-51c22bee4ddb,,True,2024-10-15
kalpit1017@barodampay,2438719635104,BARB0782175,Kalpit Oak,Bank of Baroda,individual,dev-862a125a702a,account_takeover,True,2025-05-11
ekiya1018@idfcfirst,1276447419320491,IDFB0244700,Ekiya Bhargava,IDFC First Bank,individual,dev-9612b52d73c0,,True,2025-09-07
manbir1019@barodampay,44457706983,BARB0782982,Manbir Dhar,Bank of Baroda,individual,dev-9cb60ccd9b2a,,True,2023-10-22
janya1020@cnrb,6833799197102,CNRB0929426,Janya Bora,Canara Bank,individual,dev-750e43c11e4d,,True,2026-05-30
meghana1021@barodampay,919177819715843,BARB0275529,Meghana Chaudhuri,Bank of Baroda,individual,dev-386814840e4e,,True,2024-02-21
chasmum1022@kotak,97545728217,KKBK0708348,Chasmum Naidu,Kotak Mahindra Bank,individual,dev-5751b35595f5,,True,2025-11-05
nakul1023@cnrb,607775046,CNRB0569442,Nakul Sarkar,Canara Bank,individual,dev-c5f51793af59,,True,2024-03-25
edhitha1024@kotak,16301942167313,KKBK0665262,Edhitha Ghosh,Kotak Mahindra Bank,individual,dev-3b8e2e1df2a9,,True,2024-10-14
udant1025@okhdfcbank,229536517117,HDFC0444763,Udant Gill,HDFC Bank,individual,dev-9ef8df384b24,,True,2025-09-24
damyanti1026@okaxis,9312693014006,UTIB0824369,Damyanti Menon,Axis Bank,individual,dev-c7e4b03b5041,,True,2026-03-20
peter1027@pnb,111467021,PUNB0145842,Peter Agarwal,Punjab National Bank,individual,dev-161215bf714a,,True,2026-06-20
bachittar1028@okicici,50826378795054,ICIC0718889,Bachittar Gopal,ICICI Bank,individual,dev-5089aa3fb813,,True,2026-05-05
timothy1029@okicici,193221642864,ICIC0513222,Timothy Chawla,ICICI Bank,individual,dev-f9a5fda7b8f7,,True,2026-01-10
lohit1030@ybl,2822060891091,YESB0407627,Lohit Narula,Yes Bank,individual,dev-9580f7deaf7e,,True,2025-09-27
wazir1031@barodampay,3268079963194377,BARB0809355,Wazir Palan,Bank of Baroda,individual,dev-1a71fbe10f6c,,True,2024-07-01
oliver1032@okhdfcbank,689374132911555,HDFC0148108,Oliver Chakrabarti,HDFC Bank,individual,dev-abb7a17faf60,account_takeover,True,2026-02-10
sanya1033@ybl,4485584878451,YESB0111341,Sanya Apte,Yes Bank,individual,dev-4369841b08ba,,True,2024-06-07
kadakiakrish1034@okaxis,6202470833,UTIB0015575,Kadakia-Krish Fashion,Axis Bank,merchant,dev-89d1be463bdb,,True,2025-03-10
bir1035@okaxis,9553478767022,UTIB0653907,"Bir, Palla and Kunda Utilities",Axis Bank,merchant,dev-b665dbc0fa99,,True,2025-06-16
agarwal1036@ybl,00452629165161,YESB0539584,Agarwal Inc Electronics,Yes Bank,merchant,dev-1d70c1a2de1e,,True,2024-05-06
raksha1037@okicici,5706408282538978,ICIC0768913,Raksha Saini,ICICI Bank,individual,dev-bfdf1d4b4555,,True,2025-02-21
odika1038@pnb,569848913,PUNB0743040,Odika Tailor,Punjab National Bank,individual,dev-4efad4830d33,account_takeover,True,2025-07-01
indali1039@okhdfcbank,2614962752995045,HDFC0929792,Indali Prashad,HDFC Bank,individual,dev-7267a5bbe69c,,True,2023-09-09
varenya1040@pnb,0766719912299,PUNB0265013,Varenya Kar,Punjab National Bank,individual,dev-5be470a16c26,innocent_bystander,True,2024-10-27
siya1041@oksbi,8882111668027,SBIN0681294,Siya Borah,State Bank of India,individual,dev-41086c6dee4f,,True,2024-02-04
chaitaly1042@okhdfcbank,7433387215673414,HDFC0687496,Chaitaly Bahri,HDFC Bank,individual,dev-211cee4d04f9,,True,2023-11-23
advika1043@oksbi,298547748120,SBIN0119097,Advika Cheema,State Bank of India,individual,dev-8055e332feb2,,True,2026-02-01
hema1044@okhdfcbank,302074759711,HDFC0889264,Hema Garde,HDFC Bank,individual,dev-d866e4440484,gambling_network,True,2025-04-17
naveen1045@pnb,2929961290,PUNB0503806,Naveen Borde,Punjab National Bank,individual,dev-d9c4a5987b78,,True,2023-08-10
hamsini1046@idfcfirst,1127940865090,IDFB0610407,Hamsini Subramanian,IDFC First Bank,individual,dev-71bdde98a289,gambling_network,True,2025-03-18
raagini1047@pnb,33334783260426,PUNB0078290,Raagini Gala,Punjab National Bank,individual,dev-fa593ad4b771,,True,2025-07-29
naksh1048@pnb,4893315285298,PUNB0300561,Naksh Bera,Punjab National Bank,individual,dev-bd7fc01e74d0,,True,2025-11-09
garima1049@cnrb,6271784678522306,CNRB0369499,Garima Jha,Canara Bank,individual,dev-031329b6033c,,True,2026-01-28
nimrat1050@pnb,086841118521027,PUNB0892411,Nimrat Zachariah,Punjab National Bank,individual,dev-d424ae9b88b5,,True,2026-01-27
baghyawati1051@okaxis,727464431,UTIB0190356,Baghyawati Mishra,Axis Bank,individual,dev-b7e7ec2a5b77,gambling_network,True,2025-11-18
gopal1052@okicici,52307973494854,ICIC0585163,Gopal Bawa,ICICI Bank,individual,dev-01553e39b534,,True,2024-08-08
vritti1053@ybl,9328271865463321,YESB0891138,Vritti Dube,Yes Bank,individual,dev-86c9cbbfbcc9,,True,2024-11-24
patel1054@pnb,142283403,PUNB0351088,Patel Inc Grocery,Punjab National Bank,merchant,dev-c39a1ab83903,,True,2025-08-04
chahalmenon1055@ybl,8069395431874917,YESB0452208,Chahal-Menon Utilities,Yes Bank,merchant,dev-1ec2cb9f73a4,,True,2026-01-19
srinivasan1056@barodampay,1036242802,BARB0566251,"Srinivasan, Iyengar and Chatterjee Grocery",Bank of Baroda,merchant,dev-3337a9d71ba2,,True,2023-12-27
samuel1057@idfcfirst,9930007781016,IDFB0008993,Samuel Garde,IDFC First Bank,individual,dev-897738a9bd4c,,True,2026-05-13
finn1058@okhdfcbank,047797999,HDFC0437953,Finn Solanki,HDFC Bank,individual,dev-9a6a3368e1f4,,True,2024-03-21
darika1059@oksbi,301782853469,SBIN0492402,Darika Rao,State Bank of India,individual,dev-257bbb583e11,,True,2024-12-30
vrinda1060@okhdfcbank,7239071940713,HDFC0502331,Vrinda Lanka,HDFC Bank,individual,dev-5c7ec4be996e,,True,2023-09-18
lila1061@ybl,3090905148,YESB0590047,Lila Goyal,Yes Bank,individual,dev-896c2e8b5cb0,,True,2025-07-14
lakshmi1062@idfcfirst,1389899186,IDFB0858890,Lakshmi Pingle,IDFC First Bank,individual,dev-4a7d5fa38e9c,,True,2025-09-29
sanaya1063@pnb,951159013212683,PUNB0700655,Sanaya Basu,Punjab National Bank,individual,dev-2da5b9d2bdb2,,True,2024-12-06
ria1064@ybl,911754217374,YESB0397220,Ria Shroff,Yes Bank,individual,dev-f544e93a8627,,True,2024-10-01
upkaar1065@kotak,870006238110,KKBK0285279,Upkaar Luthra,Kotak Mahindra Bank,individual,dev-7fdbf0164ba5,,True,2024-10-13
matthew1066@oksbi,901281451010593,SBIN0256718,Matthew Chatterjee,State Bank of India,individual,dev-72e50e3c05be,,True,2024-12-09
hemangini1067@idfcfirst,1502617060,IDFB0731789,Hemangini Sachdev,IDFC First Bank,individual,dev-afa4cfc0a588,,True,2023-07-18
darsh1068@okicici,85984840349,ICIC0827936,Darsh Ram,ICICI Bank,individual,dev-41728825aaf6,,True,2023-08-17
vaishnavi1069@ybl,3580579078374631,YESB0828574,Vaishnavi Keer,Yes Bank,individual,dev-730869370369,,True,2024-10-11
chandani1070@okaxis,58636228503968,UTIB0547834,Chandani Brar,Axis Bank,individual,dev-7b11e80a0f81,,True,2025-05-17
bakhshi1071@cnrb,637926136223,CNRB0114604,Bakhshi Thakkar,Canara Bank,individual,dev-0d011da0c3c7,innocent_bystander,True,2025-03-12
jai1072@oksbi,91902585127505,SBIN0406619,Jai Sen,State Bank of India,individual,dev-fa212600305c,,True,2024-01-05
ganesh1073@okaxis,68136182536105,UTIB0865223,Ganesh and Sons Pharmacy,Axis Bank,merchant,dev-74d007a278e8,,True,2024-11-25
jonathan1074@kotak,68622689658,KKBK0976897,Jonathan Basak,Kotak Mahindra Bank,individual,dev-019d2207742d,,True,2025-08-26
farhan1075@oksbi,96619199589,SBIN0580361,Farhan Saran,State Bank of India,individual,dev-a1bb6fc43a30,,True,2023-07-21
manbir1076@pnb,743285468,PUNB0655793,Manbir Kuruvilla,Punjab National Bank,individual,dev-cf12c577e7be,,True,2024-05-13
ekalinga1077@okhdfcbank,981615375,HDFC0498072,Ekalinga Chahal,HDFC Bank,individual,dev-8bfd74ae4b2a,,True,2025-05-26
mekhala1078@oksbi,93476001800,SBIN0778299,Mekhala Nanda,State Bank of India,individual,dev-7f3b739f273a,innocent_bystander,True,2023-07-25
zinal1079@okhdfcbank,0756284442314439,HDFC0113059,Zinal Shanker,HDFC Bank,individual,dev-dbc408e967bc,innocent_bystander,True,2026-04-07
virk1080@ybl,807198682,YESB0783146,Virk Group Electronics,Yes Bank,merchant,dev-ec7cb938d667,,True,2024-06-08
oeshi1081@ybl,718153220444061,YESB0855913,Oeshi Doctor,Yes Bank,individual,dev-06611a06b50c,,True,2026-03-17
harish1082@okaxis,3306566085,UTIB0691416,Harish Cherian,Axis Bank,individual,dev-fa614409c5eb,,True,2026-01-20
bhavika1083@barodampay,1748123462,BARB0705578,Bhavika Wason,Bank of Baroda,individual,dev-03253906390a,account_takeover,True,2026-01-02
nirja1084@barodampay,397718578100690,BARB0138197,Nirja Lalla,Bank of Baroda,individual,dev-bb04657ca265,,True,2026-06-07
vedika1085@oksbi,316400451,SBIN0323519,Vedika Solanki,State Bank of India,individual,dev-8754529bce46,,True,2024-03-19
orinder1086@okhdfcbank,9262920893,HDFC0907297,Orinder Majumdar,HDFC Bank,individual,dev-0f17673e1955,account_takeover,True,2024-06-22
maanas1087@pnb,4413091421394984,PUNB0901181,Maanas Ratti,Punjab National Bank,individual,dev-f2b72259d9e0,account_takeover,True,2023-11-26
meghana1088@barodampay,33611721230,BARB0834943,Meghana Narula,Bank of Baroda,individual,dev-9454141ee67b,,True,2025-07-14
chandran1089@idfcfirst,4561325328,IDFB0569034,Chandran Soman,IDFC First Bank,individual,dev-91d25479a870,,True,2023-12-02
kashish1090@oksbi,4456226108,SBIN0208689,Kashish Bahri,State Bank of India,individual,dev-e7faf11ec9fa,,True,2024-12-26
chavvi1091@barodampay,09124250436571,BARB0949543,Chavvi Mukhopadhyay,Bank of Baroda,individual,dev-26dd62644cc8,,True,2025-06-29
vyanjana1092@idfcfirst,8139115099117,IDFB0520739,Vyanjana Chaudhari,IDFC First Bank,individual,dev-d7a6c7d200c1,,True,2023-12-26
krish1093@kotak,40879863659,KKBK0232148,Krish Mital,Kotak Mahindra Bank,individual,dev-07ed9106813f,,True,2024-06-08
savant1094@okaxis,43733735621,UTIB0850408,"Savant, Nagi and Luthra Home Services",Axis Bank,merchant,dev-da530a4cdd47,,True,2024-10-24
gaurav1095@idfcfirst,805529281675116,IDFB0862629,Gaurav Guha,IDFC First Bank,individual,dev-5e8bd198e44a,,True,2025-04-06
siddharth1096@cnrb,0417092289018941,CNRB0152654,Siddharth Ray,Canara Bank,individual,dev-10112844963c,,True,2026-07-02
zaitra1097@oksbi,22913700398,SBIN0927315,Zaitra Prakash,State Bank of India,individual,dev-21ab2edd1d06,innocent_bystander,True,2026-07-03
yutika1098@barodampay,060274326,BARB0954432,Yutika Dutt,Bank of Baroda,individual,dev-d1013bbd0ee8,,True,2026-02-05
deepa1099@kotak,003916358884099,KKBK0857573,Deepa Toor,Kotak Mahindra Bank,individual,dev-ce022d7abac7,,True,2026-07-06
krishna1100@idfcfirst,59944279625705,IDFB0657495,Krishna Viswanathan,IDFC First Bank,individual,dev-5e906889871c,,True,2025-07-08
oscar1101@ybl,843569610942,YESB0222778,Oscar Hans,Yes Bank,individual,dev-b6eb291b1a10,gambling_network,True,2024-12-09
bhardwaj1102@barodampay,892426269811,BARB0814672,Bhardwaj and Sons Travel,Bank of Baroda,merchant,dev-0539e714bb6a,,False,2026-04-23
tanmayi1103@idfcfirst,9729902687530,IDFB0892861,Tanmayi Bedi,IDFC First Bank,individual,dev-4b2e5a889c7b,,True,2024-07-13
rushil1104@okicici,742001238510,ICIC0130668,Rushil Mahal,ICICI Bank,individual,dev-6fb94050003b,,True,2026-05-15
shettytiwari1105@oksbi,778094574201037,SBIN0333379,Shetty-Tiwari Food & Dining,State Bank of India,merchant,dev-b5eee898df24,,True,2023-12-30
jatin1106@idfcfirst,6059914975375593,IDFB0625071,Jatin Balasubramanian,IDFC First Bank,individual,dev-9dbc260bd97e,account_takeover,True,2025-05-13
kashish1107@pnb,58964632580,PUNB0110865,Kashish Suresh,Punjab National Bank,individual,dev-436c5d2d3014,,True,2024-03-01
peter1108@okhdfcbank,95733313805,HDFC0688328,Peter Som,HDFC Bank,individual,dev-e4d730241236,,True,2024-01-05
hemangini1109@okhdfcbank,35200082350657,HDFC0123275,Hemangini Gade,HDFC Bank,individual,dev-c4786004a16f,,True,2024-07-14
gautam1110@idfcfirst,28639531621169,IDFB0252662,Gautam Mane,IDFC First Bank,individual,dev-4b3ba437a96a,,True,2026-05-16
libni1111@oksbi,70829847670097,SBIN0615743,Libni Bawa,State Bank of India,individual,dev-a147f64fba43,,True,2024-04-02
tanish1112@okaxis,53339069565569,UTIB0713072,Tanish Kant,Axis Bank,individual,dev-47817bd91d83,,True,2026-01-15
samuel1113@barodampay,58655587052188,BARB0939413,Samuel Luthra,Bank of Baroda,individual,dev-70e9d564fa6c,,True,2024-11-12
yochana1114@barodampay,2432636061383639,BARB0951176,Yochana Bahri,Bank of Baroda,individual,dev-591cb5e877c8,,True,2024-11-27
urvi1115@cnrb,4583135232,CNRB0985791,Urvi Deo,Canara Bank,individual,dev-199a338325a1,innocent_bystander,False,2026-03-03
abhiram1116@pnb,2212694686226,PUNB0287810,Abhiram Kapur,Punjab National Bank,individual,dev-602db43f6d06,,True,2025-08-25
dalaja1117@barodampay,1377310565,BARB0405206,Dalaja Maharaj,Bank of Baroda,individual,dev-419da805c184,,True,2025-06-09
krisha1118@oksbi,7796367579754882,SBIN0009781,Krisha Palla,State Bank of India,individual,dev-db3b6acec6d9,,True,2024-08-25
zayyan1119@idfcfirst,761366340092909,IDFB0427269,Zayyan Kamdar,IDFC First Bank,individual,dev-9a2962ce6ee9,,True,2023-08-24
chasmum1120@idfcfirst,515819507,IDFB0000042,Chasmum Verma,IDFC First Bank,individual,dev-1263689c26a0,innocent_bystander,True,2025-12-17
harsh1121@cnrb,3284546273,CNRB0523585,Harsh Amble,Canara Bank,individual,dev-bf44832f2af1,,True,2026-05-27
barkha1122@pnb,1418148411613,PUNB0611496,Barkha Misra,Punjab National Bank,individual,dev-90d627613f21,,True,2024-05-28
vasatika1123@okicici,868351251921,ICIC0780627,Vasatika Bhatt,ICICI Bank,individual,dev-ff2c0c170062,,True,2024-08-13
aradhana1124@kotak,5055958369159,KKBK0556002,Aradhana Nair,Kotak Mahindra Bank,individual,dev-4e8580e4602d,,True,2024-12-22
advika1125@ybl,438345630656559,YESB0053973,Advika Misra,Yes Bank,individual,dev-1608a117e042,,True,2024-05-28
mason1126@idfcfirst,630183199467,IDFB0066246,Mason Varughese,IDFC First Bank,individual,dev-d7ecf34b08e0,,True,2024-11-27
dakshesh1127@barodampay,469760593531,BARB0705419,Dakshesh Raval,Bank of Baroda,individual,dev-de0a425044aa,,True,2025-10-21
logan1128@oksbi,7444843569877,SBIN0449318,Logan Bal,State Bank of India,individual,dev-cf2ab557e5c9,,True,2025-04-15
tank1129@cnrb,08984291799588,CNRB0973995,"Tank, Merchant and Lad Fuel",Canara Bank,merchant,dev-367b405c62c3,,True,2025-11-30
nidhi1130@okaxis,95268346859,UTIB0754965,Nidhi Rama,Axis Bank,individual,dev-fcda116ca922,,True,2025-10-18
ranveer1131@barodampay,302481881249793,BARB0908835,Ranveer Oza,Bank of Baroda,individual,dev-9c94c5f49b55,innocent_bystander,True,2026-01-03
vamakshi1132@okaxis,340198862173005,UTIB0840160,Vamakshi Parmer,Axis Bank,individual,dev-8af7e25cabac,,True,2025-08-23
onkar1133@okaxis,342597369220,UTIB0842247,Onkar Golla,Axis Bank,individual,dev-86a32ad58506,,True,2025-11-15
gunbir1134@ybl,34577977549362,YESB0482390,Gunbir Sinha,Yes Bank,individual,dev-08e0f75d9c30,,True,2024-09-19
aarna1135@ybl,35932597570703,YESB0349890,Aarna Goswami,Yes Bank,individual,dev-314fc4b03b4d,,True,2024-03-12
gaurav1136@okicici,18331558775898,ICIC0347982,Gaurav Kapadia,ICICI Bank,individual,dev-b4b1be46c256,,True,2025-05-26
udant1137@idfcfirst,384958131,IDFB0056536,Udant Mohanty,IDFC First Bank,individual,dev-9797dcfd2b4f,,True,2023-12-22
narulaprabhu1138@idfcfirst,3753542539,IDFB0463178,Narula-Prabhu Grocery,IDFC First Bank,merchant,dev-a1f4a7c155e6,,True,2024-09-10
chaitaly1139@barodampay,05740392537435,BARB0571766,Chaitaly Sheth,Bank of Baroda,individual,dev-7ad0f77f3c31,,True,2023-09-19
upma1140@okhdfcbank,70003421342539,HDFC0992335,Upma Bera,HDFC Bank,individual,dev-fe15d4a72368,account_takeover,True,2026-02-06
urmi1141@oksbi,55904249595,SBIN0863015,Urmi Hayer,State Bank of India,individual,dev-a6e8712b01de,innocent_bystander,True,2023-09-01
lakshmi1142@okhdfcbank,924544214005850,HDFC0840430,Lakshmi Wagle,HDFC Bank,individual,dev-9877fbae7179,,True,2024-09-10
odika1143@okicici,364983053942,ICIC0339357,Odika Bhagat,ICICI Bank,individual,dev-62ea73dd21c6,,True,2024-05-01
laksh1144@idfcfirst,45490287350196,IDFB0038603,Laksh Iyer,IDFC First Bank,individual,dev-607ddcca327f,,True,2024-02-26
nimrat1145@pnb,0852442990947757,PUNB0681371,Nimrat Shankar,Punjab National Bank,individual,dev-2ef403dac86a,,True,2024-05-10
diya1146@cnrb,5781639567257,CNRB0777549,Diya Gole,Canara Bank,individual,dev-ecce553a1c93,,True,2025-01-26
vinaya1147@pnb,48578844004,PUNB0749093,Vinaya Natarajan,Punjab National Bank,individual,dev-fdf383d6a22d,,True,2025-03-18
dhriti1148@pnb,2487983017,PUNB0340306,Dhriti Bhardwaj,Punjab National Bank,individual,dev-db8c74b89ebf,,True,2025-03-06
siya1149@ybl,1925556998,YESB0459657,Siya Mahal,Yes Bank,individual,dev-1a303dbab11d,,True,2025-02-10
om1150@ybl,9227659092632358,YESB0112486,Om Dutt,Yes Bank,individual,dev-a5387ba97e52,,False,2023-12-15
gaurang1151@cnrb,29046970738,CNRB0774931,Gaurang Dayal,Canara Bank,individual,dev-00c52331487d,,True,2025-02-23
pushti1152@okaxis,14459653690,UTIB0349779,Pushti Raval,Axis Bank,individual,dev-84557e0e0c0c,innocent_bystander,True,2025-12-05
vansha1153@oksbi,65042004170,SBIN0235239,Vansha Rajagopal,State Bank of India,individual,dev-f59655fc57f3,,False,2025-08-21
baljiwan1154@cnrb,464789526427046,CNRB0921053,Baljiwan Walla,Canara Bank,individual,dev-2e9fe49e0bfc,,True,2026-05-23
kashvi1155@ybl,1924978661966,YESB0428089,Kashvi Atwal,Yes Bank,individual,dev-7792b9f3a1da,innocent_bystander,True,2024-02-22
rayaan1156@okicici,1453143234844352,ICIC0874778,Rayaan Badami,ICICI Bank,individual,dev-48d3326b1192,,True,2025-08-19
agrawal1157@okhdfcbank,497636523,HDFC0931106,"Agrawal, Kothari and Kara Fuel",HDFC Bank,merchant,dev-0ed5ba89ef80,,True,2025-11-18
devika1158@ybl,06128249940263,YESB0719984,Devika Dayal,Yes Bank,individual,dev-91c214fe7cdb,,True,2024-10-22
leela1159@idfcfirst,394761331799,IDFB0194728,Leela Thakur,IDFC First Bank,individual,dev-906b13736965,,True,2025-08-10
mohan1160@barodampay,445893941,BARB0600251,"Mohan, Ganesh and Bhattacharyya Grocery",Bank of Baroda,merchant,dev-47bc06b94a56,,True,2026-01-26
chanchal1161@kotak,03889082007558,KKBK0094174,Chanchal Mannan,Kotak Mahindra Bank,individual,dev-91762d1534db,,True,2024-07-25
venkateshviswanathan1162@pnb,6191293542,PUNB0506736,Venkatesh-Viswanathan Travel,Punjab National Bank,merchant,dev-f21bc2c62766,,True,2023-11-22
radha1163@ybl,8389612154821619,YESB0081165,Radha Desai,Yes Bank,individual,dev-a03ab47de19d,,True,2025-06-29
vrishti1164@pnb,367544938,PUNB0051807,Vrishti Parmer,Punjab National Bank,individual,dev-a77fcda8bced,,True,2025-01-29
nitesh1165@pnb,2566171472162883,PUNB0738315,Nitesh Raval,Punjab National Bank,individual,dev-8ca05f39170f,gambling_network,True,2026-03-22
vedant1166@ybl,6031000979,YESB0084005,Vedant Kapur,Yes Bank,individual,dev-cc2956ffd4c3,,True,2025-06-09
siddharth1167@barodampay,9756429928,BARB0442281,Siddharth Bains,Bank of Baroda,individual,dev-aaab3eb58734,,True,2024-10-12
jatin1168@okicici,64818409781769,ICIC0371662,Jatin Peri,ICICI Bank,individual,dev-d0a66bed09f1,innocent_bystander,True,2025-08-21
keya1169@okhdfcbank,6836766260,HDFC0730540,Keya Kumer,HDFC Bank,individual,dev-42d8d5ca0557,,True,2023-12-01
bava1170@pnb,62129533867696,PUNB0400287,"Bava, Bava and Chokshi Fashion",Punjab National Bank,merchant,dev-28e39740f61e,,True,2024-09-29
bahri1171@cnrb,923905140140754,CNRB0472380,"Bahri, Bava and D’Alia Fashion",Canara Bank,merchant,dev-d251c8d662db,,True,2024-02-21
sachi1172@oksbi,72253641388370,SBIN0984010,Sachi Rai,State Bank of India,individual,dev-f1ff04c400e1,,True,2025-08-31
zayyan1173@cnrb,29125409215,CNRB0928249,Zayyan Som,Canara Bank,individual,dev-ca699400dac3,,True,2026-02-25
samesh1174@ybl,066893909166,YESB0633286,Samesh Andra,Yes Bank,individual,dev-20c7adfdc159,,True,2025-07-21
osha1175@okaxis,68323515809,UTIB0531814,Osha Chaudhuri,Axis Bank,individual,dev-9dbfb4a0247f,gambling_network,True,2023-09-01
laksh1176@idfcfirst,2075229916,IDFB0323085,Laksh Sahota,IDFC First Bank,individual,dev-f86f0f5c16e9,,True,2025-06-21
yasti1177@idfcfirst,967810957550204,IDFB0021838,Yasti Dalal,IDFC First Bank,individual,dev-d2eb75cd3c91,,True,2025-11-29
ishaan1178@cnrb,67048416355696,CNRB0998149,Ishaan Cherian,Canara Bank,individual,dev-bc70da045873,,True,2025-12-23
rushil1179@oksbi,299095392,SBIN0181693,Rushil Iyengar,State Bank of India,individual,dev-51b2c13adb2d,,True,2025-07-15
saksham1180@kotak,928733344,KKBK0656622,Saksham Parmar,Kotak Mahindra Bank,individual,dev-ee55dd7698c0,,True,2026-02-11
chakrika1181@okhdfcbank,4694967292,HDFC0136504,Chakrika Dyal,HDFC Bank,individual,dev-b5023b142ef3,innocent_bystander,True,2024-05-25
watika1182@barodampay,7983519987872254,BARB0736236,Watika Johal,Bank of Baroda,individual,dev-36d970bc9cda,,False,2025-02-09
ganga1183@barodampay,830336754511,BARB0610852,Ganga Keer,Bank of Baroda,individual,dev-7d4b8cddd1c8,,True,2024-07-26
agastya1184@ybl,78517646280886,YESB0814808,Agastya Chakraborty,Yes Bank,individual,dev-9a41b1e93834,,True,2026-07-01
wakeeta1185@pnb,886174647212,PUNB0922594,Wakeeta Dixit,Punjab National Bank,individual,dev-ab474f137ee5,,True,2025-03-19
yasti1186@idfcfirst,18486800189932,IDFB0349732,Yasti Borde,IDFC First Bank,individual,dev-21b633d1e336,,True,2025-06-29
aahana1187@barodampay,0642098910,BARB0216954,Aahana Kashyap,Bank of Baroda,individual,dev-0bb7b9193b48,,True,2025-11-29
chaman1188@okaxis,08547918658,UTIB0304168,Chaman Lalla,Axis Bank,individual,dev-243f9dc9f632,,True,2024-12-02
chandresh1189@idfcfirst,8517184940773287,IDFB0297857,Chandresh Chaudhry,IDFC First Bank,individual,dev-fb6660b333e1,,True,2024-08-31
balveer1190@okhdfcbank,0061608343456,HDFC0689768,Balveer Mannan,HDFC Bank,individual,dev-9e5a7bfdaf90,,True,2023-12-21
dhriti1191@cnrb,06597907358822,CNRB0722874,Dhriti Sandhu,Canara Bank,individual,dev-ddd4c9e0c3a5,gambling_network,True,2024-02-04
girish1192@ybl,904377291771622,YESB0086523,Girish Bath,Yes Bank,individual,dev-656e0cbfd68d,,True,2025-02-19
lakshit1193@pnb,8735698873344,PUNB0957333,Lakshit Garde,Punjab National Bank,individual,dev-229816e07e1d,,True,2024-10-31
ishita1194@barodampay,95802985004,BARB0898021,Ishita Sarma,Bank of Baroda,individual,dev-2145ac60019b,,True,2024-08-19
girik1195@pnb,7094717372,PUNB0932363,Girik Pradhan,Punjab National Bank,individual,dev-6cb661b50499,,True,2025-07-25
qadim1196@kotak,322980858,KKBK0622264,Qadim Comar,Kotak Mahindra Bank,individual,dev-d84338b060f4,,True,2026-07-16
rattashan1197@oksbi,044507175898446,SBIN0649753,Ratta-Shan Fuel,State Bank of India,merchant,dev-b3754fca4c4e,,True,2024-12-16
lekha1198@idfcfirst,662106637,IDFB0845247,Lekha Sridhar,IDFC First Bank,individual,dev-56be6c84f832,,True,2025-05-06
ganesanchowdhury1199@oksbi,8501044571925,SBIN0210851,Ganesan-Chowdhury Home Services,State Bank of India,merchant,dev-2c79ff5ab68e,,True,2026-04-27
daniel1200@oksbi,3788003408847568,SBIN0092000,Daniel Dutta,State Bank of India,individual,dev-d8408b3bc749,,True,2024-09-03
omaja1201@ybl,10304483266,YESB0037910,Omaja Subramanian,Yes Bank,individual,dev-892f72157d55,,True,2024-05-07
pratyush1202@idfcfirst,507868248667612,IDFB0778512,Pratyush Raghavan,IDFC First Bank,individual,dev-eda9013e036c,,True,2024-04-12
ayush1203@kotak,51715460552,KKBK0298302,Ayush De,Kotak Mahindra Bank,individual,dev-74e7d8b4ae40,,True,2024-01-21
vinaya1204@idfcfirst,629641067,IDFB0266131,Vinaya Chowdhury,IDFC First Bank,individual,dev-07c3ae022b0d,,True,2025-04-08
sastrybatra1205@cnrb,528485499,CNRB0455619,Sastry-Batra Utilities,Canara Bank,merchant,dev-e25b8a5ba5d7,,True,2025-11-19
advika1206@okhdfcbank,018036689420838,HDFC0348046,Advika Murthy,HDFC Bank,individual,dev-6b308cc17893,,True,2024-09-16
vohra1207@oksbi,44163450926712,SBIN0412385,Vohra Ltd Fuel,State Bank of India,merchant,dev-8e8955d197e9,,True,2026-03-20
hamsini1208@kotak,010644785464,KKBK0442439,Hamsini Venkataraman,Kotak Mahindra Bank,individual,dev-f791814ccae3,,True,2024-01-21
chandran1209@okhdfcbank,580770205,HDFC0174767,"Chandran, Sant and Kothari Fashion",HDFC Bank,merchant,dev-37369ceab3fe,,True,2026-03-31
hiral1210@barodampay,443804175714,BARB0050635,Hiral Rajan,Bank of Baroda,individual,dev-c2a5c252beec,,True,2023-10-26
chatura1211@cnrb,62024180593,CNRB0536776,Chatura Apte,Canara Bank,individual,dev-4e00ce12b8fa,,True,2025-10-23
yashasvi1212@cnrb,754888047837,CNRB0565973,Yashasvi Singh,Canara Bank,individual,dev-6a5779380c46,,True,2025-12-08
gandhiborde1213@kotak,8878781384086901,KKBK0510481,Gandhi-Borde Utilities,Kotak Mahindra Bank,merchant,dev-f1e7782e18ce,,True,2024-07-09
ekani1214@okaxis,9378238113685,UTIB0493479,Ekani Khosla,Axis Bank,individual,dev-f15bf6de8331,innocent_bystander,True,2024-01-01
arunima1215@barodampay,113482794987338,BARB0441532,Arunima Bedi,Bank of Baroda,individual,dev-0fae1408f12f,,True,2024-11-01
kritika1216@okaxis,884732642635388,UTIB0473844,Kritika Rau,Axis Bank,individual,dev-dcb9e0b5af94,,True,2026-05-22
farhan1217@okhdfcbank,06398743811050,HDFC0582474,Farhan Sharaf,HDFC Bank,individual,dev-b53cd72ae2f6,,True,2023-07-26
sara1218@okicici,828955508781,ICIC0802274,Sara Chakrabarti,ICICI Bank,individual,dev-db68de5c18e3,,True,2025-07-08
sekhonmutti1219@okaxis,8165268888409460,UTIB0888678,Sekhon-Mutti Food & Dining,Axis Bank,merchant,dev-20335ee3708d,,True,2025-01-30
widisha1220@okhdfcbank,67767073559337,HDFC0634317,Widisha Badami,HDFC Bank,individual,dev-a1be61516740,innocent_bystander,True,2024-12-20
netra1221@ybl,4316826755,YESB0166804,Netra Sachar,Yes Bank,individual,dev-7ada0ff5df54,innocent_bystander,True,2023-11-23
aadi1222@cnrb,2347506416,CNRB0270219,Aadi Chand,Canara Bank,individual,dev-a575ec75bcb4,,True,2023-08-27
yashoda1223@okicici,9969508500,ICIC0723244,Yashoda Jhaveri,ICICI Bank,individual,dev-770885ecdeb5,,True,2026-01-14
harita1224@kotak,2754554871810,KKBK0420801,Harita Patla,Kotak Mahindra Bank,individual,dev-aa298f644eb3,,True,2023-12-04
udant1225@cnrb,5606207346,CNRB0560516,Udant Sha,Canara Bank,individual,dev-06f8df9ef6e8,,True,2025-01-15
urvashi1226@kotak,9393349502,KKBK0980895,Urvashi Patla,Kotak Mahindra Bank,individual,dev-428d902700a4,,True,2024-08-15
ishaan1227@cnrb,3261171821713354,CNRB0195450,Ishaan Chatterjee,Canara Bank,individual,dev-b71d133cb5e8,,True,2025-12-07
kapadia1228@okaxis,734880889250,UTIB0109761,"Kapadia, Agate and Om Utilities",Axis Bank,merchant,dev-77bcf98fb345,,True,2024-05-24
bishakha1229@okicici,395440986291202,ICIC0327899,Bishakha Vig,ICICI Bank,individual,dev-312d7dcb7027,innocent_bystander,True,2025-07-18
hitesh1230@ybl,041452093,YESB0839081,Hitesh Bath,Yes Bank,individual,dev-aca7e29fe1d7,,True,2025-10-17
waida1231@cnrb,53673722860632,CNRB0424077,Waida Dey,Canara Bank,individual,dev-1c2aa9730bff,,True,2024-06-01
rout1232@kotak,666954533637,KKBK0745117,"Rout, Chhabra and Kumar Fashion",Kotak Mahindra Bank,merchant,dev-303c12f49a25,,True,2025-01-16
raghav1233@cnrb,590296626370,CNRB0284328,Raghav Dara,Canara Bank,individual,dev-d9a305a52996,,True,2026-03-12
kaleshankar1234@okaxis,0882357127818882,UTIB0669158,Kale-Shankar Travel,Axis Bank,merchant,dev-37c110297a66,,True,2024-12-20
hamsini1235@oksbi,2329245241,SBIN0482826,Hamsini Chokshi,State Bank of India,individual,dev-33b9d60489cb,,True,2024-05-15
batradasgupta1236@okaxis,700169688211,UTIB0794267,Batra-Dasgupta Electronics,Axis Bank,merchant,dev-b2765fab8ece,,True,2023-11-06
tanvi1237@ybl,27149119744,YESB0963996,Tanvi Thaman,Yes Bank,individual,dev-474d4bb9a612,,True,2023-11-29
wishi1238@oksbi,5181601931625862,SBIN0236962,Wishi Agrawal,State Bank of India,individual,dev-6237e838cd35,,True,2023-09-15
rachita1239@barodampay,35785347347547,BARB0288628,Rachita Subramanian,Bank of Baroda,individual,dev-c8b87e0f9699,,True,2025-07-09
oscar1240@kotak,3099839281359,KKBK0265653,Oscar Dave,Kotak Mahindra Bank,individual,dev-6ed6b06e3738,,True,2024-05-12
ram1241@okicici,2652085502,ICIC0072914,Ram Ltd Fashion,ICICI Bank,merchant,dev-8c18a8fa5025,,True,2023-08-07
yamini1242@pnb,0424720175981700,PUNB0793150,Yamini Rajagopalan,Punjab National Bank,individual,dev-da099e665fa0,account_takeover,True,2025-02-02
yuvraj1243@oksbi,74960806287,SBIN0808065,Yuvraj Mahal,State Bank of India,individual,dev-74cc27b3541f,,True,2025-11-08
hemal1244@okhdfcbank,963872399602358,HDFC0848246,Hemal Menon,HDFC Bank,individual,dev-c09128466584,innocent_bystander,True,2026-03-02
kiaan1245@okicici,023256116,ICIC0469779,Kiaan Devi,ICICI Bank,individual,dev-adccdb437e88,,True,2025-07-05
yauvani1246@okaxis,832899252,UTIB0193481,Yauvani Mistry,Axis Bank,individual,dev-907ece62aee9,innocent_bystander,True,2024-03-08
teerth1247@okhdfcbank,7113310967073742,HDFC0262226,Teerth Iyer,HDFC Bank,individual,dev-cc120224ba32,,True,2025-10-31
bina1248@kotak,425520457,KKBK0393608,Bina Pai,Kotak Mahindra Bank,individual,dev-94f1d91813ae,innocent_bystander,True,2023-11-30
deo1249@oksbi,997862134315499,SBIN0615598,"Deo, Gokhale and Thakur Home Services",State Bank of India,merchant,dev-835eb7d931c6,,True,2024-04-05
jack1250@kotak,3457439323356182,KKBK0114884,Jack Pandey,Kotak Mahindra Bank,individual,dev-d55817ab21ed,,True,2024-05-03
omisha1251@kotak,4461577201820582,KKBK0043254,Omisha Walla,Kotak Mahindra Bank,individual,dev-d301df2350a0,,True,2024-07-30
pahal1252@pnb,8153513984163,PUNB0329465,Pahal Arya,Punjab National Bank,individual,dev-20c6d31847cf,,True,2024-09-29
chhabra1253@okicici,10633283770,ICIC0248420,"Chhabra, Bakshi and Raj Grocery",ICICI Bank,merchant,dev-e9653de552f6,,True,2023-11-04
chatresh1254@kotak,43618539440981,KKBK0947757,Chatresh Bhalla,Kotak Mahindra Bank,individual,dev-942ccdcb398d,,True,2023-10-07
loke1255@idfcfirst,689836142251542,IDFB0562123,Loke and Sons Pharmacy,IDFC First Bank,merchant,dev-952f2ec04f1c,,True,2024-07-08
zashil1256@oksbi,7634073542,SBIN0168191,Zashil Dhingra,State Bank of India,individual,dev-9e361ff4408a,,True,2023-10-29
chakrika1257@idfcfirst,557005895345623,IDFB0540946,Chakrika Jani,IDFC First Bank,individual,dev-dfd9ccd99288,,True,2026-03-24
jagrati1258@idfcfirst,77663458696456,IDFB0866804,Jagrati Sethi,IDFC First Bank,individual,dev-484f84418143,,True,2024-08-08
udarsh1259@barodampay,649557857,BARB0805361,Udarsh Ramachandran,Bank of Baroda,individual,dev-b0bf6d8672eb,,False,2023-09-21
yasti1260@okaxis,6755435920052490,UTIB0174635,Yasti Mani,Axis Bank,individual,dev-4a02cf36fe53,,True,2025-12-25
lakshmi1261@barodampay,52516705607534,BARB0682126,Lakshmi Ram,Bank of Baroda,individual,dev-b7a7a0a4630f,,True,2023-08-18
dhriti1262@oksbi,32628690558492,SBIN0854222,Dhriti Bhagat,State Bank of India,individual,dev-6d413285ba39,innocent_bystander,True,2023-09-24
krishnamurthy1263@okicici,09627897212833,ICIC0890764,Krishnamurthy and Sons Fashion,ICICI Bank,merchant,dev-e3cc463484ca,,True,2024-10-03
umang1264@okicici,47677435655314,ICIC0881726,Umang Pillai,ICICI Bank,individual,dev-35f277b73cd2,,True,2023-08-27
rishi1265@oksbi,3104443404,SBIN0847123,Rishi Menon,State Bank of India,individual,dev-3783b8234ef4,,True,2024-04-10
peter1266@okaxis,627688390365217,UTIB0876081,Peter Borde,Axis Bank,individual,dev-4aba0cae7223,,True,2025-05-09
oscar1267@cnrb,1147265932932880,CNRB0856068,Oscar Varkey,Canara Bank,individual,dev-386119a2180e,,True,2024-07-24
krishna1268@pnb,478736045008215,PUNB0280787,Krishna Baria,Punjab National Bank,individual,dev-94afb8faaa5d,,True,2025-04-15
arya1269@okicici,1640768679950361,ICIC0116346,Arya Lalla,ICICI Bank,individual,dev-60cb14655688,innocent_bystander,True,2026-06-17
naveen1270@okicici,1360953205904646,ICIC0712612,Naveen Kumer,ICICI Bank,individual,dev-d9a031f72f00,,True,2026-01-09
narayanan1271@okhdfcbank,084018973922,HDFC0764939,Narayanan Group Home Services,HDFC Bank,merchant,dev-31458a522bfc,,True,2023-08-30
balveer1272@barodampay,015698977399,BARB0513562,Balveer Dube,Bank of Baroda,individual,dev-af08cf1e52fb,,True,2024-05-16
charan1273@kotak,506135062533301,KKBK0785880,Charan Mitra,Kotak Mahindra Bank,individual,dev-05d3321f281f,,True,2025-07-10
ishita1274@cnrb,0277222296345,CNRB0552987,Ishita Bora,Canara Bank,individual,dev-b0e6ef623aec,,False,2024-05-02
thomas1275@okicici,695096814428,ICIC0188046,Thomas Gour,ICICI Bank,individual,dev-4d8d4d12cbbc,,True,2026-07-14
yashasvi1276@idfcfirst,046214703,IDFB0999477,Yashasvi Dutta,IDFC First Bank,individual,dev-8dd0ef55b773,innocent_bystander,True,2025-03-12
netra1277@oksbi,91193864007002,SBIN0914088,Netra Chanda,State Bank of India,individual,dev-b95262a0fbf3,,True,2025-09-05
timothy1278@pnb,868004031960673,PUNB0882754,Timothy Kala,Punjab National Bank,individual,dev-6a7216f91b51,innocent_bystander,True,2026-07-03
garima1279@oksbi,771753452663,SBIN0460529,Garima Patel,State Bank of India,individual,dev-48c8969df8a1,,True,2024-07-10
tejas1280@kotak,037996008,KKBK0734362,Tejas Wali,Kotak Mahindra Bank,individual,dev-e89d9f31bfce,,True,2025-12-20
aditya1281@okhdfcbank,604205903631109,HDFC0491495,Aditya Contractor,HDFC Bank,individual,dev-28e74bf123dd,innocent_bystander,True,2025-08-17
sanaya1282@okaxis,299710173903,UTIB0264129,Sanaya Khosla,Axis Bank,individual,dev-9581aee17310,innocent_bystander,True,2025-03-14
balveer1283@kotak,506319324,KKBK0950567,Balveer Nagi,Kotak Mahindra Bank,individual,dev-ac001ed3808e,innocent_bystander,True,2024-01-11
ishaan1284@cnrb,9969720948238563,CNRB0614414,Ishaan Raju,Canara Bank,individual,dev-2d1ea77c52a1,,True,2025-07-02
barkha1285@ybl,693661718114100,YESB0286279,Barkha Bakshi,Yes Bank,individual,dev-5377a87d649f,,True,2023-11-04
yoshita1286@okhdfcbank,4085012344896682,HDFC0558154,Yoshita Trivedi,HDFC Bank,individual,dev-e2338ea41cdc,,True,2023-08-19
vidhi1287@idfcfirst,1830477026,IDFB0660228,Vidhi Bassi,IDFC First Bank,individual,dev-6d19f39eb7f3,,True,2024-08-30
reyansh1288@ybl,265440892360,YESB0102115,Reyansh Nagi,Yes Bank,individual,dev-fe2cd5e63964,gambling_network,True,2024-10-29
gopal1289@pnb,027772226082,PUNB0488023,Gopal Ganesh,Punjab National Bank,individual,dev-74242a3f103c,,True,2025-09-10
dominic1290@cnrb,2418271622411,CNRB0752948,Dominic Kade,Canara Bank,individual,dev-fea27a58a543,,True,2025-08-05
panini1291@barodampay,582200652260,BARB0700727,Panini Chawla,Bank of Baroda,individual,dev-9bbea5e7a50e,account_takeover,True,2024-08-01
radhika1292@okaxis,07950922730,UTIB0682708,Radhika Bora,Axis Bank,individual,dev-e8c01d4373ed,,True,2024-12-11
arjun1293@okhdfcbank,927931356,HDFC0481847,Arjun Sharaf,HDFC Bank,individual,dev-c68ac2ee7858,,True,2026-05-10
baljiwan1294@okicici,69372907189874,ICIC0244959,Baljiwan Chahal,ICICI Bank,individual,dev-c1de54fc7c31,,True,2025-10-14
chatura1295@kotak,2056270866,KKBK0707264,Chatura Gokhale,Kotak Mahindra Bank,individual,dev-7ea8cf5bcaae,,True,2024-11-10
ekavir1296@okaxis,95928297604193,UTIB0830955,Ekavir Kari,Axis Bank,individual,dev-7b0bf6e7094e,,True,2026-05-20
nikita1297@pnb,37500095471,PUNB0031560,Nikita Rama,Punjab National Bank,individual,dev-04825445e5ee,,True,2026-02-08
nidhi1298@cnrb,67273469575,CNRB0423624,Nidhi Sant,Canara Bank,individual,dev-47ccbcee1dbd,gambling_network,True,2024-04-05
anay1299@pnb,57175437309412,PUNB0829973,Anay Ramachandran,Punjab National Bank,individual,dev-c2efe4540353,,True,2025-11-03
dani1300@ybl,169400832160,YESB0904150,"Dani, Warrior and Ahuja Fuel",Yes Bank,merchant,dev-3d9553350628,,True,2024-03-12
chakradev1301@cnrb,336016026299019,CNRB0032434,Chakradev Bora,Canara Bank,individual,dev-447d957cba3f,,True,2024-06-20
yadavi1302@pnb,98654030346,PUNB0354957,Yadavi Cherian,Punjab National Bank,individual,dev-a9a32341ca42,,True,2023-10-13
charvi1303@okhdfcbank,1597493074020989,HDFC0182018,Charvi Chadha,HDFC Bank,individual,dev-f90e5ccd02ec,,True,2025-10-03
sarmaraj1304@okicici,788137374406883,ICIC0676742,Sarma-Raj Home Services,ICICI Bank,merchant,dev-a9e90333791e,,True,2024-02-08
azaan1305@kotak,3995339179,KKBK0855288,Azaan Som,Kotak Mahindra Bank,individual,dev-20761cb895b5,innocent_bystander,True,2025-09-17
thomas1306@okicici,6251936454,ICIC0073157,Thomas Deshpande,ICICI Bank,individual,dev-6d1c47d4cffc,,True,2025-05-14
chakrika1307@okicici,0246816040367852,ICIC0913016,Chakrika Dhawan,ICICI Bank,individual,dev-aa13fcee48e6,,True,2025-11-02
kashvi1308@cnrb,971616021,CNRB0933539,Kashvi Apte,Canara Bank,individual,dev-6a9e9a915017,,True,2024-04-25
jatin1309@ybl,15567794112,YESB0602924,Jatin Barman,Yes Bank,individual,dev-3384d90dc1db,,True,2023-09-06
meera1310@idfcfirst,1291524255635,IDFB0728944,Meera Yogi,IDFC First Bank,individual,dev-ed4d4eb8927f,,True,2025-09-29
dalaja1311@okaxis,077955240577,UTIB0662700,Dalaja Kade,Axis Bank,individual,dev-0be22eceeb1e,,True,2024-07-04
siddharth1312@pnb,56518548419,PUNB0382619,Siddharth Sachar,Punjab National Bank,individual,dev-9995fbe48674,innocent_bystander,True,2025-04-03
vala1313@okicici,4196038441199,ICIC0095311,"Vala, Dhar and Dyal Travel",ICICI Bank,merchant,dev-4c6d9a8ccea6,,True,2026-02-06
kant1314@ybl,590530891777,YESB0460329,Kant PLC Pharmacy,Yes Bank,merchant,dev-ce3ef8510dbb,,True,2024-05-02
haricontractor1315@barodampay,382068891,BARB0043468,Hari-Contractor Fashion,Bank of Baroda,merchant,dev-977aca916fcc,,True,2024-07-28
chatura1316@idfcfirst,869290046,IDFB0166918,Chatura Shenoy,IDFC First Bank,individual,dev-b15ae6451a5b,,True,2024-01-24
bina1317@okhdfcbank,39483384777684,HDFC0303179,Bina Bhavsar,HDFC Bank,individual,dev-0afc2b83d3d7,,True,2025-06-04
guneet1318@oksbi,96547481892,SBIN0223926,Guneet Hora,State Bank of India,individual,dev-08df72f4e0c5,,True,2025-09-19
ganga1319@ybl,88715549929873,YESB0760147,Ganga Parikh,Yes Bank,individual,dev-fe480f96ecf3,,True,2024-11-05
keer1320@kotak,04037826229611,KKBK0049496,Keer Inc Travel,Kotak Mahindra Bank,merchant,dev-4a30337f3409,,True,2025-07-03
boasehari1321@pnb,629778793813815,PUNB0340548,Boase-Hari Grocery,Punjab National Bank,merchant,dev-2d14bb19153d,,True,2023-10-29
vedika1322@pnb,302438591,PUNB0370302,Vedika Seshadri,Punjab National Bank,individual,dev-a4165c16cb09,,True,2023-11-08
damini1323@oksbi,4472335995293,SBIN0356327,Damini Dua,State Bank of India,individual,dev-f83fb6e28523,,True,2026-03-21
patla1324@kotak,402332688964,KKBK0646162,"Patla, Mutti and Sangha Travel",Kotak Mahindra Bank,merchant,dev-4feae32101b6,,True,2024-10-18
aayush1325@okaxis,92398000453,UTIB0012971,Aayush Munshi,Axis Bank,individual,dev-3def9a33d575,,True,2023-09-10
timothy1326@okaxis,049900222435853,UTIB0567976,Timothy Sarin,Axis Bank,individual,dev-e012d59ef6af,,True,2026-05-12
jagvi1327@okhdfcbank,253035714,HDFC0198751,Jagvi Desai,HDFC Bank,individual,dev-f7a4612716ae,,True,2025-03-19
varsha1328@cnrb,4436647149778,CNRB0608625,Varsha Shere,Canara Bank,individual,dev-10a59fa9e963,,True,2025-01-11
parmermody1329@ybl,002782487,YESB0904434,Parmer-Mody Food & Dining,Yes Bank,merchant,dev-f78aa36b3125,,True,2024-08-13
ikbal1330@okaxis,3727912386136,UTIB0964741,Ikbal Gill,Axis Bank,individual,dev-aa097973b56c,,True,2026-04-19
avni1331@okhdfcbank,529480872778287,HDFC0337892,Avni Dey,HDFC Bank,individual,dev-d068b4591a21,,True,2024-06-10
hegde1332@okhdfcbank,16797392839,HDFC0782256,"Hegde, Lall and Bose Grocery",HDFC Bank,merchant,dev-e8118599915c,,True,2025-05-20
anirudh1333@ybl,407337808258229,YESB0373015,Anirudh Tripathi,Yes Bank,individual,dev-d4456df2b8f5,innocent_bystander,True,2025-11-21
nidhi1334@barodampay,705576413227,BARB0478133,Nidhi Kala,Bank of Baroda,individual,dev-d6b928cb3ae1,,True,2024-12-09
abha1335@idfcfirst,2754979282,IDFB0805882,Abha Zacharia,IDFC First Bank,individual,dev-10137e8cdef7,account_takeover,True,2025-09-02
manthan1336@okhdfcbank,51265525040,HDFC0663860,Manthan Pau,HDFC Bank,individual,dev-3e9019915b43,,True,2026-04-26
udant1337@idfcfirst,59180700085,IDFB0690368,Udant Mannan,IDFC First Bank,individual,dev-1f2fcd27d39e,,True,2023-09-22
ucchal1338@ybl,6873318954,YESB0848372,Ucchal Thaker,Yes Bank,individual,dev-1fa8a557ea9c,,True,2023-09-08
mekhala1339@ybl,82345236274,YESB0969427,Mekhala Patla,Yes Bank,individual,dev-abedd93cc2b2,,True,2025-01-03
william1340@okhdfcbank,0170350953956,HDFC0090337,William Gandhi,HDFC Bank,individual,dev-60e5a428bcb8,,True,2025-02-18
dey1341@pnb,7410943209024,PUNB0358111,"Dey, Sehgal and Dutta Fashion",Punjab National Bank,merchant,dev-af423c0a493d,,True,2025-06-15
dhingra1342@cnrb,037091785887732,CNRB0867720,Dhingra Ltd Grocery,Canara Bank,merchant,dev-6f056d392362,,True,2025-12-20
jagrati1343@pnb,4763727161,PUNB0868831,Jagrati Baria,Punjab National Bank,individual,dev-9d561fa0dd23,innocent_bystander,True,2026-07-04
vinaya1344@okhdfcbank,530331669,HDFC0358793,Vinaya Kata,HDFC Bank,individual,dev-d69aa646fdc4,,True,2024-05-15
aishani1345@okaxis,624064630,UTIB0580974,Aishani Pingle,Axis Bank,individual,dev-9aefd9b2fabb,,True,2025-05-29
basak1346@okicici,130618504,ICIC0140255,Basak Ltd Food & Dining,ICICI Bank,merchant,dev-184f12fbd3dc,,True,2023-08-11
zarna1347@ybl,241616336792,YESB0811925,Zarna Patel,Yes Bank,individual,dev-7b38e1d51d61,,True,2025-11-07
upasna1348@idfcfirst,806704528624107,IDFB0983674,Upasna Sha,IDFC First Bank,individual,dev-5e5adc460b29,innocent_bystander,True,2024-05-31
balveer1349@okicici,6247529097123,ICIC0957607,Balveer Naik,ICICI Bank,individual,dev-ee214b843801,,True,2023-11-20
anusha1350@idfcfirst,1216536604878902,IDFB0459394,Anusha Lall,IDFC First Bank,individual,dev-580590825ef1,,True,2023-09-02
krisha1351@cnrb,7884515177097,CNRB0378249,Krisha Radhakrishnan,Canara Bank,individual,dev-85308173a513,,True,2025-10-18
faras1352@idfcfirst,39446553194,IDFB0972252,Faras Varughese,IDFC First Bank,individual,dev-c8bcea751718,,True,2024-08-26
krisha1353@pnb,1613321673216,PUNB0808808,Krisha Kapoor,Punjab National Bank,individual,dev-29494b8c2bbd,,True,2026-02-22
ira1354@kotak,1652614436997399,KKBK0846230,Ira Pai,Kotak Mahindra Bank,individual,dev-6c3f86dff785,gambling_network,True,2026-03-03
vasatika1355@okaxis,09591296645515,UTIB0515767,Vasatika Ahuja,Axis Bank,individual,dev-7cba2550a31c,,True,2026-03-15
ria1356@okicici,5949878471,ICIC0319639,Ria Gandhi,ICICI Bank,individual,dev-d81c0e91f13b,gambling_network,True,2025-01-14
faraj1357@oksbi,4516959395134082,SBIN0675158,Faraj Varkey,State Bank of India,individual,dev-80a483eb5310,,True,2023-12-03
mand1358@okaxis,016545430067224,UTIB0644577,"Mand, Kakar and Doctor Fashion",Axis Bank,merchant,dev-76feed97a63d,,True,2023-10-25
nakul1359@ybl,5241414947492,YESB0834299,Nakul Pathak,Yes Bank,individual,dev-5dfa8eb9bbf8,,True,2025-08-16
victor1360@okhdfcbank,235909880,HDFC0567848,Victor Sachdeva,HDFC Bank,individual,dev-fbec605eab3a,,True,2025-04-19
ishaan1361@kotak,663799639903,KKBK0552338,Ishaan Subramaniam,Kotak Mahindra Bank,individual,dev-0536ed93bb89,,False,2024-01-08
varenya1362@barodampay,65138585495,BARB0135162,Varenya Kade,Bank of Baroda,individual,dev-db08ed663299,,True,2025-06-29
nirja1363@okaxis,469821623171,UTIB0380650,Nirja Bains,Axis Bank,individual,dev-e6642968d310,,True,2023-11-12
bassi1364@cnrb,302775078286860,CNRB0646972,Bassi and Sons Grocery,Canara Bank,merchant,dev-530f961b86fa,,True,2025-06-01
krish1365@ybl,6669762449465,YESB0056960,Krish Vala,Yes Bank,individual,dev-130985ef642b,,True,2024-04-07
manan1366@oksbi,0763245825608902,SBIN0786318,Manan Bhalla,State Bank of India,individual,dev-07d128cf74d8,,True,2025-05-21
aarna1367@barodampay,7377919841,BARB0133388,Aarna Gole,Bank of Baroda,individual,dev-57b6c382583c,,True,2024-02-28
anirudh1368@idfcfirst,4989467245,IDFB0372958,Anirudh Mander,IDFC First Bank,individual,dev-40341d79c69c,,True,2024-05-05
tarak1369@idfcfirst,150311156283757,IDFB0978707,Tarak Sen,IDFC First Bank,individual,dev-b9cb8bfe2bf6,,True,2024-11-01
sinha1370@idfcfirst,123150655972588,IDFB0643185,"Sinha, Subramaniam and Garde Pharmacy",IDFC First Bank,merchant,dev-8c53aa15859f,,True,2024-01-01
nirja1371@ybl,4869330211383889,YESB0508620,Nirja Dhar,Yes Bank,individual,dev-ba0c27d9028a,gambling_network,True,2024-07-28
yasti1372@barodampay,014976734875,BARB0082922,Yasti Lalla,Bank of Baroda,individual,dev-3746b0bbf3fa,,True,2025-09-14
oommen1373@okaxis,928400961903,UTIB0748929,Oommen Group Electronics,Axis Bank,merchant,dev-75b1a00da62c,,True,2025-02-25
victor1374@okicici,04554219455373,ICIC0414197,Victor Radhakrishnan,ICICI Bank,individual,dev-a02bb0cdc48b,,True,2024-02-26
kevin1375@ybl,9876245050,YESB0125988,Kevin Chopra,Yes Bank,individual,dev-0956862b5a70,,True,2024-05-08
samaksh1376@okaxis,406423081890608,UTIB0507181,Samaksh Virk,Axis Bank,individual,dev-454e8205c6ff,,True,2024-02-11
mason1377@cnrb,70403761700,CNRB0912456,Mason Char,Canara Bank,individual,dev-bea56008bde3,,True,2025-02-12
vamakshi1378@idfcfirst,5253347190161774,IDFB0454416,Vamakshi Barad,IDFC First Bank,individual,dev-6c5bfeffc377,,True,2025-10-11
thakur1379@okicici,8813900592761264,ICIC0237313,"Thakur, Dalal and Chander Utilities",ICICI Bank,merchant,dev-8b3e58330f70,,True,2024-10-05
kalpit1380@ybl,088528423223,YESB0674177,Kalpit Zacharia,Yes Bank,individual,dev-42ef4104ec4b,,True,2025-08-29
raagini1381@okhdfcbank,546590977,HDFC0825501,Raagini Vig,HDFC Bank,individual,dev-091fe60c13b1,innocent_bystander,True,2025-01-29
kamala1382@barodampay,85394128556,BARB0194465,Kamala Bassi,Bank of Baroda,individual,dev-f911b91758de,,True,2024-10-22
wagle1383@idfcfirst,325585922260879,IDFB0958458,"Wagle, Sanghvi and Karnik Electronics",IDFC First Bank,merchant,dev-5b9b1a12df7e,,True,2026-02-23
rajpalla1384@pnb,5276057825854106,PUNB0963914,Raj-Palla Home Services,Punjab National Bank,merchant,dev-f052cf990b14,,True,2024-11-07
pavani1385@okicici,9739743501,ICIC0936189,Pavani Desai,ICICI Bank,individual,dev-5563e634602f,,True,2025-04-22
soodkaul1386@ybl,0185918890151086,YESB0844021,Sood-Kaul Food & Dining,Yes Bank,merchant,dev-586890ef9a3c,,True,2023-07-29
bhanumati1387@ybl,605633490,YESB0508823,Bhanumati Rege,Yes Bank,individual,dev-fb6e22514d90,gambling_network,True,2025-09-11
ranbir1388@okhdfcbank,614007787,HDFC0595837,Ranbir Ahluwalia,HDFC Bank,individual,dev-ce33e01df3e4,,True,2025-04-16
amble1389@okicici,3228373564798,ICIC0921424,"Amble, Virk and Dalal Pharmacy",ICICI Bank,merchant,dev-0693ad07e023,,True,2025-08-12
keya1390@cnrb,158379412,CNRB0136397,Keya Jha,Canara Bank,individual,dev-285e4d5a7032,,True,2026-01-22
nilima1391@ybl,85552930908,YESB0266001,Nilima Pathak,Yes Bank,individual,dev-e2f9b0115e46,,True,2024-06-14
mohammed1392@barodampay,403887377755995,BARB0200359,Mohammed Sandhu,Bank of Baroda,individual,dev-8856b268ae64,,True,2025-07-01
advika1393@idfcfirst,733424207724405,IDFB0458419,Advika Wason,IDFC First Bank,individual,dev-0ca7d5f01ac1,,True,2023-10-15
jasmit1394@cnrb,756067155300222,CNRB0605690,Jasmit Majumdar,Canara Bank,individual,dev-97a8d06bdb1f,,True,2024-04-22
samar1395@cnrb,1130876180,CNRB0994427,Samar Sachdev,Canara Bank,individual,dev-ebeb0ebaf060,innocent_bystander,True,2024-06-29
praneel1396@oksbi,3266653211547851,SBIN0003650,Praneel Prabhakar,State Bank of India,individual,dev-99887c3a55d4,,True,2025-01-07
zehaan1397@okicici,496714659439,ICIC0337356,Zehaan Mohanty,ICICI Bank,individual,dev-b9c2f891dbee,,True,2023-07-28
mitali1398@oksbi,951956623,SBIN0128677,Mitali Devi,State Bank of India,individual,dev-7ac36b87cdac,,True,2026-06-20
victor1399@barodampay,2904332270,BARB0129553,Victor Sekhon,Bank of Baroda,individual,dev-babdba4397cc,,True,2023-10-21
harish1400@okaxis,9349486907817199,UTIB0003712,Harish Kala,Axis Bank,individual,dev-34bbcd81d6ed,,True,2023-10-22
hamsini1401@ybl,902799717285,YESB0183876,Hamsini Ben,Yes Bank,individual,dev-72fa00d80b67,,True,2026-06-30
ramachandran1402@pnb,2385038192646,PUNB0797359,Ramachandran Ltd Food & Dining,Punjab National Bank,merchant,dev-5b062626e99e,,True,2024-09-01
gavin1403@pnb,8216444180426,PUNB0549059,Gavin Dhillon,Punjab National Bank,individual,dev-7436866268fa,,True,2024-02-09
radhika1404@barodampay,526985910429157,BARB0110868,Radhika Chakrabarti,Bank of Baroda,individual,dev-ed01aa0bc2b0,gambling_network,True,2026-07-15
adya1405@idfcfirst,24978474678,IDFB0925806,Adya Kapadia,IDFC First Bank,individual,dev-9f06021b9e7f,,True,2025-08-23
fariq1406@idfcfirst,938810017360679,IDFB0319298,Fariq Barad,IDFC First Bank,individual,dev-bd889f8be37e,,True,2026-03-29
rajagopalan1407@okaxis,04888412837049,UTIB0245213,"Rajagopalan, Rattan and Verma Electronics",Axis Bank,merchant,dev-1386d007e8f2,,True,2025-04-11
dakshesh1408@pnb,7970950625604012,PUNB0781233,Dakshesh Gill,Punjab National Bank,individual,dev-c1f5c26912f2,gambling_network,True,2024-07-07
reva1409@okicici,04809041035734,ICIC0182485,Reva Anne,ICICI Bank,individual,dev-7b40c7ba357b,,True,2025-06-13
zarna1410@idfcfirst,434413890726,IDFB0621472,Zarna Mangal,IDFC First Bank,individual,dev-83c8fee04dbf,,True,2024-05-19
bahadurjit1411@okaxis,52373107960,UTIB0563350,Bahadurjit Uppal,Axis Bank,individual,dev-f8d55745edcf,,True,2024-07-31
omkaar1412@idfcfirst,98329942769551,IDFB0603112,Omkaar Banik,IDFC First Bank,individual,dev-7ccbe85c145a,,True,2026-04-15
william1413@cnrb,66746677069,CNRB0559994,William Acharya,Canara Bank,individual,dev-f3c49e870eef,,True,2025-01-09
chadha1414@ybl,2025329567479,YESB0724885,Chadha LLC Electronics,Yes Bank,merchant,dev-ce7ffe4b3c87,,True,2024-02-28
ira1415@kotak,72102846901,KKBK0920106,Ira Rana,Kotak Mahindra Bank,individual,dev-1ba36691548a,,True,2024-04-28
sai1416@okaxis,7098424563,UTIB0101588,Sai Vasa,Axis Bank,individual,dev-dd871a9c1c23,,True,2023-07-21
biswas1417@okicici,434766468648978,ICIC0265497,Biswas Inc Food & Dining,ICICI Bank,merchant,dev-af68cc6b8700,,True,2024-08-30
ijaya1418@okaxis,9117276155,UTIB0094598,Ijaya Palan,Axis Bank,individual,dev-ce30a5c3d897,,True,2024-02-12
upkaar1419@idfcfirst,21511755113,IDFB0388432,Upkaar Hayer,IDFC First Bank,individual,dev-10ec9d732a36,innocent_bystander,True,2025-06-01
netra1420@kotak,83860267068085,KKBK0616615,Netra Agrawal,Kotak Mahindra Bank,individual,dev-91c6f10c8cc1,,True,2023-11-16
parth1421@oksbi,6941155777505888,SBIN0010755,Parth Ray,State Bank of India,individual,dev-ddae706f2b2c,,True,2025-01-14
elijah1422@oksbi,341698880,SBIN0551487,Elijah Thakur,State Bank of India,individual,dev-fb3ed590b944,,True,2026-06-24
harini1423@okhdfcbank,791380890,HDFC0141799,Harini Dada,HDFC Bank,individual,dev-46cd2baf0702,,True,2023-10-07
zashil1424@okaxis,0550851176440053,UTIB0252008,Zashil Savant,Axis Bank,individual,dev-a6a70c61a7ee,,True,2024-01-27
veda1425@oksbi,902107138660907,SBIN0639451,Veda Kohli,State Bank of India,individual,dev-dc33a269a667,,True,2026-04-18
tara1426@ybl,5149291661413,YESB0959414,Tara Sharma,Yes Bank,individual,dev-07d3e50d7ffa,,True,2026-01-01
vasatika1427@okicici,16145930497007,ICIC0720843,Vasatika Dada,ICICI Bank,individual,dev-8a49a58e7e31,,True,2025-01-18
ekansh1428@kotak,302207352516,KKBK0738498,Ekansh Raja,Kotak Mahindra Bank,individual,dev-f6e5b94fe861,,True,2025-09-29
victor1429@idfcfirst,64544439287,IDFB0527964,Victor Mutti,IDFC First Bank,individual,dev-3bc447511414,innocent_bystander,True,2024-12-05
ira1430@ybl,3484186604425,YESB0245044,Ira Varty,Yes Bank,individual,dev-b9a38f7897cc,,True,2023-12-21
andra1431@okaxis,7469031787640789,UTIB0341850,"Andra, Lall and Kothari Grocery",Axis Bank,merchant,dev-46015b33c543,,True,2023-12-04
girik1432@oksbi,2847198429852,SBIN0621422,Girik Rastogi,State Bank of India,individual,dev-e47bd05eab9d,,True,2025-01-23
faqid1433@ybl,71097631256322,YESB0961683,Faqid Gokhale,Yes Bank,individual,dev-b90e6aa12224,,True,2024-03-17
dipta1434@okaxis,139491156942,UTIB0541145,Dipta Pandya,Axis Bank,individual,dev-9041954e309b,,True,2023-10-11
amruta1435@pnb,659575534,PUNB0295930,Amruta Goswami,Punjab National Bank,individual,dev-c37c4e76cf25,innocent_bystander,True,2026-03-13
wishi1436@okaxis,434892004605,UTIB0399638,Wishi Iyengar,Axis Bank,individual,dev-f2e4dcee538a,,True,2025-01-07
wyatt1437@kotak,926589745682,KKBK0872985,Wyatt Lanka,Kotak Mahindra Bank,individual,dev-ebc423cd1688,,True,2024-01-31
veer1438@okicici,522882196,ICIC0492345,Veer Jain,ICICI Bank,individual,dev-ac000bb3b1b6,,True,2024-02-09
ishani1439@kotak,840525186652923,KKBK0926265,Ishani Dugal,Kotak Mahindra Bank,individual,dev-57886e0ade43,,True,2026-01-15
jagdish1440@cnrb,314911981267,CNRB0733950,Jagdish Brar,Canara Bank,individual,dev-d4097bdc56d6,,True,2025-05-26
abeer1441@ybl,062284736681544,YESB0848732,Abeer Basak,Yes Bank,individual,dev-d64dc52228dd,account_takeover,True,2025-05-11
kamya1442@oksbi,4660135810,SBIN0629197,Kamya Murty,State Bank of India,individual,dev-463c98fa4324,,False,2024-11-10
anvi1443@kotak,0045745976,KKBK0364009,Anvi Swaminathan,Kotak Mahindra Bank,individual,dev-9288f626c7dd,,True,2025-01-07
vaidya1444@idfcfirst,627267121726,IDFB0417578,Vaidya LLC Pharmacy,IDFC First Bank,merchant,dev-a6ed5415e3a5,,True,2025-11-23
tristan1445@cnrb,799562010,CNRB0684947,Tristan Dave,Canara Bank,individual,dev-26b9cb80dae5,,True,2024-01-28
pallavi1446@barodampay,1601069415,BARB0482326,Pallavi Sridhar,Bank of Baroda,individual,dev-2d81e6979bd4,,True,2024-07-22
yadavi1447@okaxis,4485768037,UTIB0140905,Yadavi Palan,Axis Bank,individual,dev-9c2b1e71eca2,,True,2023-07-20
owen1448@cnrb,9111714849439516,CNRB0773063,Owen Shankar,Canara Bank,individual,dev-7c85a6d6bddb,innocent_bystander,True,2024-01-24
zarna1449@okaxis,71772090404,UTIB0820960,Zarna Sharma,Axis Bank,individual,dev-730c7b8098b5,,True,2025-10-20
abhiram1450@okaxis,7964199423,UTIB0394117,Abhiram Arora,Axis Bank,individual,dev-4a5cbaea010d,innocent_bystander,True,2023-09-21
ladli1451@barodampay,094274313663,BARB0613046,Ladli Chaudhuri,Bank of Baroda,individual,dev-137d85c4d1b6,,True,2024-07-25
pathaklad1452@pnb,81305127859,PUNB0756671,Pathak-Lad Fashion,Punjab National Bank,merchant,dev-69adc0c07a41,,True,2024-03-05
adya1453@oksbi,9977461529,SBIN0367514,Adya Khalsa,State Bank of India,individual,dev-f63e0d65e0d1,,True,2023-11-02
urishilla1454@idfcfirst,2340281672488968,IDFB0398460,Urishilla Oza,IDFC First Bank,individual,dev-b513fd9975e2,,True,2026-01-29
gourtara1455@idfcfirst,9476673308266788,IDFB0002346,Gour-Tara Fashion,IDFC First Bank,merchant,dev-870c11d7ecc4,,True,2026-06-26
shivansh1456@idfcfirst,6852833513,IDFB0799155,Shivansh Saini,IDFC First Bank,individual,dev-cd80b89bb5c0,,True,2023-12-19
janya1457@barodampay,4216127280,BARB0457016,Janya Rattan,Bank of Baroda,individual,dev-18bb3211ad09,,True,2025-10-29
shravya1458@kotak,685285841963,KKBK0847503,Shravya Gole,Kotak Mahindra Bank,individual,dev-14945202d0d2,,True,2026-04-18
veer1459@cnrb,26942994480356,CNRB0628285,Veer Chaudhry,Canara Bank,individual,dev-d661db5ec298,,True,2025-03-19
madan1460@cnrb,5841409526555,CNRB0928992,"Madan, Keer and Sankaran Travel",Canara Bank,merchant,dev-bb7823dbe939,,True,2025-07-11
hayredhingra1461@pnb,8458881790,PUNB0868101,Hayre-Dhingra Electronics,Punjab National Bank,merchant,dev-00e99eddc65f,,True,2023-08-18
urvashi1462@okaxis,8942876923,UTIB0039014,Urvashi Andra,Axis Bank,individual,dev-dbf53b63fa4b,,True,2024-04-22
oviya1463@kotak,897876796609,KKBK0777723,Oviya Tata,Kotak Mahindra Bank,individual,dev-206a5a298696,,True,2026-02-17
zansi1464@okicici,26439314517,ICIC0229553,Zansi Walla,ICICI Bank,individual,dev-291ba917a495,,True,2025-11-16
vidhi1465@oksbi,1335296315465,SBIN0640358,Vidhi Mital,State Bank of India,individual,dev-fac06bd5b9fc,,True,2024-09-09
champak1466@cnrb,20520123977,CNRB0692034,Champak Rao,Canara Bank,individual,dev-fd2da0cde85a,innocent_bystander,True,2026-07-15
nihal1467@cnrb,3227905452021,CNRB0052358,Nihal Bhasin,Canara Bank,individual,dev-af934b5ba39c,,True,2025-01-18
aachal1468@idfcfirst,4346941930572228,IDFB0957392,Aachal Soni,IDFC First Bank,individual,dev-423304d9ebd0,,True,2024-03-05
shivani1469@ybl,6394730727,YESB0464647,Shivani Natt,Yes Bank,individual,dev-4a0bd0f800c8,,True,2026-05-28
jalsa1470@kotak,3270599748071737,KKBK0603290,Jalsa Parsa,Kotak Mahindra Bank,individual,dev-baf8f0ed7708,,True,2025-01-05
kurian1471@idfcfirst,808249395080641,IDFB0514612,"Kurian, Padmanabhan and Bahri Grocery",IDFC First Bank,merchant,dev-1d5dbb5c89f2,,True,2023-08-28
jairaj1472@pnb,5203421410409891,PUNB0464986,Jairaj Panchal,Punjab National Bank,individual,dev-2796f6d271dc,,True,2026-05-23
issac1473@okaxis,899402001,UTIB0563160,"Issac, Yohannan and Ghosh Utilities",Axis Bank,merchant,dev-a3912bc40959,,True,2023-07-31
isha1474@okicici,214352968771580,ICIC0462825,Isha Nair,ICICI Bank,individual,dev-94c2302ff180,,True,2023-12-11
sanya1475@idfcfirst,013076746564666,IDFB0872464,Sanya Brar,IDFC First Bank,individual,dev-6bf782598528,,True,2023-08-02
mangatsheth1476@oksbi,19707157902627,SBIN0183435,Mangat-Sheth Electronics,State Bank of India,merchant,dev-ab7be029eb67,,True,2024-12-11
oliver1477@oksbi,59327566776,SBIN0454488,Oliver Nazareth,State Bank of India,individual,dev-b781ce758e17,,True,2024-06-14
nidhi1478@kotak,262029114392,KKBK0417247,Nidhi Bora,Kotak Mahindra Bank,individual,dev-2992684a0af1,,True,2025-09-27
neel1479@okaxis,43395387144,UTIB0449599,Neel Oza,Axis Bank,individual,dev-b963525981c2,,True,2025-01-10
dipta1480@okaxis,9134989325,UTIB0340602,Dipta Nadig,Axis Bank,individual,dev-59340c045936,,True,2024-12-29
amara1481@barodampay,53777162294729,BARB0277017,Amara Rana,Bank of Baroda,individual,dev-2484952e36cf,,True,2023-12-05
sai1482@cnrb,019738008653,CNRB0817392,Sai Patil,Canara Bank,individual,dev-2125b19b9ec7,account_takeover,True,2023-09-01
odika1483@ybl,2030097032942,YESB0634757,Odika Ganesh,Yes Bank,individual,dev-6d0d9d79f120,,True,2024-10-03
arin1484@okaxis,079165476276,UTIB0312498,Arin Dass,Axis Bank,individual,dev-d8c737bc010d,,True,2024-08-31
zayan1485@okhdfcbank,649340409281213,HDFC0602739,Zayan Buch,HDFC Bank,individual,dev-66fb7a6bbc1e,,True,2024-12-03
ojas1486@pnb,93530331622396,PUNB0425293,Ojas Ranganathan,Punjab National Bank,individual,dev-2ae916d24cfa,,True,2023-12-23
girish1487@cnrb,961102306465,CNRB0271643,Girish Bhatt,Canara Bank,individual,dev-596f6c9d4f53,,True,2024-11-27
chatura1488@pnb,202297398249,PUNB0457219,Chatura Bal,Punjab National Bank,individual,dev-14a1f35e419f,,True,2026-01-13
fiyaz1489@okaxis,0825793948126783,UTIB0624683,Fiyaz Chawla,Axis Bank,individual,dev-0401ea9e20ab,,False,2024-10-24
dugalchad1490@okhdfcbank,37111920363,HDFC0384500,Dugal-Chad Pharmacy,HDFC Bank,merchant,dev-40312016d74b,,True,2024-05-05
dayamai1491@barodampay,58605355588,BARB0971509,Dayamai Karnik,Bank of Baroda,individual,dev-59df6e9cef11,innocent_bystander,True,2026-05-09
bhanumati1492@okhdfcbank,9175580014,HDFC0962226,Bhanumati Savant,HDFC Bank,individual,dev-8f5e89117d06,,True,2025-07-30
date1493@kotak,88989974358750,KKBK0271653,"Date, Deep and Vyas Pharmacy",Kotak Mahindra Bank,merchant,dev-449cc3938912,,True,2026-05-02
ayush1494@kotak,230584474372825,KKBK0250244,Ayush Banerjee,Kotak Mahindra Bank,individual,dev-bddbe2a174bc,,True,2025-11-19
eshana1495@okicici,56235446970308,ICIC0644422,Eshana Soni,ICICI Bank,individual,dev-a2bf0f387dde,,True,2025-09-11
anita1496@pnb,0953060056592533,PUNB0150664,Anita Saxena,Punjab National Bank,individual,dev-25e727cbf081,,True,2025-02-10
peter1497@cnrb,23747945450952,CNRB0573924,Peter Shan,Canara Bank,individual,dev-7e31df659d08,,True,2023-08-18
dayita1498@cnrb,63601971250431,CNRB0299845,Dayita Palan,Canara Bank,individual,dev-538a014b12db,gambling_network,True,2025-01-26
utkarsh1499@barodampay,5803701388760297,BARB0241036,Utkarsh Chakraborty,Bank of Baroda,individual,dev-bac333b5b934,,True,2023-11-23
darika1500@cnrb,78632716135176,CNRB0016326,Darika Pau,Canara Bank,individual,dev-2f9859d9edcc,,True,2023-08-02
abha1501@ybl,54779320168,YESB0600916,Abha Dugal,Yes Bank,individual,dev-8bade2fd766c,,True,2024-03-31
advaith1502@barodampay,63486056526,BARB0947678,Advaith Acharya,Bank of Baroda,individual,dev-c4180016b9b2,,True,2025-01-01
hemangini1503@idfcfirst,992442106060103,IDFB0327089,Hemangini Mangat,IDFC First Bank,individual,dev-a70b0f5587f0,innocent_bystander,True,2024-09-17
abhiram1504@kotak,113716349,KKBK0464880,Abhiram Swamy,Kotak Mahindra Bank,individual,dev-326af8422c2d,,True,2023-09-23
chandani1505@okhdfcbank,571969852,HDFC0686021,Chandani Andra,HDFC Bank,individual,dev-54e722837070,,True,2025-01-20
brinda1506@cnrb,59528115820,CNRB0723646,Brinda Kashyap,Canara Bank,individual,dev-652b5a966dd5,,True,2024-07-07
kashvi1507@okaxis,5882470710,UTIB0113076,Kashvi Gulati,Axis Bank,individual,dev-4ef68de19613,,True,2026-03-17
rajeshri1508@cnrb,7077621633138,CNRB0893248,Rajeshri Rana,Canara Bank,individual,dev-1d915659c9f5,,True,2023-09-17
nihal1509@barodampay,2985678201,BARB0356894,Nihal Ramakrishnan,Bank of Baroda,individual,dev-9925553c707c,,True,2025-11-20
kannanlall1510@okicici,05828825058916,ICIC0066011,Kannan-Lall Pharmacy,ICICI Bank,merchant,dev-5282a247889d,,True,2023-09-27
sami1511@barodampay,8869986900569,BARB0678410,Sami Ltd Grocery,Bank of Baroda,merchant,dev-ad35783b6b3f,,True,2025-06-02
zansi1512@oksbi,632674545,SBIN0806603,Zansi Magar,State Bank of India,individual,dev-12c203b6cc57,,True,2023-12-11
amruta1513@ybl,6894241641,YESB0546715,Amruta Sachar,Yes Bank,individual,dev-57f8f5b7b671,innocent_bystander,True,2024-10-17
ekapad1514@kotak,0855548455,KKBK0157377,Ekapad Gopal,Kotak Mahindra Bank,individual,dev-bd0e632c8635,innocent_bystander,True,2025-01-08
bimala1515@okaxis,820376792441608,UTIB0088370,Bimala Choudhry,Axis Bank,individual,dev-a6d8441c3252,account_takeover,True,2025-12-02
sneha1516@ybl,261330775,YESB0028592,Sneha Magar,Yes Bank,individual,dev-a5167cc92874,,True,2024-12-14
raghav1517@kotak,3312383183910,KKBK0921717,Raghav Nagi,Kotak Mahindra Bank,individual,dev-05552719a549,,True,2026-04-11
max1518@barodampay,15504703940,BARB0527052,Max Bawa,Bank of Baroda,individual,dev-3a842a69b5a9,,True,2024-12-25
quincy1519@oksbi,4229555249192206,SBIN0319138,Quincy Chaudry,State Bank of India,individual,dev-f7079b75cb9e,,True,2026-02-24
amruta1520@cnrb,14660095804597,CNRB0628059,Amruta Dass,Canara Bank,individual,dev-47ec1f4bfd5f,,True,2023-09-15
abhiram1521@ybl,9930250219,YESB0355223,Abhiram Kaul,Yes Bank,individual,dev-06ae4b6121dd,,True,2024-01-30
matthew1522@okicici,5476729006559871,ICIC0096584,Matthew Aurora,ICICI Bank,individual,dev-778bc523dcc3,,True,2023-07-31
teerth1523@okaxis,591658584,UTIB0163941,Teerth Oommen,Axis Bank,individual,dev-e85afbad2ff5,account_takeover,True,2025-06-09
devika1524@kotak,015700053075069,KKBK0419198,Devika Tara,Kotak Mahindra Bank,individual,dev-ba211cf3792a,,True,2025-03-25
ubika1525@okaxis,829111294,UTIB0165241,Ubika Balay,Axis Bank,individual,dev-c25249a48fa6,,True,2024-11-14
faris1526@cnrb,8258272129982,CNRB0779504,Faris Dhingra,Canara Bank,individual,dev-a387df37cc3b,,True,2025-06-07
amaira1527@oksbi,440777520351020,SBIN0014212,Amaira Ramanathan,State Bank of India,individual,dev-2283477c839d,,True,2023-11-11
upma1528@kotak,739755612647,KKBK0525856,Upma Golla,Kotak Mahindra Bank,individual,dev-771fdd101ef6,,True,2024-03-28
krishna1529@barodampay,76889353772,BARB0859680,Krishna Group Electronics,Bank of Baroda,merchant,dev-a27a404a920a,,True,2026-03-31
jairaj1530@ybl,311500736,YESB0986245,Jairaj Kothari,Yes Bank,individual,dev-e127050d74d0,,True,2025-09-17
savantkota1531@okicici,94197049617131,ICIC0693378,Savant-Kota Fuel,ICICI Bank,merchant,dev-71cc66eec75f,,True,2025-09-23
rushil1532@barodampay,157707269138125,BARB0996194,Rushil Sharma,Bank of Baroda,individual,dev-b0f6714bd7a5,,True,2024-02-27
sathvik1533@kotak,8965215470813397,KKBK0035969,Sathvik Solanki,Kotak Mahindra Bank,individual,dev-0b1c60da76a2,,True,2025-04-05
devika1534@okhdfcbank,351010761541,HDFC0970389,Devika Naidu,HDFC Bank,individual,dev-16cf15f032f1,,True,2023-07-29
brijesh1535@okhdfcbank,14021260161587,HDFC0122012,Brijesh Verma,HDFC Bank,individual,dev-6851c425b980,,True,2024-01-16
zehaan1536@kotak,89400838581,KKBK0858214,Zehaan Srivastava,Kotak Mahindra Bank,individual,dev-cacddc8bc28e,,True,2023-08-11
rushil1537@pnb,047416460069,PUNB0639448,Rushil Patel,Punjab National Bank,individual,dev-ea5d54f122ff,,True,2026-06-23
tejas1538@okicici,5076801645466174,ICIC0575593,Tejas Chowdhury,ICICI Bank,individual,dev-9e6a329e9092,,True,2025-02-07
radha1539@okaxis,365558558081305,UTIB0831524,Radha Nair,Axis Bank,individual,dev-5e4ebb61973f,innocent_bystander,True,2024-04-15
oliver1540@okaxis,2413537853357,UTIB0126698,Oliver Majumdar,Axis Bank,individual,dev-5453ae7273d3,,True,2026-01-05
meghana1541@okicici,85947186064,ICIC0000108,Meghana Kibe,ICICI Bank,individual,dev-0ab6d2d87a44,,True,2023-08-27
brijesh1542@cnrb,408149923562,CNRB0548965,Brijesh Soman,Canara Bank,individual,dev-7dec94d5d958,,True,2024-07-22
kamya1543@idfcfirst,989713064,IDFB0474703,Kamya Chakraborty,IDFC First Bank,individual,dev-522ebcbbd742,,True,2025-01-08
nakul1544@oksbi,3208333545,SBIN0277892,Nakul Tata,State Bank of India,individual,dev-98eee34be374,,True,2024-11-14
hamsini1545@kotak,110454048,KKBK0031014,Hamsini Bhasin,Kotak Mahindra Bank,individual,dev-a32aa7c60541,,True,2026-01-19
ishani1546@kotak,06146854822410,KKBK0362024,Ishani Dube,Kotak Mahindra Bank,individual,dev-757f0b27eed4,,True,2025-05-27
yadav1547@kotak,26928362293071,KKBK0110679,"Yadav, Chhabra and Dass Grocery",Kotak Mahindra Bank,merchant,dev-011d17d6130e,,True,2024-08-08
viraj1548@okhdfcbank,68873592674848,HDFC0644345,Viraj Nadig,HDFC Bank,individual,dev-0c1d3d0d540d,,True,2025-04-13
reva1549@barodampay,96382658930,BARB0157624,Reva Hans,Bank of Baroda,individual,dev-600443bd91a3,,True,2024-06-14
purohit1550@cnrb,7657911425378271,CNRB0796774,Purohit LLC Fashion,Canara Bank,merchant,dev-ba96b7b2511c,,True,2026-06-30
zashil1551@kotak,372792639832069,KKBK0145120,Zashil Baral,Kotak Mahindra Bank,individual,dev-6a40edd01b0f,,True,2024-01-24
raksha1552@ybl,438263997765,YESB0563202,Raksha Menon,Yes Bank,individual,dev-8215e606e152,,True,2025-03-26
ranveer1553@okhdfcbank,4619617836,HDFC0747878,Ranveer Grover,HDFC Bank,individual,dev-aa84412515fb,,True,2026-01-16
ekiya1554@cnrb,0387359770,CNRB0241040,Ekiya Sidhu,Canara Bank,individual,dev-bb52a11ae894,,True,2024-09-15
naveen1555@oksbi,679336280830623,SBIN0481457,Naveen Biswas,State Bank of India,individual,dev-40fe6194983d,,True,2026-04-08
shivani1556@oksbi,078588991,SBIN0034677,Shivani Merchant,State Bank of India,individual,dev-d649d9a69362,,True,2025-05-20
jeevika1557@cnrb,80757252150058,CNRB0715541,Jeevika Setty,Canara Bank,individual,dev-80c3f2037e9d,,True,2025-05-29
yashawini1558@okhdfcbank,2805345695255,HDFC0864676,Yashawini Raghavan,HDFC Bank,individual,dev-b8ea05919cda,,True,2025-03-29
goyal1559@barodampay,435804060377251,BARB0591666,"Goyal, Bahl and Patla Pharmacy",Bank of Baroda,merchant,dev-ad43220278a0,,True,2026-04-21
ekani1560@oksbi,3497020278463,SBIN0476866,Ekani Bhatnagar,State Bank of India,individual,dev-b9e842d43eee,,True,2023-12-19
yohannan1561@ybl,5182721513285,YESB0719410,"Yohannan, Ram and Gupta Home Services",Yes Bank,merchant,dev-628abe9608c5,,True,2024-10-20
mitesh1562@barodampay,2512636906,BARB0821071,Mitesh Mandal,Bank of Baroda,individual,dev-cd43e823570c,,True,2026-06-25
nimrat1563@okaxis,1766362744503294,UTIB0005897,Nimrat Nagy,Axis Bank,individual,dev-8fbaa9067c42,gambling_network,False,2024-01-01
gopal1564@oksbi,617342751479918,SBIN0566257,Gopal Virk,State Bank of India,individual,dev-946b5abd44bc,,True,2026-07-13
caleb1565@barodampay,244710587832608,BARB0713707,Caleb Dayal,Bank of Baroda,individual,dev-2038ff807bc9,,True,2024-10-06
balay1566@okaxis,256879167,UTIB0231753,Balay and Sons Food & Dining,Axis Bank,merchant,dev-8c9bea37aedf,,True,2025-07-27
vedika1567@kotak,626494716447403,KKBK0963249,Vedika Handa,Kotak Mahindra Bank,individual,dev-291842f2da2e,,True,2026-03-22
balay1568@barodampay,71098766463032,BARB0303398,Balay PLC Travel,Bank of Baroda,merchant,dev-a2908f7808e9,,True,2026-02-05
vrishti1569@barodampay,4000834660927,BARB0832102,Vrishti Vora,Bank of Baroda,individual,dev-0ab9ee899bed,,True,2024-10-10
chandran1570@pnb,6868310405,PUNB0400761,Chandran Peri,Punjab National Bank,individual,dev-95ceff41331e,,True,2026-01-09
ekavir1571@barodampay,38688959043,BARB0096703,Ekavir Arya,Bank of Baroda,individual,dev-7ee091df1a74,,True,2025-11-19
vyanjana1572@barodampay,955208837,BARB0572024,Vyanjana Buch,Bank of Baroda,individual,dev-57107aa40045,,True,2026-06-20
darsh1573@barodampay,839541459,BARB0263320,Darsh Patel,Bank of Baroda,individual,dev-39533315a698,,True,2026-04-08
jyoti1574@okhdfcbank,7816548435987,HDFC0080837,Jyoti Bhardwaj,HDFC Bank,individual,dev-361c0f4d9e10,,True,2025-12-22
banjeet1575@oksbi,794249160,SBIN0300491,Banjeet Bobal,State Bank of India,individual,dev-e9bb78706efd,innocent_bystander,True,2024-05-18
faras1576@kotak,86625028467,KKBK0936909,Faras Kalita,Kotak Mahindra Bank,individual,dev-d403e01489a5,,True,2023-10-06
harrison1577@idfcfirst,965149743892838,IDFB0964689,Harrison Kashyap,IDFC First Bank,individual,dev-8efecba9d51a,,True,2025-11-21
ranveer1578@barodampay,91065691905862,BARB0604262,Ranveer Hans,Bank of Baroda,individual,dev-bb4aefe64a69,,True,2024-03-22
praneel1579@ybl,87272806169,YESB0667616,Praneel Sagar,Yes Bank,individual,dev-ca19126f80b9,,True,2024-07-21
cherian1580@okhdfcbank,71167861642,HDFC0339093,"Cherian, Parmar and Shanker Fuel",HDFC Bank,merchant,dev-f2498ccfaa61,,True,2024-12-28
hemang1581@pnb,121035804727551,PUNB0168151,Hemang Ganesan,Punjab National Bank,individual,dev-42099ce0a947,,True,2026-03-09
neelima1582@cnrb,710255112424098,CNRB0338618,Neelima Thaman,Canara Bank,individual,dev-dd5ce2cd812e,,True,2025-03-30
nakul1583@oksbi,113509410,SBIN0956683,Nakul Walla,State Bank of India,individual,dev-da9e36987900,,True,2025-05-23
indira1584@ybl,8112736107202348,YESB0198353,Indira Murty,Yes Bank,individual,dev-a3e3a59a4d3c,,True,2026-02-10
kamya1585@pnb,3543049935295983,PUNB0456809,Kamya Sachar,Punjab National Bank,individual,dev-34bec99105ed,,True,2023-12-11
ekiya1586@ybl,94570756949,YESB0567751,Ekiya Khosla,Yes Bank,individual,dev-4c102b37094e,innocent_bystander,True,2024-10-22
keya1587@okhdfcbank,633268142297,HDFC0944445,Keya Kumar,HDFC Bank,individual,dev-5b26ada2ea7f,,True,2023-07-27
sethisem1588@cnrb,759234797,CNRB0507137,Sethi-Sem Pharmacy,Canara Bank,merchant,dev-603e62fa44d2,,True,2023-07-19
aadi1589@kotak,282376224402113,KKBK0035953,Aadi Banerjee,Kotak Mahindra Bank,individual,dev-b8b158adce75,innocent_bystander,True,2024-07-01
amol1590@okhdfcbank,492751915,HDFC0662681,Amol Vasa,HDFC Bank,individual,dev-59b5efac9e59,,True,2024-10-29
chasmum1591@cnrb,789484426,CNRB0310217,Chasmum Ahuja,Canara Bank,individual,dev-84b4297c55fd,,True,2024-08-26
tristan1592@barodampay,3499287616645261,BARB0286276,Tristan Kala,Bank of Baroda,individual,dev-bed6b37efe94,,True,2023-09-01
anthony1593@okicici,0147481842679073,ICIC0502435,Anthony Majumdar,ICICI Bank,individual,dev-64ae3b76ef11,,True,2024-03-05
girindra1594@ybl,6817666508316,YESB0947245,Girindra Barad,Yes Bank,individual,dev-71bba6b65b7a,,True,2023-07-22
ishani1595@ybl,16222162684,YESB0914001,Ishani Dugal,Yes Bank,individual,dev-ef9e4032fcbf,,True,2024-01-05
alka1596@cnrb,342957633902,CNRB0735907,Alka Peri,Canara Bank,individual,dev-7f20bd8be851,,True,2025-12-12
viraj1597@kotak,5967993227,KKBK0376742,Viraj Kunda,Kotak Mahindra Bank,individual,dev-6ba190d2f4ff,,True,2026-05-30
george1598@pnb,643028740970,PUNB0210273,George Ratta,Punjab National Bank,individual,dev-4660892baf65,,True,2024-03-23
faras1599@okicici,735577585,ICIC0026186,Faras Nair,ICICI Bank,individual,dev-52dcb6db44f4,,True,2023-11-26
oscar1600@kotak,20313055261,KKBK0010375,Oscar Sura,Kotak Mahindra Bank,individual,dev-8178137ad4ac,,True,2025-09-26
charita1601@kotak,847027240538,KKBK0398069,Charita Barad,Kotak Mahindra Bank,individual,dev-967ac2d3f372,innocent_bystander,True,2023-10-31
farhan1602@oksbi,990081117,SBIN0132634,Farhan Bhalla,State Bank of India,individual,dev-7330112f62c9,,True,2023-12-11
ijaya1603@barodampay,9670976156610,BARB0479414,Ijaya Saraf,Bank of Baroda,individual,dev-e8e69db76c41,,True,2024-10-16
jai1604@cnrb,152134789195160,CNRB0461640,Jai Karan,Canara Bank,individual,dev-6dbd1ad45c21,,True,2023-10-21
lavanya1605@okicici,7876299673,ICIC0447252,Lavanya Bhagat,ICICI Bank,individual,dev-fa981bce749b,,True,2024-07-10
benjamin1606@cnrb,2279190519736,CNRB0849994,Benjamin Nagar,Canara Bank,individual,dev-50ddac3737b8,,True,2024-09-11
eta1607@barodampay,3586121577,BARB0750129,Eta Thakkar,Bank of Baroda,individual,dev-d463acb30734,,True,2025-06-12
kant1608@okicici,5884883219452345,ICIC0175107,"Kant, Dua and Bedi Pharmacy",ICICI Bank,merchant,dev-15c3b4c85d19,,True,2025-07-07
sanaya1609@okicici,2156717320241350,ICIC0875095,Sanaya Thaman,ICICI Bank,individual,dev-cc691c4fed30,,True,2026-02-07
kapadia1610@barodampay,8349748169560629,BARB0319815,Kapadia Group Food & Dining,Bank of Baroda,merchant,dev-13095d501475,,True,2025-03-05
meera1611@cnrb,9431094623862080,CNRB0036171,Meera Divan,Canara Bank,individual,dev-5aefde4c0541,,True,2025-03-01
gayathri1612@barodampay,845102646459699,BARB0617645,Gayathri Butala,Bank of Baroda,individual,dev-1f90d9fe88ef,,True,2023-10-05
bawarastogi1613@pnb,383393691,PUNB0510725,Bawa-Rastogi Fuel,Punjab National Bank,merchant,dev-e3a84a567a99,,True,2025-09-13
frederick1614@oksbi,599825140,SBIN0992851,Frederick Rastogi,State Bank of India,individual,dev-fc877973e5ce,,True,2025-09-11
saraf1615@okaxis,010979925,UTIB0647009,"Saraf, De and Deshmukh Electronics",Axis Bank,merchant,dev-5b5dd6bdf1ca,,False,2023-09-30
rudra1616@ybl,849274173177397,YESB0022394,Rudra Sura,Yes Bank,individual,dev-8a7f0e56b001,innocent_bystander,True,2024-03-15
rohan1617@okhdfcbank,7447764554154,HDFC0051009,Rohan Viswanathan,HDFC Bank,individual,dev-cd239af40624,,True,2025-01-27
xavier1618@kotak,826019729900275,KKBK0512606,Xavier Bora,Kotak Mahindra Bank,individual,dev-062f4a6a5686,,True,2025-12-23
qushi1619@barodampay,586375200,BARB0224173,Qushi Naik,Bank of Baroda,individual,dev-9f67afd11f1a,,True,2024-02-16
isaiah1620@oksbi,82230287333,SBIN0118966,Isaiah Sachdev,State Bank of India,individual,dev-be8f8c286bbf,,True,2025-05-17
jasmit1621@barodampay,4267643483911,BARB0332633,Jasmit Pall,Bank of Baroda,individual,dev-d023c300d9a0,,True,2026-06-12
ekani1622@idfcfirst,678817196128628,IDFB0718314,Ekani Padmanabhan,IDFC First Bank,individual,dev-2ac9ad13a6be,innocent_bystander,True,2023-11-11
dalaja1623@ybl,6958107080646644,YESB0503368,Dalaja Gara,Yes Bank,individual,dev-bc6958ad1a1c,gambling_network,True,2025-03-17
riya1624@kotak,4361992256607037,KKBK0887083,Riya Dhingra,Kotak Mahindra Bank,individual,dev-76619aa222f9,,True,2024-11-03
chaitanya1625@barodampay,9134732747340,BARB0016148,Chaitanya Kaur,Bank of Baroda,individual,dev-4edb16000748,,True,2024-08-23
kashvi1626@ybl,320892379,YESB0286851,Kashvi Dugal,Yes Bank,individual,dev-b74ec7ae4928,innocent_bystander,True,2024-05-29
isaiah1627@pnb,89935384360323,PUNB0448742,Isaiah Bhagat,Punjab National Bank,individual,dev-fe3b3f10f29f,account_takeover,True,2025-06-08
manbir1628@kotak,26978902154,KKBK0040725,Manbir Mani,Kotak Mahindra Bank,individual,dev-b44bbd8e4552,innocent_bystander,True,2024-12-26
hemal1629@barodampay,702206085749250,BARB0832896,Hemal Choudhry,Bank of Baroda,individual,dev-51206991c3fb,,True,2026-01-13
shivani1630@ybl,60992423286877,YESB0166655,Shivani Sinha,Yes Bank,individual,dev-93ef50d45f76,,True,2024-08-08
garima1631@okhdfcbank,300407453740415,HDFC0563607,Garima Kadakia,HDFC Bank,individual,dev-cd8d7d7913ec,,True,2024-09-23
samar1632@oksbi,58996682337317,SBIN0749775,Samar Virk,State Bank of India,individual,dev-f51f1d98edd2,,True,2025-07-09
subramaniandhaliwal1633@okaxis,860403767,UTIB0660878,Subramanian-Dhaliwal Home Services,Axis Bank,merchant,dev-f875c403fb73,,True,2026-04-25
krisha1634@barodampay,59742110908,BARB0583508,Krisha Vyas,Bank of Baroda,individual,dev-7ab4519e8545,,True,2024-09-30
aadhya1635@cnrb,9936806917,CNRB0060362,Aadhya Garde,Canara Bank,individual,dev-b565de664001,,True,2025-06-18
bhanumati1636@idfcfirst,5773188868474712,IDFB0214395,Bhanumati Iyer,IDFC First Bank,individual,dev-863b1268a628,account_takeover,True,2025-07-08
chatresh1637@okhdfcbank,8694396805887,HDFC0164505,Chatresh Shroff,HDFC Bank,individual,dev-0815fd8b1362,,True,2023-12-15
ekalinga1638@cnrb,580648469,CNRB0136169,Ekalinga Rama,Canara Bank,individual,dev-c42cd050353a,,False,2023-09-13
madan1639@okhdfcbank,139071122389,HDFC0692431,"Madan, Parsa and Chokshi Fashion",HDFC Bank,merchant,dev-00386d254c40,,True,2025-10-16
brinda1640@oksbi,757102237112,SBIN0326378,Brinda Raju,State Bank of India,individual,dev-38898032fa61,,True,2023-10-08
lajita1641@oksbi,66036638877975,SBIN0398663,Lajita Trivedi,State Bank of India,individual,dev-1e94ad5ca684,,True,2023-09-22
diya1642@kotak,252893901,KKBK0347364,Diya Sundaram,Kotak Mahindra Bank,individual,dev-664259f1b374,gambling_network,True,2023-10-13
quincy1643@cnrb,12926962807264,CNRB0569084,Quincy Issac,Canara Bank,individual,dev-4b71c861d29f,account_takeover,True,2024-11-19
anthony1644@idfcfirst,2182685774993,IDFB0819178,Anthony Baral,IDFC First Bank,individual,dev-8d05dc2e118f,,True,2025-06-03
dalaja1645@okaxis,264223116959,UTIB0154989,Dalaja Nath,Axis Bank,individual,dev-242b26f96821,,True,2025-12-18
maya1646@ybl,22868761922103,YESB0843443,Maya Dugar,Yes Bank,individual,dev-cd8ca5ddb5a1,,True,2025-12-01
palan1647@oksbi,591278907,SBIN0321815,Palan Ltd Grocery,State Bank of India,merchant,dev-829ec78e2f3a,,True,2026-03-16
isha1648@barodampay,039246621,BARB0156558,Isha Mittal,Bank of Baroda,individual,dev-c38b5d38d07c,,True,2026-01-07
yachana1649@kotak,0584565781483479,KKBK0251602,Yachana Majumdar,Kotak Mahindra Bank,individual,dev-2d6d9ef465ee,innocent_bystander,True,2025-07-03
aarini1650@oksbi,3156196960295,SBIN0122210,Aarini Ram,State Bank of India,individual,dev-56b603132797,,True,2025-04-08
ati1651@kotak,3096527962390,KKBK0221291,Ati Kar,Kotak Mahindra Bank,individual,dev-76b6651b5add,gambling_network,True,2023-08-26
harita1652@kotak,09320956852752,KKBK0844548,Harita Ramaswamy,Kotak Mahindra Bank,individual,dev-0f4205d08a00,,True,2026-05-18
gagan1653@barodampay,7288560863059,BARB0862592,Gagan Raja,Bank of Baroda,individual,dev-f1c24019b07c,gambling_network,True,2023-09-16
karan1654@okhdfcbank,057244811218232,HDFC0814723,"Karan, Sahni and Khosla Home Services",HDFC Bank,merchant,dev-f272ffa96180,,True,2025-06-05
pooja1655@okaxis,927175807455754,UTIB0435354,Pooja Muni,Axis Bank,individual,dev-29291f12fa76,,True,2024-01-06
saumya1656@cnrb,5709735988979906,CNRB0333968,Saumya Deep,Canara Bank,individual,dev-997fb07e69ae,,True,2026-04-25
lakshit1657@barodampay,580969525,BARB0571431,Lakshit Jain,Bank of Baroda,individual,dev-3b04b2eb363b,,True,2025-10-15
dayamai1658@okaxis,218885772527900,UTIB0264212,Dayamai Viswanathan,Axis Bank,individual,dev-8e57f91d81ed,,True,2024-08-17
qushi1659@idfcfirst,3833518086,IDFB0887919,Qushi Dhillon,IDFC First Bank,individual,dev-0927374b00fa,,True,2025-08-07
eesha1660@ybl,7679815482849738,YESB0187421,Eesha Bir,Yes Bank,individual,dev-f1ea1001e328,,True,2025-04-16
qarin1661@okaxis,63747435649,UTIB0516113,Qarin Nadkarni,Axis Bank,individual,dev-f998c84baa48,gambling_network,True,2024-04-28
ayushman1662@okicici,1844614665990,ICIC0082859,Ayushman Nagar,ICICI Bank,individual,dev-cd09fa833870,,True,2026-03-12
nisha1663@pnb,67666309285509,PUNB0528550,Nisha Mitter,Punjab National Bank,individual,dev-07d280d4694c,innocent_bystander,True,2024-11-16
anusha1664@okhdfcbank,24804477734083,HDFC0467430,Anusha Doshi,HDFC Bank,individual,dev-f760a1ae375e,,True,2025-05-22
chhabra1665@oksbi,15691218590701,SBIN0431446,Chhabra and Sons Utilities,State Bank of India,merchant,dev-fc88e65dc8e5,,True,2024-12-19
atharv1666@cnrb,954577516499,CNRB0000703,Atharv Loke,Canara Bank,individual,dev-93d0c4ff1fff,,True,2024-11-04
vincent1667@ybl,089764812125342,YESB0352782,Vincent Kashyap,Yes Bank,individual,dev-38027b7f2dac,,True,2024-11-21
jagrati1668@idfcfirst,06466550909,IDFB0973774,Jagrati Buch,IDFC First Bank,individual,dev-176ecbb7bb46,,True,2025-12-04
krish1669@barodampay,962761121,BARB0822944,Krish Thakkar,Bank of Baroda,individual,dev-b3aad727c627,,True,2025-02-22
kashvi1670@pnb,8720285745007,PUNB0202196,Kashvi Gour,Punjab National Bank,individual,dev-faab545c237c,,True,2023-08-01
vyanjana1671@ybl,7339096836304921,YESB0921702,Vyanjana Som,Yes Bank,individual,dev-884802e9b70d,,True,2025-01-26
nihal1672@cnrb,6206980554649,CNRB0907747,Nihal Hans,Canara Bank,individual,dev-2f1ee6a4c51f,,True,2024-06-25
bachittar1673@pnb,97608309131685,PUNB0869328,Bachittar Rege,Punjab National Bank,individual,dev-6197c6ef0851,,True,2023-09-24
anamika1674@okhdfcbank,73147966498985,HDFC0960422,Anamika Sachar,HDFC Bank,individual,dev-91ae219c9fd2,,True,2024-06-23
samaksh1675@barodampay,365854045,BARB0688856,Samaksh Jayaraman,Bank of Baroda,individual,dev-37d3b9c76169,,True,2026-01-27
peter1676@idfcfirst,2840230358604,IDFB0768699,Peter Sarna,IDFC First Bank,individual,dev-6f54b05e472e,,True,2025-11-06
ekta1677@idfcfirst,88623626543,IDFB0773780,Ekta Shankar,IDFC First Bank,individual,dev-d3242a775008,,True,2026-01-19
prisha1678@okaxis,1391161069795695,UTIB0038908,Prisha Ravel,Axis Bank,individual,dev-c458233dd11d,,True,2024-01-28
lajita1679@barodampay,240514812799,BARB0120117,Lajita Munshi,Bank of Baroda,individual,dev-c73a363d562e,innocent_bystander,True,2026-03-28
yadavvohra1680@okicici,127859970895575,ICIC0344186,Yadav-Vohra Grocery,ICICI Bank,merchant,dev-fadc6cb20aca,,True,2026-03-19
ikbal1681@okhdfcbank,6157243195336,HDFC0108216,Ikbal Seth,HDFC Bank,individual,dev-49492d91d6c9,,True,2026-07-08
basakkorpal1682@ybl,135232069996,YESB0747526,Basak-Korpal Pharmacy,Yes Bank,merchant,dev-f2ba6f10dc6d,,True,2024-08-09
balveer1683@okhdfcbank,136991183056947,HDFC0534393,Balveer Ram,HDFC Bank,individual,dev-3b9c6eece97e,,True,2026-06-09
ranveer1684@barodampay,064482779,BARB0820410,Ranveer Manne,Bank of Baroda,individual,dev-dffac981ef44,,True,2025-04-26
mitali1685@kotak,460576715486904,KKBK0703312,Mitali Modi,Kotak Mahindra Bank,individual,dev-c009d116dc43,account_takeover,True,2023-11-11
triya1686@okicici,76019243984656,ICIC0953906,Triya Ganesan,ICICI Bank,individual,dev-693111ac0366,,True,2024-07-07
chaitaly1687@pnb,9347319141,PUNB0697824,Chaitaly Bhagat,Punjab National Bank,individual,dev-cb0813457d48,,False,2025-09-14
ubika1688@okicici,3234620524785927,ICIC0979637,Ubika Seth,ICICI Bank,individual,dev-fbbc37378a92,account_takeover,True,2026-03-11
xiti1689@kotak,438443932,KKBK0674362,Xiti Chowdhury,Kotak Mahindra Bank,individual,dev-6c98ba080f51,,True,2025-08-27
deshmukh1690@idfcfirst,349686400555,IDFB0845444,Deshmukh Group Home Services,IDFC First Bank,merchant,dev-2a7f87181ceb,,True,2024-01-25
naikseshadri1691@cnrb,28610770497831,CNRB0351075,Naik-Seshadri Electronics,Canara Bank,merchant,dev-616dd7af75ad,,True,2025-12-13
praneel1692@barodampay,09553163964058,BARB0462789,Praneel Setty,Bank of Baroda,individual,dev-555277a63f75,,True,2024-10-10
suhani1693@kotak,4369199758268,KKBK0805289,Suhani Chana,Kotak Mahindra Bank,individual,dev-27482496da7d,,True,2025-12-22
ekiya1694@idfcfirst,2731308929791,IDFB0062364,Ekiya Gade,IDFC First Bank,individual,dev-c3cc97ebf4ef,,True,2024-12-21
dasgupta1695@cnrb,25122561072,CNRB0618337,"Dasgupta, Chand and Comar Pharmacy",Canara Bank,merchant,dev-7949a513f90c,,True,2023-08-10
janani1696@okicici,484736957,ICIC0693589,Janani Chada,ICICI Bank,individual,dev-f9bd8318e186,,True,2023-09-26
yasti1697@barodampay,7845432607822581,BARB0431906,Yasti Dutta,Bank of Baroda,individual,dev-e1e5623775bd,innocent_bystander,True,2026-07-06
lajita1698@ybl,89479842339,YESB0732792,Lajita Bassi,Yes Bank,individual,dev-96c3c6db8ad8,,True,2026-03-30
gautami1699@okaxis,9159765390882584,UTIB0300039,Gautami Doctor,Axis Bank,individual,dev-ec13ec114918,,True,2024-03-26
maanav1700@okicici,9713755046,ICIC0749858,Maanav Gola,ICICI Bank,individual,dev-f39e6b72f1c0,innocent_bystander,True,2024-05-30
oni1701@barodampay,00786705617,BARB0335289,Oni Morar,Bank of Baroda,individual,dev-f1567b32b58d,innocent_bystander,True,2026-06-30
sanaya1702@kotak,2727641561814572,KKBK0335853,Sanaya Mani,Kotak Mahindra Bank,individual,dev-f48374ce1c63,,True,2025-12-25
jacob1703@barodampay,570059947495839,BARB0725285,Jacob Deep,Bank of Baroda,individual,dev-2a3386c4a1bf,,True,2024-05-02
aarush1704@ybl,008380091635,YESB0114669,Aarush Kulkarni,Yes Bank,individual,dev-ecf74d44470a,,True,2025-06-12
tara1705@ybl,83613958279,YESB0925117,Tara Tank,Yes Bank,individual,dev-e0c3836f6170,,True,2025-09-18
abdul1706@ybl,10192428868194,YESB0400494,Abdul Tak,Yes Bank,individual,dev-cb1a2332b31e,innocent_bystander,True,2025-11-30
kalla1707@okhdfcbank,462706523,HDFC0239935,Kalla PLC Utilities,HDFC Bank,merchant,dev-1439c39facac,,True,2026-06-09
sudiksha1708@pnb,77202275449,PUNB0940165,Sudiksha Rout,Punjab National Bank,individual,dev-a07e8d06cbef,,True,2024-11-05
fariq1709@barodampay,83453468785,BARB0698636,Fariq Ahuja,Bank of Baroda,individual,dev-3e154b26e356,,True,2024-10-29
arunima1710@idfcfirst,397478207073,IDFB0702993,Arunima Johal,IDFC First Bank,individual,dev-56e01a9cc8f4,,True,2023-08-09
qasim1711@oksbi,556122494922123,SBIN0383859,Qasim Divan,State Bank of India,individual,dev-764aaeb680a5,,True,2024-04-03
palla1712@oksbi,6418917850,SBIN0690543,Palla Inc Fuel,State Bank of India,merchant,dev-569463eca72b,,True,2025-06-29
bali1713@okhdfcbank,0476115334,HDFC0759168,Bali Ltd Fashion,HDFC Bank,merchant,dev-919564939aba,,True,2025-12-26
garima1714@pnb,354028492983,PUNB0609917,Garima Chahal,Punjab National Bank,individual,dev-3b4407fdae68,,True,2026-04-16
chopra1715@okaxis,5502664760862,UTIB0212528,Chopra Group Home Services,Axis Bank,merchant,dev-8f8942f55843,,True,2026-06-07
neel1716@kotak,757044032412,KKBK0958818,Neel Mane,Kotak Mahindra Bank,individual,dev-62009d2427b0,,True,2025-09-25
tamanna1717@okicici,3318283045495731,ICIC0498349,Tamanna Parsa,ICICI Bank,individual,dev-0bc2568fa1c5,,True,2024-05-04
chander1718@okicici,8587498482,ICIC0208206,Chander LLC Fashion,ICICI Bank,merchant,dev-6aaca4ca8c64,,True,2023-09-01
jyoti1719@okicici,116049919315,ICIC0488395,Jyoti Raghavan,ICICI Bank,individual,dev-0e5fdd5fb402,,True,2024-01-08
prisha1720@oksbi,633992337988,SBIN0348423,Prisha Bhattacharyya,State Bank of India,individual,dev-07d024510d5b,,True,2025-03-06
sinhadesai1721@okaxis,86524297157,UTIB0523298,Sinha-Desai Travel,Axis Bank,merchant,dev-3e5b85200bed,,True,2024-06-03
anvi1722@cnrb,1420403636248,CNRB0242780,Anvi Narayan,Canara Bank,individual,dev-801d3c801996,,True,2024-10-05
sachdev1723@okicici,6572481229338,ICIC0909517,"Sachdev, Vohra and Kadakia Fuel",ICICI Bank,merchant,dev-ea9546019420,,True,2024-03-11
kadakia1724@okaxis,84761997442631,UTIB0060690,"Kadakia, Bhardwaj and Chopra Home Services",Axis Bank,merchant,dev-257d876caf78,,True,2025-01-13
veda1725@cnrb,8700697908189,CNRB0511056,Veda Mani,Canara Bank,individual,dev-1d5f5488e85e,account_takeover,True,2025-12-17
edhitha1726@idfcfirst,8354864964944322,IDFB0090980,Edhitha Lad,IDFC First Bank,individual,dev-fbe667ba2fde,,True,2026-02-02
kai1727@okhdfcbank,826311011883,HDFC0723086,Kai Taneja,HDFC Bank,individual,dev-c4254f3480c6,,True,2023-08-26
waida1728@ybl,45905156851,YESB0913662,Waida Gole,Yes Bank,individual,dev-475cc8678c73,,True,2024-07-16
bina1729@barodampay,976662814372,BARB0206529,Bina Hari,Bank of Baroda,individual,dev-c946f8ce77b6,,True,2026-07-06
jagat1730@cnrb,41413351809,CNRB0312774,Jagat Bajwa,Canara Bank,individual,dev-040d527d314a,,True,2026-06-03
jacob1731@idfcfirst,5903085798,IDFB0407975,Jacob Johal,IDFC First Bank,individual,dev-49e753ef1d68,account_takeover,True,2025-03-25
odika1732@barodampay,8851647043,BARB0953270,Odika Bath,Bank of Baroda,individual,dev-474e5a4cc10a,,True,2025-11-07
inaya1733@oksbi,58018398047180,SBIN0109506,Inaya Kala,State Bank of India,individual,dev-a3411f8bad0d,,True,2025-11-12
saksham1734@okhdfcbank,2441006900,HDFC0780871,Saksham Manda,HDFC Bank,individual,dev-651c97b9b0a7,,True,2025-01-07
ekansh1735@okhdfcbank,5613086749968,HDFC0659570,Ekansh Morar,HDFC Bank,individual,dev-84a047b92a1a,,True,2025-05-07
toornaik1736@idfcfirst,9311187489800,IDFB0725474,Toor-Naik Utilities,IDFC First Bank,merchant,dev-b2cbbd61d155,,True,2023-10-10
ishaan1737@barodampay,5781496096476,BARB0257989,Ishaan Nath,Bank of Baroda,individual,dev-322ae4cba073,,True,2026-05-06
meghana1738@pnb,149818509590,PUNB0167906,Meghana Balakrishnan,Punjab National Bank,individual,dev-7dc2e2e6f610,,True,2025-09-13
rishi1739@cnrb,254164753,CNRB0108834,Rishi Narayanan,Canara Bank,individual,dev-7452e01af466,account_takeover,True,2025-09-25
varenya1740@okaxis,1508726555974712,UTIB0117343,Varenya Som,Axis Bank,individual,dev-a0d0c7e25aa3,,True,2025-03-28
laban1741@ybl,7684582715098216,YESB0901617,Laban Subramaniam,Yes Bank,individual,dev-d163355205f0,,True,2025-12-22
triveni1742@kotak,301703607001,KKBK0860350,Triveni Yadav,Kotak Mahindra Bank,individual,dev-6fa3570cf12e,,True,2024-01-22
turvi1743@idfcfirst,9729318106211,IDFB0126052,Turvi Sachdev,IDFC First Bank,individual,dev-dedc02f6d4d3,,True,2025-04-08
chandani1744@idfcfirst,327860696262885,IDFB0135258,Chandani Mutti,IDFC First Bank,individual,dev-7094ba66fb76,account_takeover,True,2026-01-04
sathvik1745@cnrb,27461094181,CNRB0996764,Sathvik Narula,Canara Bank,individual,dev-a94cd4629112,,True,2026-05-08
dominic1746@kotak,89534739065,KKBK0451608,Dominic Dixit,Kotak Mahindra Bank,individual,dev-a55abf794828,,True,2025-01-03
azaan1747@okaxis,8373082354283,UTIB0591866,Azaan Nori,Axis Bank,individual,dev-e4545daa9a24,,True,2025-02-02
noah1748@okicici,55144027034,ICIC0166506,Noah Ramachandran,ICICI Bank,individual,dev-16f371a57b3d,,True,2023-09-02
dada1749@okaxis,9747498855161,UTIB0540477,Dada LLC Grocery,Axis Bank,merchant,dev-b8c891213c54,,True,2023-10-25
azad1750@cnrb,8728356702,CNRB0336594,Azad Magar,Canara Bank,individual,dev-f70fee955d1b,,True,2024-02-02
gabriel1751@kotak,844857849188010,KKBK0276820,Gabriel Taneja,Kotak Mahindra Bank,individual,dev-1dfbd1fdba7f,,True,2025-06-13
kamya1752@barodampay,925866171,BARB0691792,Kamya Seth,Bank of Baroda,individual,dev-96c59d9374f4,,True,2026-01-08
tarak1753@cnrb,22811308987,CNRB0101654,Tarak Vohra,Canara Bank,individual,dev-00eff78d609e,,True,2023-12-30
parth1754@okicici,85119970769,ICIC0486304,Parth Choudhury,ICICI Bank,individual,dev-a8c265784a7a,,True,2026-01-04
baljiwan1755@okhdfcbank,471212458441076,HDFC0532147,Baljiwan Jaggi,HDFC Bank,individual,dev-0a2bb071256e,,True,2024-05-01
sachi1756@okhdfcbank,158979835,HDFC0635397,Sachi Toor,HDFC Bank,individual,dev-8b51125aefba,,True,2025-08-14
vasudha1757@cnrb,454824726932,CNRB0190113,Vasudha Tella,Canara Bank,individual,dev-6984d80262e1,,True,2024-03-12
ranveer1758@ybl,089841588670,YESB0623438,Ranveer Oak,Yes Bank,individual,dev-10b8c51b1272,gambling_network,True,2026-06-26
dayita1759@oksbi,57041955973625,SBIN0812261,Dayita Narang,State Bank of India,individual,dev-9321c0f22d17,innocent_bystander,True,2023-08-30
chaudhari1760@kotak,8843468131,KKBK0937161,Chaudhari PLC Electronics,Kotak Mahindra Bank,merchant,dev-4f703568a3d5,,True,2025-07-06
samesh1761@okaxis,34985394354820,UTIB0430364,Samesh Bansal,Axis Bank,individual,dev-f86cc3f20795,innocent_bystander,False,2024-10-02
lila1762@okhdfcbank,5046577188882,HDFC0652023,Lila Vig,HDFC Bank,individual,dev-564b357517b9,,True,2025-10-11
aayush1763@ybl,592451486711,YESB0441891,Aayush Mukhopadhyay,Yes Bank,individual,dev-5981d152aa30,,True,2024-11-16
gagan1764@pnb,6771349563,PUNB0295408,Gagan Nath,Punjab National Bank,individual,dev-acb0dccb027d,,True,2024-09-06
chakradhar1765@oksbi,0238510910452,SBIN0168016,Chakradhar Chauhan,State Bank of India,individual,dev-59a72816d00d,innocent_bystander,True,2024-12-17
arin1766@barodampay,71420096622741,BARB0489266,Arin Muni,Bank of Baroda,individual,dev-d51088850dca,,True,2023-09-21
ekani1767@ybl,905467727,YESB0757804,Ekani Iyer,Yes Bank,individual,dev-26054106d14a,,True,2026-06-23
bhavini1768@okhdfcbank,3154221839610409,HDFC0907241,Bhavini Malhotra,HDFC Bank,individual,dev-820337a87cc8,,True,2026-02-15
ridhi1769@ybl,28477334071973,YESB0072282,Ridhi Dalal,Yes Bank,individual,dev-60e73cca56aa,,True,2025-03-30
manthan1770@okhdfcbank,5737930788,HDFC0975090,Manthan Dugar,HDFC Bank,individual,dev-b170dd58dea9,innocent_bystander,True,2025-01-30
ishwar1771@okicici,218804506927,ICIC0080946,Ishwar Aurora,ICICI Bank,individual,dev-d83cfa36386b,,True,2025-03-06
samuel1772@idfcfirst,5709323441,IDFB0189339,Samuel Palla,IDFC First Bank,individual,dev-d4b85e7a7211,,False,2024-08-18
anika1773@barodampay,68116044351209,BARB0831971,Anika Dhaliwal,Bank of Baroda,individual,dev-b544f4402769,,True,2023-08-17
yash1774@okicici,4312950653359,ICIC0759860,Yash Garg,ICICI Bank,individual,dev-6d208666877d,,True,2024-01-26
deepa1775@pnb,05596456475917,PUNB0826242,Deepa Nigam,Punjab National Bank,individual,dev-c723d8b787f0,,True,2023-08-26
chandresh1776@okhdfcbank,379811185155561,HDFC0387233,Chandresh De,HDFC Bank,individual,dev-dbf09cb80d9f,,True,2025-11-30
urishilla1777@okicici,029642145,ICIC0179514,Urishilla Bedi,ICICI Bank,individual,dev-2aea05cdc294,,True,2025-04-16
leela1778@okaxis,7417080322,UTIB0480177,Leela Bhagat,Axis Bank,individual,dev-c7826dc0c4be,,True,2024-02-20
pooja1779@okaxis,0811500705106306,UTIB0969626,Pooja Ramanathan,Axis Bank,individual,dev-4f6ea08f6435,,True,2023-10-10
sanaya1780@cnrb,40303302696,CNRB0711982,Sanaya Parekh,Canara Bank,individual,dev-efcf37aba02d,,True,2025-02-03
gaurangi1781@idfcfirst,565292352062,IDFB0879073,Gaurangi Hora,IDFC First Bank,individual,dev-130f1dcb00fa,,True,2025-02-21
walla1782@kotak,671137317654773,KKBK0129552,"Walla, Brar and Shroff Electronics",Kotak Mahindra Bank,merchant,dev-a34d98debc6c,,True,2026-04-19
girik1783@kotak,4469832322405,KKBK0849143,Girik Sidhu,Kotak Mahindra Bank,individual,dev-29be2b6e88a9,,True,2025-10-10
tamanna1784@okaxis,80334028941,UTIB0275497,Tamanna Mukherjee,Axis Bank,individual,dev-8649b3f37f2f,,True,2025-10-09
upma1785@ybl,63419714487,YESB0878381,Upma Kata,Yes Bank,individual,dev-9d397f772f0a,,True,2025-06-24
maanas1786@okaxis,79794386669,UTIB0687439,Maanas Kuruvilla,Axis Bank,individual,dev-1e8fc0d07257,,True,2023-11-24
manya1787@cnrb,34731161280,CNRB0652270,Manya Goswami,Canara Bank,individual,dev-75ffe202590f,gambling_network,True,2025-12-29
ekta1788@idfcfirst,2490971387019,IDFB0157589,Ekta Setty,IDFC First Bank,individual,dev-8558c99f8973,,True,2025-11-24
ayushman1789@okhdfcbank,874437109,HDFC0318106,Ayushman Bhattacharyya,HDFC Bank,individual,dev-7d57df08544d,,True,2024-03-28
isaiah1790@barodampay,515680850944,BARB0190853,Isaiah Panchal,Bank of Baroda,individual,dev-883cc612d7e3,,True,2026-05-03
triya1791@idfcfirst,4240191516941,IDFB0022880,Triya Garde,IDFC First Bank,individual,dev-d451b3c17235,,True,2025-12-03
ijaya1792@okaxis,2962288035277878,UTIB0365692,Ijaya Datta,Axis Bank,individual,dev-329a824c8fcf,innocent_bystander,True,2025-07-10
nidra1793@ybl,710601350,YESB0126467,Nidra Chhabra,Yes Bank,individual,dev-3e5a8256e1c5,,True,2024-05-04
ekavir1794@okicici,9733996094,ICIC0027852,Ekavir Mittal,ICICI Bank,individual,dev-861749cd1904,,True,2025-06-17
nandini1795@okhdfcbank,529159701,HDFC0125189,Nandini Sachdev,HDFC Bank,individual,dev-8d4f07eaf80a,,True,2023-12-15
yagnesh1796@oksbi,3632206010,SBIN0065072,Yagnesh Dutt,State Bank of India,individual,dev-eee1c7e77b30,,True,2026-03-29
rajagopalanbhatti1797@barodampay,91145711754268,BARB0030313,Rajagopalan-Bhatti Food & Dining,Bank of Baroda,merchant,dev-89f0cf0d5f7c,,True,2025-12-29
sathvik1798@okhdfcbank,116871302536256,HDFC0194531,Sathvik Sankar,HDFC Bank,individual,dev-0366680bdeb5,,True,2024-02-05
hema1799@oksbi,4039872408,SBIN0113075,Hema Keer,State Bank of India,individual,dev-154f3f9e8e39,,True,2023-09-13
faras1800@pnb,6154166162,PUNB0597202,Faras Sur,Punjab National Bank,individual,dev-84a831d0ae4e,,True,2025-02-19
ubika1801@okicici,4528169876982642,ICIC0818157,Ubika Nanda,ICICI Bank,individual,dev-f6b7860adb18,,True,2025-12-12
sai1802@okhdfcbank,260997127454814,HDFC0222377,Sai Goda,HDFC Bank,individual,dev-41441db10709,gambling_network,True,2026-03-29
nidra1803@ybl,80029078955767,YESB0360819,Nidra Boase,Yes Bank,individual,dev-c04afeee1c99,,True,2026-04-16
chopra1804@okhdfcbank,875163220478789,HDFC0222044,"Chopra, Raghavan and Narang Grocery",HDFC Bank,merchant,dev-2443f96ecd21,,True,2025-04-08
bhatchana1805@pnb,935019992626,PUNB0484633,Bhat-Chana Electronics,Punjab National Bank,merchant,dev-96a806ef0f6f,,True,2024-07-12
liam1806@barodampay,0682660872,BARB0314027,Liam Acharya,Bank of Baroda,individual,dev-d99da5c417ff,,True,2024-11-23
manthan1807@oksbi,063416634565053,SBIN0411987,Manthan Sethi,State Bank of India,individual,dev-a3b2e95e8338,,True,2024-03-02
madhavi1808@cnrb,9809812188,CNRB0720266,Madhavi Sekhon,Canara Bank,individual,dev-f5f00b408a06,,True,2024-11-08
samesh1809@barodampay,3686873769316,BARB0632240,Samesh Nadig,Bank of Baroda,individual,dev-1ba7269d2964,,True,2023-12-30
daksha1810@pnb,022430653831810,PUNB0474566,Daksha Saran,Punjab National Bank,individual,dev-ed2c3f9433b2,,True,2025-12-25
gaurav1811@okhdfcbank,46653327447592,HDFC0042166,Gaurav Anand,HDFC Bank,individual,dev-80c3da6b93cf,,True,2024-10-08
uppal1812@pnb,25810771579,PUNB0808198,"Uppal, Raval and Datta Home Services",Punjab National Bank,merchant,dev-d64f4a38c8e0,,True,2025-01-17
david1813@cnrb,6141797260234340,CNRB0816792,David Pingle,Canara Bank,individual,dev-e8a23f651be2,,True,2025-02-14
aadi1814@cnrb,1200166041105079,CNRB0855817,Aadi Parmer,Canara Bank,individual,dev-a4afd9d24cc9,,True,2025-10-14
baghyawati1815@okaxis,828465432638,UTIB0132355,Baghyawati Balasubramanian,Axis Bank,individual,dev-efcb2537cbcb,,True,2026-01-19
sankaran1816@idfcfirst,74929288517682,IDFB0239325,Sankaran Ltd Home Services,IDFC First Bank,merchant,dev-5d57695a40a1,,True,2024-05-15
ramesh1817@oksbi,2304996666528810,SBIN0792851,"Ramesh, Nadkarni and Raja Food & Dining",State Bank of India,merchant,dev-e9442e0ce5a4,,True,2026-02-13
rajsaran1818@okicici,642197948,ICIC0639816,Raj-Saran Pharmacy,ICICI Bank,merchant,dev-b80c6e86a5b1,,True,2025-07-31
oscar1819@idfcfirst,628667271755737,IDFB0025590,Oscar Soman,IDFC First Bank,individual,dev-54059db16f5b,,True,2026-03-28
raghav1820@oksbi,0486967385822067,SBIN0283685,Raghav Rajagopalan,State Bank of India,individual,dev-13425662199d,,True,2023-09-20
omisha1821@cnrb,84290477649216,CNRB0320474,Omisha Dube,Canara Bank,individual,dev-138e17780ee9,,True,2026-02-28
jeremiah1822@okicici,5177867775706247,ICIC0113805,Jeremiah Desai,ICICI Bank,individual,dev-761a1dc14b9b,,False,2026-07-07
ekbal1823@cnrb,024749521746,CNRB0370177,Ekbal Babu,Canara Bank,individual,dev-829be9453dc5,,True,2024-07-25
vidhi1824@okicici,652756056,ICIC0769982,Vidhi Sarkar,ICICI Bank,individual,dev-87833c25af65,,True,2023-08-18
frado1825@kotak,9774414516,KKBK0615194,Frado Devan,Kotak Mahindra Bank,individual,dev-4bf945d7c90c,innocent_bystander,True,2026-05-16
tamanna1826@idfcfirst,49361539726,IDFB0342103,Tamanna Sandal,IDFC First Bank,individual,dev-fc6dfa6fb0de,,False,2026-05-30
suhani1827@ybl,896870454,YESB0828796,Suhani Upadhyay,Yes Bank,individual,dev-327c6dfb3a31,,True,2024-06-06
shivani1828@okicici,0266361701,ICIC0922119,Shivani Rajagopalan,ICICI Bank,individual,dev-85ffc3777bec,,True,2023-10-13
upkaar1829@okicici,652955269756,ICIC0233840,Upkaar Grewal,ICICI Bank,individual,dev-aa69800f0cf5,,True,2025-06-02
abhimanyu1830@ybl,70464500645,YESB0359587,Abhimanyu Tara,Yes Bank,individual,dev-46f75901f106,,False,2026-02-20
yachana1831@okhdfcbank,142431758,HDFC0814094,Yachana Luthra,HDFC Bank,individual,dev-354532432915,,True,2026-03-21
jeevika1832@idfcfirst,413282804247,IDFB0956894,Jeevika Bandi,IDFC First Bank,individual,dev-714b57bada57,,True,2024-03-29
vasudha1833@okhdfcbank,1885326655877204,HDFC0338427,Vasudha Pillay,HDFC Bank,individual,dev-5ab1be556f30,innocent_bystander,True,2024-05-01
vasatika1834@kotak,4704865289385335,KKBK0409574,Vasatika Buch,Kotak Mahindra Bank,individual,dev-a58bf89dcde3,,True,2025-03-10
ati1835@barodampay,42566768454518,BARB0521506,Ati Shroff,Bank of Baroda,individual,dev-63e5ac8dbcc9,,True,2024-06-11
gaurang1836@okicici,786164017,ICIC0560980,Gaurang Korpal,ICICI Bank,individual,dev-024feb7f7939,,True,2024-01-03
faras1837@pnb,0321167709558250,PUNB0492370,Faras Zacharia,Punjab National Bank,individual,dev-85bf1f44d5fe,innocent_bystander,True,2024-10-12
muni1838@barodampay,5761462843367,BARB0255755,"Muni, Bera and Oza Pharmacy",Bank of Baroda,merchant,dev-b79aef2b5935,,True,2024-09-14
upasna1839@kotak,6207913821,KKBK0394182,Upasna Setty,Kotak Mahindra Bank,individual,dev-14f2e864c218,,True,2025-01-18
garima1840@idfcfirst,527594193,IDFB0764094,Garima Sama,IDFC First Bank,individual,dev-1a0c62c88179,,True,2024-01-31
chaitaly1841@cnrb,2482673842225237,CNRB0875575,Chaitaly Mann,Canara Bank,individual,dev-d3ccccad2dcb,innocent_bystander,True,2025-03-28
balendra1842@okhdfcbank,443569829,HDFC0498351,Balendra Modi,HDFC Bank,individual,dev-c06a0e75e421,,True,2026-04-03
lad1843@barodampay,5930616016611802,BARB0970192,"Lad, Bhat and Solanki Travel",Bank of Baroda,merchant,dev-d1612b8cf67d,,True,2024-04-19
charan1844@okaxis,7667598911,UTIB0469767,Charan Manne,Axis Bank,individual,dev-36d24ab1607a,,True,2024-08-25
bhavini1845@kotak,40276839932934,KKBK0931814,Bhavini Sundaram,Kotak Mahindra Bank,individual,dev-b18de0441a70,,True,2025-09-28
jonathan1846@okicici,66679151194770,ICIC0492134,Jonathan Tiwari,ICICI Bank,individual,dev-c84e282e64fc,,True,2026-03-11
arunima1847@okaxis,76500648017,UTIB0979154,Arunima Krishnan,Axis Bank,individual,dev-e5290abc01ee,,True,2026-06-06
avni1848@oksbi,31003542682,SBIN0673922,Avni Maharaj,State Bank of India,individual,dev-c686838bd50b,,True,2024-04-13
akshay1849@ybl,865536414936,YESB0415468,Akshay Choudhury,Yes Bank,individual,dev-59612149e47d,,True,2025-10-12
matthew1850@okhdfcbank,9196820635,HDFC0457336,Matthew Sekhon,HDFC Bank,individual,dev-e6064f5250ca,,True,2025-10-23
parth1851@okaxis,519580328416149,UTIB0434523,Parth Lal,Axis Bank,individual,dev-4289be6db1c4,,True,2025-11-03
vedhika1852@kotak,7571607823,KKBK0435466,Vedhika Golla,Kotak Mahindra Bank,individual,dev-3bea52940c21,account_takeover,True,2023-09-26
hemal1853@okhdfcbank,234121441152,HDFC0868047,Hemal Chad,HDFC Bank,individual,dev-b07d312a3410,,True,2025-07-15
mitesh1854@ybl,6263052331293,YESB0732406,Mitesh Tandon,Yes Bank,individual,dev-a5969f68c30f,,True,2026-03-13
leela1855@idfcfirst,922173665235047,IDFB0421797,Leela Khanna,IDFC First Bank,individual,dev-136610658d44,,True,2023-11-01
oliver1856@pnb,64737340962080,PUNB0481943,Oliver Kade,Punjab National Bank,individual,dev-0b62ee074e3e,,True,2026-01-08
chatura1857@okicici,357508780848,ICIC0781518,Chatura Lalla,ICICI Bank,individual,dev-1f923ce1fc1f,,True,2025-01-23
charles1858@pnb,3905303441,PUNB0728161,Charles Ganesh,Punjab National Bank,individual,dev-a39d355ba07d,,True,2023-08-25
mohini1859@pnb,203486412,PUNB0916772,Mohini Soni,Punjab National Bank,individual,dev-e223ba207533,,True,2025-02-17
vamakshi1860@barodampay,96637962908,BARB0009567,Vamakshi Walia,Bank of Baroda,individual,dev-997ae30e8398,innocent_bystander,True,2023-10-31
ladli1861@okhdfcbank,5760671360785,HDFC0446754,Ladli Ramakrishnan,HDFC Bank,individual,dev-e97c83176eaf,innocent_bystander,True,2026-07-14
laladhillon1862@okicici,096823663,ICIC0919445,Lala-Dhillon Food & Dining,ICICI Bank,merchant,dev-0f9413b4ae3b,,False,2023-07-25
advik1863@kotak,4416606126714278,KKBK0639811,Advik Mani,Kotak Mahindra Bank,individual,dev-fc5b83cbf7ef,,True,2025-09-16
lavanya1864@idfcfirst,21918619115,IDFB0103156,Lavanya Mutti,IDFC First Bank,individual,dev-d58b351aa00a,innocent_bystander,True,2025-10-11
barman1865@idfcfirst,472685719315,IDFB0385392,"Barman, Chatterjee and Wali Electronics",IDFC First Bank,merchant,dev-e41117763d0e,,True,2024-11-14
rachana1866@idfcfirst,84425643451683,IDFB0390542,Rachana Mahajan,IDFC First Bank,individual,dev-d474c8178871,,True,2026-07-01
anamika1867@okicici,402302697,ICIC0306395,Anamika Loke,ICICI Bank,individual,dev-347514f1104a,,True,2024-02-19
aadhya1868@okaxis,4944328553732080,UTIB0844889,Aadhya Raman,Axis Bank,individual,dev-24f1f8601dd5,innocent_bystander,True,2024-07-15
wyatt1869@idfcfirst,5460534198,IDFB0942643,Wyatt Hayer,IDFC First Bank,individual,dev-05831dd71ec4,innocent_bystander,True,2023-12-09
pranit1870@okicici,4737315550,ICIC0411147,Pranit Munshi,ICICI Bank,individual,dev-235915172d59,,True,2026-07-09
abhiram1871@oksbi,83414958710,SBIN0362778,Abhiram Bir,State Bank of India,individual,dev-45a0a5f07e98,,True,2023-11-15
nisha1872@cnrb,752639472,CNRB0833386,Nisha Chaudhari,Canara Bank,individual,dev-7a8bf449fc10,,True,2023-11-01
sanaya1873@ybl,33170121714755,YESB0344153,Sanaya Panchal,Yes Bank,individual,dev-ebb53d730471,,True,2024-10-04
mander1874@kotak,6745279840857,KKBK0301037,Mander LLC Pharmacy,Kotak Mahindra Bank,merchant,dev-743b8ddc72a0,,True,2024-09-09
bahadurjit1875@oksbi,43641623720,SBIN0360608,Bahadurjit Bajwa,State Bank of India,individual,dev-04855363ef69,,False,2023-11-01
dakshesh1876@okhdfcbank,76506191033,HDFC0352268,Dakshesh Kalla,HDFC Bank,individual,dev-6e5046ed082e,,True,2024-07-22
jagdish1877@ybl,76422167553,YESB0963438,Jagdish Chadha,Yes Bank,individual,dev-46ef38e347ce,,True,2023-12-26
keya1878@ybl,073026892547,YESB0672738,Keya Goyal,Yes Bank,individual,dev-144ff9117abb,,True,2024-12-26
qarin1879@oksbi,819981406,SBIN0864220,Qarin Kulkarni,State Bank of India,individual,dev-78fdd1869730,,True,2025-04-17
unni1880@okaxis,29635199214,UTIB0771463,Unni Borra,Axis Bank,individual,dev-3d5877a04757,,True,2024-03-15
aradhana1881@ybl,10166993377300,YESB0824063,Aradhana Sane,Yes Bank,individual,dev-04a43959108a,,True,2024-06-06
aarini1882@okhdfcbank,74702790708,HDFC0253326,Aarini Edwin,HDFC Bank,individual,dev-8ac3d25c5ccd,,True,2026-05-13
aradhana1883@ybl,519723384,YESB0872702,Aradhana Bhatia,Yes Bank,individual,dev-d67a1bb05023,,True,2025-02-10
lipika1884@okhdfcbank,280452594599078,HDFC0942462,Lipika Natarajan,HDFC Bank,individual,dev-64a202cdf87e,,True,2024-10-26
aarna1885@cnrb,180215745647211,CNRB0174038,Aarna Lanka,Canara Bank,individual,dev-7baaaa09fad1,innocent_bystander,True,2024-05-13
ridhi1886@pnb,697433037230,PUNB0251427,Ridhi Boase,Punjab National Bank,individual,dev-a82496112a34,,True,2023-10-04
sai1887@pnb,1518705255915,PUNB0965501,Sai Ramaswamy,Punjab National Bank,individual,dev-ba14f51d6c4c,,True,2026-06-02
vyanjana1888@cnrb,933521130592001,CNRB0585140,Vyanjana Chopra,Canara Bank,individual,dev-08bf7b78b525,,True,2023-09-16
raagini1889@okhdfcbank,851894665322378,HDFC0113296,Raagini Kamdar,HDFC Bank,individual,dev-3a9eb80e197f,,True,2023-11-16
riya1890@cnrb,373068414,CNRB0960782,Riya Lad,Canara Bank,individual,dev-1bb286515305,,True,2025-02-26
bakhshi1891@okaxis,0383086954,UTIB0511240,Bakhshi Bora,Axis Bank,individual,dev-e0baa8012f56,innocent_bystander,True,2023-12-14
zashil1892@kotak,75859642900012,KKBK0490374,Zashil Sehgal,Kotak Mahindra Bank,individual,dev-9a41ce464897,innocent_bystander,True,2025-11-23
widisha1893@okicici,33397460853604,ICIC0944063,Widisha Dixit,ICICI Bank,individual,dev-222276c2fb5a,,True,2025-02-26
baljiwan1894@barodampay,4617770429564166,BARB0381347,Baljiwan Ramakrishnan,Bank of Baroda,individual,dev-7e0b28a1155c,,True,2024-10-23
max1895@kotak,3776316390875,KKBK0993166,Max Narayan,Kotak Mahindra Bank,individual,dev-8b8376b70d7a,,True,2023-08-04
aarush1896@okaxis,823711609,UTIB0675703,Aarush Varma,Axis Bank,individual,dev-cb91b5b65764,,True,2026-04-24
vanya1897@barodampay,461976059,BARB0237949,Vanya Sarin,Bank of Baroda,individual,dev-1867758a0619,,True,2023-11-29
boasezachariah1898@barodampay,59362290231734,BARB0303871,Boase-Zachariah Food & Dining,Bank of Baroda,merchant,dev-802653e48fd6,,True,2024-08-07
aarush1899@idfcfirst,017321384972199,IDFB0122711,Aarush Rajagopalan,IDFC First Bank,individual,dev-899d4f524614,,True,2025-08-20
jairaj1900@idfcfirst,942837552262,IDFB0669063,Jairaj Wason,IDFC First Bank,individual,dev-93d6cdfd4475,,True,2024-12-05
gauri1901@idfcfirst,522810184,IDFB0971930,Gauri Mitter,IDFC First Bank,individual,dev-4e0aa7cefb1d,,True,2025-06-25
christopher1902@cnrb,5115863614961204,CNRB0237553,Christopher Chana,Canara Bank,individual,dev-bdb3c7fa7a58,,True,2024-02-27
harini1903@idfcfirst,073692727,IDFB0159912,Harini Buch,IDFC First Bank,individual,dev-50c2f44ddef2,innocent_bystander,True,2024-08-20
bimala1904@kotak,50916073402475,KKBK0260565,Bimala Jain,Kotak Mahindra Bank,individual,dev-d3998b98451e,,True,2024-02-27
balveer1905@pnb,4833366426286427,PUNB0609714,Balveer Rajagopalan,Punjab National Bank,individual,dev-551eeee1061a,,True,2025-04-20
halder1906@cnrb,902672848262,CNRB0138307,"Halder, Mistry and Ramakrishnan Travel",Canara Bank,merchant,dev-6a7e91b46c43,,True,2026-03-10
jagrati1907@pnb,17406299663004,PUNB0317703,Jagrati Sur,Punjab National Bank,individual,dev-0f4ee1f5580f,,True,2024-03-01
raksha1908@oksbi,030447041497,SBIN0844365,Raksha Gupta,State Bank of India,individual,dev-3c7ee2091ff9,,True,2023-11-01
banik1909@cnrb,131500623344,CNRB0133205,Banik and Sons Home Services,Canara Bank,merchant,dev-d3dd81009af9,,True,2024-03-25
william1910@pnb,5616309538,PUNB0797035,William Suresh,Punjab National Bank,individual,dev-0524d83437ef,,True,2026-03-31
dev1911@pnb,363552452114,PUNB0213978,Dev Zachariah,Punjab National Bank,individual,dev-1545d048e74b,,True,2024-05-06
xalak1912@barodampay,8848776278,BARB0884390,Xalak Walla,Bank of Baroda,individual,dev-0c027c997ca6,,True,2026-04-21
amol1913@cnrb,54482080738,CNRB0167732,Amol Bansal,Canara Bank,individual,dev-07981c2af2ce,account_takeover,True,2025-01-04
daksh1914@barodampay,7724795089039999,BARB0022387,Daksh Nazareth,Bank of Baroda,individual,dev-9435aa2676d9,,True,2024-02-23
nidra1915@barodampay,2707568564,BARB0651607,Nidra Dani,Bank of Baroda,individual,dev-8f6b5b612a5f,,True,2026-06-22
tara1916@cnrb,977667480650,CNRB0660881,Tara Yadav,Canara Bank,individual,dev-25ef980072c6,,True,2024-12-17
viraj1917@barodampay,7090596667,BARB0161442,Viraj Bora,Bank of Baroda,individual,dev-4c030a4fd5e5,,True,2024-03-15
lohit1918@pnb,346725903599554,PUNB0445407,Lohit Suresh,Punjab National Bank,individual,dev-f1ebdfbbee5f,,True,2023-08-03
urishilla1919@pnb,3726538362259,PUNB0299887,Urishilla Bath,Punjab National Bank,individual,dev-a9984d1db1bb,,True,2025-04-19
kalpit1920@ybl,737335629822041,YESB0930427,Kalpit Atwal,Yes Bank,individual,dev-ab59c0e544b5,,True,2024-01-13
chandresh1921@okicici,2569320590929083,ICIC0274829,Chandresh Mohanty,ICICI Bank,individual,dev-95d8d8349a4c,gambling_network,True,2024-01-14
tanmayi1922@cnrb,03301198583481,CNRB0146254,Tanmayi Garde,Canara Bank,individual,dev-fe01c8860e9c,,True,2026-01-08
bhatt1923@barodampay,9114954969895307,BARB0265778,"Bhatt, Cherian and Comar Fuel",Bank of Baroda,merchant,dev-0f1ccf02d13a,,True,2024-07-03
thomas1924@ybl,268146204498121,YESB0910780,Thomas Bhatnagar,Yes Bank,individual,dev-9255905a20c7,,True,2025-04-16
sandhu1925@oksbi,1239700324915,SBIN0482625,Sandhu LLC Electronics,State Bank of India,merchant,dev-256df4a8efed,,True,2023-12-24
ratti1926@pnb,0555023768,PUNB0547326,"Ratti, Nair and Dara Grocery",Punjab National Bank,merchant,dev-6b504b67c522,,True,2023-09-28
ekanta1927@okicici,58523336773,ICIC0287521,Ekanta Kala,ICICI Bank,individual,dev-44af7114c8ab,,True,2025-09-02
oscar1928@idfcfirst,352017629,IDFB0541168,Oscar Nayak,IDFC First Bank,individual,dev-d51e05ccd4fb,,True,2024-03-10
jai1929@barodampay,925161483900,BARB0168991,Jai Mahal,Bank of Baroda,individual,dev-469e6a3e30bf,,True,2024-07-19
sagar1930@cnrb,270570972465,CNRB0756500,Sagar and Sons Pharmacy,Canara Bank,merchant,dev-740abbe31ea2,,True,2023-09-04
nitesh1931@okhdfcbank,629084533,HDFC0434123,Nitesh Sarna,HDFC Bank,individual,dev-2acfa24ff5cf,,True,2026-04-29
banjeet1932@pnb,94053086669677,PUNB0724247,Banjeet Deol,Punjab National Bank,individual,dev-3bb33db49d46,,True,2024-12-08
krisha1933@pnb,4382868761963,PUNB0256289,Krisha Dugar,Punjab National Bank,individual,dev-b87fc51d8a94,,True,2025-02-08
vidhi1934@okhdfcbank,931761051134,HDFC0818026,Vidhi Buch,HDFC Bank,individual,dev-3bdb346e5e60,,True,2026-06-04
abhimanyu1935@barodampay,4160611208997277,BARB0236548,Abhimanyu Gola,Bank of Baroda,individual,dev-75a0f4d53462,,True,2024-06-11
bhanumati1936@okaxis,5342695264925481,UTIB0617753,Bhanumati Saha,Axis Bank,individual,dev-64541ecf0352,,True,2024-06-13
jonathan1937@pnb,4438052696030,PUNB0486053,Jonathan Jhaveri,Punjab National Bank,individual,dev-949b892c2f83,,True,2024-02-23
anika1938@barodampay,870920541224760,BARB0173734,Anika Virk,Bank of Baroda,individual,dev-7c5e2b9cb325,gambling_network,True,2024-08-08
nisha1939@oksbi,7394355682712456,SBIN0139272,Nisha Khare,State Bank of India,individual,dev-ef620bd19247,,True,2024-01-23
baljiwan1940@pnb,4249534615086,PUNB0113604,Baljiwan Gole,Punjab National Bank,individual,dev-2d404b77c3f6,,True,2024-03-28
tata1941@okaxis,54495793782,UTIB0225788,"Tata, Chakrabarti and Mitra Home Services",Axis Bank,merchant,dev-fc2860298815,,True,2025-08-29
omya1942@oksbi,5693153675354173,SBIN0538569,Omya Agrawal,State Bank of India,individual,dev-73c59be8c4b4,,True,2025-07-05
rehaan1943@idfcfirst,862984913998,IDFB0191200,Rehaan Dalal,IDFC First Bank,individual,dev-cddef037fe7f,innocent_bystander,True,2024-06-13
janaki1944@idfcfirst,279626553,IDFB0138683,Janaki Zacharia,IDFC First Bank,individual,dev-c3267c5c78f8,,True,2024-03-24
ucchal1945@kotak,054367255542,KKBK0171479,Ucchal Joshi,Kotak Mahindra Bank,individual,dev-f0eae4073b7c,,True,2025-06-19
chatresh1946@ybl,36413990591,YESB0068782,Chatresh Hari,Yes Bank,individual,dev-93c844366699,,True,2024-11-13
manthan1947@okaxis,1092230105429,UTIB0305278,Manthan Som,Axis Bank,individual,dev-8a8557049366,,True,2026-07-11
patrick1948@cnrb,05725097656492,CNRB0810594,Patrick Dutta,Canara Bank,individual,dev-e9210ec376df,innocent_bystander,True,2024-10-21
chatura1949@oksbi,9555895500,SBIN0736516,Chatura Patla,State Bank of India,individual,dev-2a145058e991,,True,2025-06-11
shaurya1950@barodampay,7228766513,BARB0962673,Shaurya Saran,Bank of Baroda,individual,dev-efc428ebc0e8,,True,2025-01-24
gaurika1951@ybl,4335942725222396,YESB0695694,Gaurika Setty,Yes Bank,individual,dev-d9ddad0d6d20,,False,2023-12-15
hemang1952@okaxis,876096831,UTIB0821699,Hemang Ben,Axis Bank,individual,dev-3c8b280dfe56,,True,2024-05-16
nakul1953@idfcfirst,262016222,IDFB0881853,Nakul Balakrishnan,IDFC First Bank,individual,dev-b74760e343ed,,True,2026-05-03
varmadalia1954@oksbi,0278298975,SBIN0981770,Varma-D’Alia Food & Dining,State Bank of India,merchant,dev-35424fb02b9f,,True,2026-01-08
wahab1955@okaxis,5322643106,UTIB0967774,Wahab Saxena,Axis Bank,individual,dev-587123537510,,True,2025-08-18
nanda1956@okaxis,2782127023,UTIB0016692,"Nanda, Saini and Issac Utilities",Axis Bank,merchant,dev-a08df298b097,,True,2026-02-03
victor1957@okhdfcbank,4323753142,HDFC0397713,Victor Choudhary,HDFC Bank,individual,dev-cd72512644b5,,True,2024-11-19
vedant1958@okhdfcbank,88306109568991,HDFC0323923,Vedant Chaudhari,HDFC Bank,individual,dev-f6bfacc46128,,True,2024-10-01
nitara1959@okicici,482880714915,ICIC0777661,Nitara Iyengar,ICICI Bank,individual,dev-ef62ee7ae64b,,True,2024-11-18
thomas1960@oksbi,527255287213,SBIN0465361,Thomas Borah,State Bank of India,individual,dev-07faf58c3d08,,True,2025-02-20
vedhika1961@oksbi,507758883,SBIN0673388,Vedhika Bhagat,State Bank of India,individual,dev-fe48ac0e5517,,True,2026-01-17
maanav1962@ybl,004552663347,YESB0587376,Maanav Kalita,Yes Bank,individual,dev-b3dc8a20df2e,gambling_network,True,2023-10-20
pranav1963@pnb,2316426156865025,PUNB0536421,Pranav Ram,Punjab National Bank,individual,dev-bb5e9b88910a,,True,2026-01-30
laban1964@okicici,3184290374836,ICIC0427521,Laban Shankar,ICICI Bank,individual,dev-f4c90c78e03e,,True,2025-02-15
jagrati1965@idfcfirst,3589026164155,IDFB0713196,Jagrati Madan,IDFC First Bank,individual,dev-c0a06ed3c43a,,True,2025-09-30
gautami1966@barodampay,3472111443,BARB0317544,Gautami Datta,Bank of Baroda,individual,dev-bf8307748a96,gambling_network,True,2024-04-11
bhasin1967@okhdfcbank,939595164,HDFC0818906,Bhasin LLC Pharmacy,HDFC Bank,merchant,dev-128c31641b4c,,True,2025-02-06
indrajit1968@okhdfcbank,0102232490845,HDFC0671896,Indrajit Shroff,HDFC Bank,individual,dev-574a2bbce39c,innocent_bystander,True,2023-10-12
omya1969@idfcfirst,77609712326526,IDFB0286859,Omya Garg,IDFC First Bank,individual,dev-9227c328294d,gambling_network,True,2026-07-07
thomas1970@okaxis,456029194156370,UTIB0121967,Thomas Merchant,Axis Bank,individual,dev-1c12209f18ff,innocent_bystander,True,2023-09-16
onkar1971@pnb,9097164367841,PUNB0863782,Onkar Karpe,Punjab National Bank,individual,dev-33db825528a0,,True,2026-04-24
nisha1972@cnrb,3985995186183,CNRB0786881,Nisha Vig,Canara Bank,individual,dev-49d5fd426251,,True,2025-12-04
kalitasolanki1973@idfcfirst,32236178818117,IDFB0760412,Kalita-Solanki Electronics,IDFC First Bank,merchant,dev-c01578206f20,,True,2026-05-06
mallickatwal1974@kotak,6225386303,KKBK0115794,Mallick-Atwal Travel,Kotak Mahindra Bank,merchant,dev-2a101d3852da,,True,2025-03-17
sangha1975@idfcfirst,526067077980,IDFB0081739,"Sangha, Koshy and Kota Travel",IDFC First Bank,merchant,dev-75ca1323e583,,True,2024-06-07
sarafkapadia1976@cnrb,82806139756,CNRB0660381,Saraf-Kapadia Fuel,Canara Bank,merchant,dev-bb54bfca5599,,True,2024-06-10
abdul1977@pnb,8869034622966,PUNB0184226,Abdul Sahni,Punjab National Bank,individual,dev-f1ff15808f39,,True,2023-12-11
banjeet1978@barodampay,36170396430172,BARB0074181,Banjeet Singhal,Bank of Baroda,individual,dev-8b842f70c618,,True,2025-01-11
pavani1979@okhdfcbank,428999879390832,HDFC0675347,Pavani Wali,HDFC Bank,individual,dev-b406a12c216a,innocent_bystander,True,2025-02-20
varenya1980@cnrb,87162014900015,CNRB0821379,Varenya Chaudhari,Canara Bank,individual,dev-0196270c5ef8,innocent_bystander,True,2025-12-23
warhi1981@idfcfirst,9455462565,IDFB0974903,Warhi Khosla,IDFC First Bank,individual,dev-b41499be6332,,True,2024-02-04
advik1982@ybl,03130378855,YESB0967645,Advik Ray,Yes Bank,individual,dev-6c623c8ed21c,,True,2026-03-06
deo1983@kotak,070241047226,KKBK0947623,Deo LLC Pharmacy,Kotak Mahindra Bank,merchant,dev-4ad58784bc05,,True,2025-12-25
william1984@ybl,4118144737581778,YESB0490244,William Chana,Yes Bank,individual,dev-eb4827525568,gambling_network,True,2025-05-24
varsha1985@idfcfirst,930849475442750,IDFB0397300,Varsha Mody,IDFC First Bank,individual,dev-a246ed672ab3,,True,2024-10-23
tripti1986@okicici,69245041317,ICIC0834760,Tripti Bajwa,ICICI Bank,individual,dev-1974ae4486eb,innocent_bystander,True,2025-01-13
ubika1987@kotak,6142375950703,KKBK0933829,Ubika Devi,Kotak Mahindra Bank,individual,dev-b0a45efd5774,,True,2025-02-08
qasim1988@oksbi,99255224688,SBIN0020421,Qasim Prabhakar,State Bank of India,individual,dev-50332ba84577,account_takeover,True,2023-11-26
aarav1989@oksbi,6610693492,SBIN0521898,Aarav Bobal,State Bank of India,individual,dev-220e111693a4,,True,2024-07-17
gaurangi1990@okaxis,515747353912605,UTIB0028806,Gaurangi Wali,Axis Bank,individual,dev-94b520870170,,True,2023-12-18
minhas1991@pnb,6676579424038085,PUNB0318452,Minhas Group Fashion,Punjab National Bank,merchant,dev-f6f1f6783d24,,True,2025-07-11
sarthak1992@okhdfcbank,51810740629,HDFC0980844,Sarthak Buch,HDFC Bank,individual,dev-c66ee68c351e,,True,2026-04-21
christopher1993@oksbi,452026681115,SBIN0573302,Christopher Varma,State Bank of India,individual,dev-051ec828cfd1,,True,2024-02-16
patla1994@oksbi,889340138458437,SBIN0315100,"Patla, Behl and Choudhry Utilities",State Bank of India,merchant,dev-efbd63634f1c,,True,2026-03-28
jasmit1995@cnrb,1570519792,CNRB0793698,Jasmit Shroff,Canara Bank,individual,dev-55b9d061c218,,True,2024-07-08
jasmit1996@okicici,723915336746,ICIC0043848,Jasmit Peri,ICICI Bank,individual,dev-9c6be33bb3f8,,True,2025-06-15
ekalinga1997@okaxis,1973876798,UTIB0257500,Ekalinga Jayaraman,Axis Bank,individual,dev-0e780aba809b,,True,2024-12-04
gaurika1998@okaxis,5286497148,UTIB0538763,Gaurika Khare,Axis Bank,individual,dev-37549119d473,,True,2024-01-10
vanya1999@pnb,2904046818909900,PUNB0725057,Vanya Kadakia,Punjab National Bank,individual,dev-7cea796b12f5,,True,2025-09-09
ekani2000@oksbi,0724495205879046,SBIN0857234,Ekani Pandit,State Bank of India,individual,dev-56360c501598,,True,2026-01-12
yahvi2001@kotak,27751120443,KKBK0934984,Yahvi Sampath,Kotak Mahindra Bank,individual,dev-8201553d5e1f,,True,2024-12-16
chatura2002@okhdfcbank,389195633517,HDFC0666881,Chatura Bhatnagar,HDFC Bank,individual,dev-ac8d2d024043,innocent_bystander,True,2024-02-29
hemani2003@pnb,250207907,PUNB0592823,Hemani Sethi,Punjab National Bank,individual,dev-c151b9b33073,,True,2025-02-26
yachana2004@cnrb,730514812933,CNRB0684280,Yachana Vyas,Canara Bank,individual,dev-1660c9209f8e,,True,2023-10-09
singhal2005@pnb,13290550491,PUNB0143561,Singhal Ltd Home Services,Punjab National Bank,merchant,dev-52574f2ada01,,True,2026-01-27
siya2006@idfcfirst,9361235926,IDFB0494265,Siya Pillai,IDFC First Bank,individual,dev-24f88acb30d1,,True,2023-12-31
raghav2007@oksbi,327578749,SBIN0385215,Raghav Shankar,State Bank of India,individual,dev-72f724d3d0c6,innocent_bystander,True,2024-08-01
faris2008@idfcfirst,9073333783107,IDFB0916941,Faris Raman,IDFC First Bank,individual,dev-333bc4086c31,,True,2024-07-12
bhavya2009@okaxis,2196207804443339,UTIB0992156,Bhavya Bose,Axis Bank,individual,dev-d974a01c86b8,,True,2023-11-30
nitesh2010@okaxis,441123109836,UTIB0142850,Nitesh Majumdar,Axis Bank,individual,dev-a71640ede243,,True,2023-12-06
divan2011@okaxis,857284621,UTIB0532857,Divan Group Utilities,Axis Bank,merchant,dev-dff8c185e544,,True,2025-09-19
samarth2012@oksbi,9311864916329,SBIN0956794,Samarth Verma,State Bank of India,individual,dev-53d0afd5f45a,innocent_bystander,True,2025-11-25
chaaya2013@cnrb,6208575326,CNRB0831497,Chaaya Saha,Canara Bank,individual,dev-7a1f3c5341fd,innocent_bystander,True,2026-02-10
urvi2014@okhdfcbank,7754397870,HDFC0265204,Urvi Palan,HDFC Bank,individual,dev-1e18e0757bf8,,True,2025-01-08
sachi2015@idfcfirst,3828813628627031,IDFB0000003,Sachi Bail,IDFC First Bank,individual,dev-1d94ccbd3b69,,True,2023-12-04
ranbir2016@barodampay,9945175230705,BARB0814660,Ranbir Bhatnagar,Bank of Baroda,individual,dev-d7b1670d0cee,,True,2024-12-30
vincent2017@barodampay,0853334161385,BARB0903024,Vincent Venkatesh,Bank of Baroda,individual,dev-d3d263a8756e,,True,2025-03-01
nayak2018@oksbi,590083710451021,SBIN0996193,"Nayak, Sabharwal and Oza Electronics",State Bank of India,merchant,dev-92e7fdfc13fb,,True,2023-07-24
vedika2019@kotak,9777077458157220,KKBK0312309,Vedika Wagle,Kotak Mahindra Bank,individual,dev-9e8ccc5bf7db,,True,2025-05-16
tanvi2020@oksbi,2268647705762123,SBIN0921508,Tanvi Modi,State Bank of India,individual,dev-515d2b9f3478,,True,2024-10-25
damini2021@oksbi,77577039385234,SBIN0124801,Damini Garg,State Bank of India,individual,dev-4ceae24e214d,,True,2026-02-17
utkarsh2022@idfcfirst,8126172385765589,IDFB0024321,Utkarsh Sule,IDFC First Bank,individual,dev-102dbd810d89,innocent_bystander,True,2025-12-17
manibatta2023@barodampay,793806170832,BARB0554855,Mani-Batta Food & Dining,Bank of Baroda,merchant,dev-a8395bfd0cfb,,True,2023-09-03
ira2024@pnb,43525817806,PUNB0485151,Ira Mane,Punjab National Bank,individual,dev-a0bf4fa3ee0c,,True,2026-07-06
ojas2025@okicici,0637117207,ICIC0705393,Ojas Dyal,ICICI Bank,individual,dev-af4bf9ed29ba,gambling_network,True,2025-11-16
qabil2026@kotak,48678211589006,KKBK0269564,Qabil Gill,Kotak Mahindra Bank,individual,dev-1284d579725a,,True,2026-03-18
neel2027@oksbi,802162362341997,SBIN0108227,Neel Khanna,State Bank of India,individual,dev-3bf0f078b32a,,True,2025-06-23
benjamin2028@barodampay,550208912384051,BARB0645165,Benjamin Nadig,Bank of Baroda,individual,dev-e6e655db3027,,True,2024-07-01
ridhi2029@idfcfirst,34617991426331,IDFB0559954,Ridhi Lad,IDFC First Bank,individual,dev-cf914689af88,,True,2026-03-11
qarin2030@okaxis,456380452,UTIB0782504,Qarin Jha,Axis Bank,individual,dev-c2ee5514026a,,True,2025-07-10
edhitha2031@pnb,275406401774,PUNB0757753,Edhitha Padmanabhan,Punjab National Bank,individual,dev-ede805bd7ccc,,True,2026-06-15
kashish2032@barodampay,4015233464,BARB0845270,Kashish Sen,Bank of Baroda,individual,dev-1654707b5217,,True,2026-01-08
charvi2033@ybl,5661292838502922,YESB0149508,Charvi Dara,Yes Bank,individual,dev-54ca0f9cf7ee,,True,2025-11-02
nidhi2034@pnb,034653782,PUNB0261644,Nidhi Tata,Punjab National Bank,individual,dev-b2b752ee721d,,True,2026-01-02
tara2035@okaxis,5797886333683,UTIB0579710,Tara Nagarajan,Axis Bank,individual,dev-383ff1690719,,True,2023-11-09
aayush2036@kotak,292416422961102,KKBK0738116,Aayush Tripathi,Kotak Mahindra Bank,individual,dev-6a78d50f4b9b,,True,2024-11-28
chakrika2037@oksbi,600824770693527,SBIN0118130,Chakrika Som,State Bank of India,individual,dev-15e2f984a980,,True,2025-08-09
manan2038@okicici,550733404322082,ICIC0874566,Manan Sathe,ICICI Bank,individual,dev-48cf1bd6c6f9,,True,2023-08-26
isaiah2039@ybl,9140312828855368,YESB0863167,Isaiah Srinivas,Yes Bank,individual,dev-dc84ec311b62,,True,2025-08-10
liam2040@okhdfcbank,07616358394501,HDFC0281705,Liam Dada,HDFC Bank,individual,dev-a51c80faf495,,True,2025-12-28
bakshiratti2041@okaxis,652011594,UTIB0633749,Bakshi-Ratti Electronics,Axis Bank,merchant,dev-6245bc4de6ce,,True,2023-07-30
sanaya2042@okicici,68603924558,ICIC0539873,Sanaya Parikh,ICICI Bank,individual,dev-3cdb2000ff79,,True,2025-06-16
eta2043@okicici,91836318301986,ICIC0778670,Eta Bhakta,ICICI Bank,individual,dev-44df0da6f53d,,True,2023-10-29
tristan2044@pnb,8642301504016,PUNB0028839,Tristan Mall,Punjab National Bank,individual,dev-ddc12956881f,,True,2026-06-10
arin2045@oksbi,8749579756697207,SBIN0488150,Arin Chacko,State Bank of India,individual,dev-4e8e426a1ff4,,True,2023-11-30
gagan2046@okhdfcbank,370529425014650,HDFC0679989,Gagan Vala,HDFC Bank,individual,dev-252bc30e7f7e,,True,2026-02-25
robert2047@cnrb,376779581,CNRB0174067,Robert Swaminathan,Canara Bank,individual,dev-88adbf0c8824,,True,2025-05-04
yasti2048@okhdfcbank,8001678757271,HDFC0963440,Yasti Bhalla,HDFC Bank,individual,dev-b7dbb00aa450,account_takeover,True,2024-08-14
mitali2049@ybl,401825930876976,YESB0333470,Mitali Divan,Yes Bank,individual,dev-f715b40ff18c,,True,2023-08-01
kala2050@ybl,07494509346877,YESB0105556,Kala Raju,Yes Bank,individual,dev-1051a316bf1e,,True,2023-11-22
advik2051@idfcfirst,907274206149847,IDFB0823100,Advik Mane,IDFC First Bank,individual,dev-ebbd459b7e3a,,True,2024-01-19
indali2052@pnb,97314863027643,PUNB0175014,Indali Morar,Punjab National Bank,individual,dev-ab5ff3f8c6fd,,True,2024-08-02
gagan2053@okaxis,3297790911210143,UTIB0340718,Gagan Kale,Axis Bank,individual,dev-114afc2ba8a4,,True,2026-05-09
ojasvi2054@okicici,0301654269816,ICIC0243913,Ojasvi Savant,ICICI Bank,individual,dev-98429edcce0d,,True,2026-06-14
gadesamra2055@cnrb,543468305,CNRB0944707,Gade-Samra Travel,Canara Bank,merchant,dev-5d8c1665b687,,True,2024-12-27
liam2056@idfcfirst,2849874954392,IDFB0876222,Liam Chadha,IDFC First Bank,individual,dev-988a863aaad0,,True,2023-12-23
sarthak2057@idfcfirst,406138735,IDFB0581047,Sarthak Mitter,IDFC First Bank,individual,dev-f1856a5a4a5d,,True,2025-01-28
gautami2058@okhdfcbank,83733272275,HDFC0746266,Gautami Bhatti,HDFC Bank,individual,dev-ff5b821a1367,,True,2025-12-17
gaurang2059@kotak,002452355567893,KKBK0328176,Gaurang Ahuja,Kotak Mahindra Bank,individual,dev-c7c96547d520,,True,2023-10-09
mahajansachdeva2060@pnb,0767881851982,PUNB0890573,Mahajan-Sachdeva Fuel,Punjab National Bank,merchant,dev-9dac16bb7d0a,,True,2024-11-23
shere2061@okhdfcbank,6220728649142196,HDFC0161102,Shere Ltd Food & Dining,HDFC Bank,merchant,dev-9f5a7b1b6020,,True,2024-06-04
devan2062@okaxis,017050213740,UTIB0144679,"Devan, Iyengar and Grewal Pharmacy",Axis Bank,merchant,dev-863bf24dc624,,True,2023-12-05
bimala2063@pnb,2090002915676968,PUNB0319838,Bimala Swaminathan,Punjab National Bank,individual,dev-9a8359680682,,True,2023-11-04
mittal2064@ybl,74498547693,YESB0112672,Mittal PLC Fuel,Yes Bank,merchant,dev-f3c6d83154c8,,True,2025-03-08
wakeeta2065@okaxis,40174535305,UTIB0081056,Wakeeta Sheth,Axis Bank,individual,dev-416d58b074bb,,True,2025-06-07
avi2066@cnrb,0202712137523,CNRB0670040,Avi Agate,Canara Bank,individual,dev-12bf917ac533,account_takeover,True,2024-02-29
adweta2067@ybl,40664427912,YESB0603350,Adweta Mital,Yes Bank,individual,dev-4187a45d741e,gambling_network,True,2026-03-29
jeet2068@okicici,527375160736,ICIC0240806,Jeet Mani,ICICI Bank,individual,dev-46de3a688fca,innocent_bystander,True,2023-09-16
praneel2069@okhdfcbank,282328712112,HDFC0851826,Praneel Swamy,HDFC Bank,individual,dev-52a875753374,account_takeover,True,2025-02-04
ayush2070@pnb,866011451755950,PUNB0768798,Ayush Dar,Punjab National Bank,individual,dev-748142e050d0,,True,2025-07-06
waida2071@pnb,8491818658667,PUNB0840785,Waida Bhavsar,Punjab National Bank,individual,dev-91ad6d3b47f4,,True,2024-09-18
vasana2072@ybl,40779592477,YESB0773682,Vasana Sarin,Yes Bank,individual,dev-54ce4f7726ff,,True,2025-11-09
vamakshi2073@ybl,3956621046323245,YESB0272392,Vamakshi Dar,Yes Bank,individual,dev-dec2ea07140e,,True,2024-04-23
valabadal2074@kotak,86348172815443,KKBK0037430,Vala-Badal Fashion,Kotak Mahindra Bank,merchant,dev-664f9edb400a,,True,2025-05-30
nicholas2075@kotak,4651693156,KKBK0395097,Nicholas Bhardwaj,Kotak Mahindra Bank,individual,dev-32e56b99f525,,True,2023-12-07
ekaja2076@pnb,790547337816,PUNB0778246,Ekaja Shenoy,Punjab National Bank,individual,dev-e5511d2aadf1,,True,2024-04-26
ishanvi2077@okaxis,7083521091,UTIB0056837,Ishanvi Gade,Axis Bank,individual,dev-44728883f92c,,True,2024-12-20
anjali2078@okhdfcbank,593823035643,HDFC0224301,Anjali Patel,HDFC Bank,individual,dev-dd5179e75adb,account_takeover,True,2026-05-23
ishani2079@okaxis,453430812224937,UTIB0732782,Ishani Bava,Axis Bank,individual,dev-b42387c3f150,,True,2024-10-30
mannewagle2080@cnrb,1794020437849,CNRB0449554,Manne-Wagle Pharmacy,Canara Bank,merchant,dev-35d5571ee2ad,,True,2025-10-20
yoshita2081@okaxis,3580674248,UTIB0914477,Yoshita Hari,Axis Bank,individual,dev-d4eb04afe2c9,,True,2025-04-26
goswami2082@barodampay,7187307124032092,BARB0544036,"Goswami, Chandra and Ganesh Fuel",Bank of Baroda,merchant,dev-cd5117d1fdb1,,True,2024-04-26
naidu2083@ybl,746217880,YESB0924939,"Naidu, Mutti and Mitra Electronics",Yes Bank,merchant,dev-260cb88a3825,,True,2025-10-02
patilchar2084@kotak,8638606980891,KKBK0637631,Patil-Char Food & Dining,Kotak Mahindra Bank,merchant,dev-bdc749c1c6b5,,True,2026-04-17
maanas2085@pnb,803094286989220,PUNB0342854,Maanas Arya,Punjab National Bank,individual,dev-118e1e8d5286,,True,2025-12-08
zarna2086@barodampay,574070690786697,BARB0039641,Zarna Manda,Bank of Baroda,individual,dev-845f2ec6fd83,,True,2024-11-09
vedhika2087@ybl,0295753492,YESB0311108,Vedhika Sabharwal,Yes Bank,individual,dev-fd38e1d86e0f,,True,2025-11-15
nicholas2088@oksbi,522488525858050,SBIN0611743,Nicholas Chaudry,State Bank of India,individual,dev-f95ccb9d351a,,True,2026-03-06
mohammed2089@cnrb,811537344608,CNRB0338942,Mohammed Thakur,Canara Bank,individual,dev-8eed7a368ca2,,True,2023-08-16
raghav2090@okhdfcbank,0967324206765595,HDFC0705870,Raghav Vora,HDFC Bank,individual,dev-4f03a96ac08b,gambling_network,True,2024-08-27
omisha2091@okaxis,581313289939013,UTIB0288476,Omisha Sharma,Axis Bank,individual,dev-97e5e9ea2694,innocent_bystander,True,2024-03-12
jackson2092@oksbi,0623641973614434,SBIN0914666,Jackson Deep,State Bank of India,individual,dev-3357ca01ae97,,True,2023-08-03
varsha2093@pnb,12239243219,PUNB0626424,Varsha Pall,Punjab National Bank,individual,dev-a3632a1ae47d,,True,2025-04-28
janani2094@barodampay,982802133541,BARB0149993,Janani Dewan,Bank of Baroda,individual,dev-508410d24fc5,,True,2025-06-16
hema2095@idfcfirst,490379506475816,IDFB0737354,Hema Gera,IDFC First Bank,individual,dev-4111ea671d54,,True,2024-01-07
ayush2096@ybl,109271546,YESB0988429,Ayush Dani,Yes Bank,individual,dev-14f764a69348,,True,2023-12-11
kabir2097@okicici,15949789140,ICIC0044354,Kabir Dhar,ICICI Bank,individual,dev-7d48a5795191,,True,2023-09-21
karan2098@idfcfirst,045489125,IDFB0400935,"Karan, Mohanty and Dass Fashion",IDFC First Bank,merchant,dev-5bb5946f1519,,True,2024-12-25
kalpit2099@okicici,361366233851,ICIC0160808,Kalpit Brar,ICICI Bank,individual,dev-70e8b4111fd5,,True,2025-06-07
isaac2100@pnb,3399656703152,PUNB0330118,Isaac Brahmbhatt,Punjab National Bank,individual,dev-790a8ed7de2b,,True,2025-11-09
veda2101@idfcfirst,240239222252257,IDFB0107184,Veda Sankar,IDFC First Bank,individual,dev-f10b3a594e96,,True,2026-04-01
ronith2102@oksbi,7466825524905692,SBIN0393145,Ronith Chokshi,State Bank of India,individual,dev-e1b895145c07,,True,2026-06-09
yochana2103@idfcfirst,500161064512269,IDFB0915792,Yochana Bhargava,IDFC First Bank,individual,dev-f1fa0c1d0d87,,True,2024-11-09
jagat2104@cnrb,4597676318596466,CNRB0981516,Jagat Kulkarni,Canara Bank,individual,dev-69cb505d80e7,,True,2025-11-28
dominic2105@okaxis,60149055256192,UTIB0368734,Dominic Mitra,Axis Bank,individual,dev-268042069550,,True,2025-12-26
gopal2106@pnb,10938373697152,PUNB0219361,Gopal Dasgupta,Punjab National Bank,individual,dev-071918d54d32,,True,2024-06-17
ryan2107@idfcfirst,954463742,IDFB0735312,Ryan Goyal,IDFC First Bank,individual,dev-63383856559d,,True,2025-09-30
panchal2108@kotak,3464834573,KKBK0275342,"Panchal, Balakrishnan and Chana Utilities",Kotak Mahindra Bank,merchant,dev-4305245cf6f5,,True,2025-12-11
arunima2109@okhdfcbank,2866508518,HDFC0293476,Arunima Pall,HDFC Bank,individual,dev-27faa35ddd9c,,True,2025-11-27
naveen2110@okicici,062492193,ICIC0295542,Naveen Tella,ICICI Bank,individual,dev-ec8c39b8e2f9,gambling_network,True,2025-09-04
yashasvi2111@pnb,85853372598,PUNB0387357,Yashasvi Bir,Punjab National Bank,individual,dev-7043e74686b6,,True,2025-02-08
atwal2112@barodampay,46248132136028,BARB0260689,Atwal PLC Travel,Bank of Baroda,merchant,dev-f75ef355f44b,,True,2026-03-01
rehaan2113@cnrb,752371478831,CNRB0934571,Rehaan Manda,Canara Bank,individual,dev-ec20f098a6a3,,True,2023-11-30
aayush2114@oksbi,09481496867340,SBIN0259104,Aayush Chaudhary,State Bank of India,individual,dev-84b08310f574,,True,2025-02-17
yamini2115@okhdfcbank,021045054,HDFC0200338,Yamini Soman,HDFC Bank,individual,dev-05db741ca51a,,True,2025-12-22
qasim2116@okhdfcbank,3287854505,HDFC0276597,Qasim Sarraf,HDFC Bank,individual,dev-aa91f7ef72e5,,True,2023-08-30
pratyush2117@oksbi,996975182763,SBIN0774679,Pratyush Pant,State Bank of India,individual,dev-da0a48a88018,,True,2024-05-07
panini2118@idfcfirst,3336961511,IDFB0196682,Panini Kala,IDFC First Bank,individual,dev-357e8cb251e2,,True,2024-01-03
kari2119@okicici,3384468743117,ICIC0736916,"Kari, Reddy and Chowdhury Grocery",ICICI Bank,merchant,dev-05887b5a809b,,True,2025-05-26
jatin2120@idfcfirst,415691987224,IDFB0182554,Jatin Shukla,IDFC First Bank,individual,dev-ec01eea70f2c,account_takeover,True,2025-01-22
zinal2121@kotak,8415624428,KKBK0485733,Zinal Deshpande,Kotak Mahindra Bank,individual,dev-15771fed5979,gambling_network,True,2024-03-29
patelmani2122@idfcfirst,661799140,IDFB0012319,Patel-Mani Food & Dining,IDFC First Bank,merchant,dev-98b0f2d73262,,True,2024-11-13
fitan2123@okicici,7472650325441976,ICIC0275656,Fitan Narang,ICICI Bank,individual,dev-ef7bbeaec61b,,True,2024-06-01
jack2124@kotak,9153712295172,KKBK0224771,Jack Rajan,Kotak Mahindra Bank,individual,dev-e3d18c7e0986,,False,2025-09-24
tanmayi2125@okaxis,64444137988756,UTIB0836452,Tanmayi Muni,Axis Bank,individual,dev-e8341039b9b8,,True,2025-02-02
upkaar2126@idfcfirst,8193673578,IDFB0108566,Upkaar Reddy,IDFC First Bank,individual,dev-8409d67e606c,,True,2024-07-07
priya2127@kotak,184821861640,KKBK0260471,Priya Gulati,Kotak Mahindra Bank,individual,dev-f7b305c0a002,innocent_bystander,True,2025-08-26
vamakshi2128@cnrb,4822034402,CNRB0004274,Vamakshi Pillai,Canara Bank,individual,dev-83e897391627,,True,2025-09-08
agastya2129@ybl,3179330530034,YESB0457178,Agastya Swamy,Yes Bank,individual,dev-5d0885bdfddc,gambling_network,True,2025-04-05
cheema2130@cnrb,3344017048094,CNRB0423395,"Cheema, Randhawa and Sarma Utilities",Canara Bank,merchant,dev-662a99b669c7,,True,2024-02-05
jagdish2131@kotak,1863471575455,KKBK0803678,Jagdish Dhar,Kotak Mahindra Bank,individual,dev-4b7129d2cdb1,,True,2024-11-03
nandini2132@okaxis,4617200010391,UTIB0676102,Nandini Chaudry,Axis Bank,individual,dev-0bd9ffdea12b,account_takeover,True,2025-06-04
dhruv2133@okaxis,38835463342,UTIB0580747,Dhruv Patla,Axis Bank,individual,dev-5cd143f506fd,,True,2023-12-19
hamsini2134@kotak,530574917432406,KKBK0408809,Hamsini Iyer,Kotak Mahindra Bank,individual,dev-7e1d31ae6a99,,True,2023-08-12
jason2135@idfcfirst,86789799153,IDFB0949905,Jason Kaul,IDFC First Bank,individual,dev-78a578be87b3,,True,2025-07-22
xalak2136@okicici,5573767844,ICIC0796287,Xalak Mallick,ICICI Bank,individual,dev-107d28c8ee9a,,True,2025-02-11
mugdha2137@okicici,465662693329839,ICIC0761466,Mugdha Parekh,ICICI Bank,individual,dev-7abded66cbe3,,True,2026-02-06
nidhi2138@idfcfirst,91592582147546,IDFB0051798,Nidhi Sundaram,IDFC First Bank,individual,dev-15192559a633,,True,2026-01-08
manan2139@okaxis,7819431056095081,UTIB0672894,Manan Sha,Axis Bank,individual,dev-cf3118ad9a46,,True,2024-10-18
jason2140@ybl,8654684599,YESB0229904,Jason Krishna,Yes Bank,individual,dev-d68b223d80e7,,True,2024-09-01
widisha2141@oksbi,127785258189864,SBIN0854823,Widisha Kashyap,State Bank of India,individual,dev-ddd42a2997d1,innocent_bystander,True,2025-02-19
desai2142@idfcfirst,821305459,IDFB0655147,"Desai, Balan and Chaudhary Utilities",IDFC First Bank,merchant,dev-4354b76aee05,,True,2025-05-04
ekansh2143@pnb,8623210771612217,PUNB0042530,Ekansh Tara,Punjab National Bank,individual,dev-b737c6670c95,,True,2024-12-13
praneel2144@okaxis,849771578,UTIB0376344,Praneel Raja,Axis Bank,individual,dev-319558907d22,,True,2026-05-23
michael2145@kotak,9436887704338389,KKBK0455132,Michael Mitter,Kotak Mahindra Bank,individual,dev-d5877b2bed2b,,True,2024-02-02
faraj2146@ybl,379797803282,YESB0967782,Faraj Venkatesh,Yes Bank,individual,dev-7b01d7b24b4b,,True,2025-02-02
unnati2147@barodampay,63673009961,BARB0586598,Unnati Jaggi,Bank of Baroda,individual,dev-6024b56e3dc4,,True,2025-10-30
widisha2148@okicici,304336703089,ICIC0463691,Widisha Swaminathan,ICICI Bank,individual,dev-4570ecf1cc88,,True,2025-01-16
hemal2149@cnrb,4878837391,CNRB0269194,Hemal Zachariah,Canara Bank,individual,dev-bb9b0bf193eb,,True,2024-01-19
azad2150@cnrb,903120321,CNRB0718679,Azad Sani,Canara Bank,individual,dev-57142809ba02,,True,2024-03-27
leela2151@okaxis,577769048180,UTIB0786527,Leela Sengupta,Axis Bank,individual,dev-ae4dd92f79ac,,True,2023-12-22
purisavant2152@ybl,5116897841406330,YESB0999910,Puri-Savant Food & Dining,Yes Bank,merchant,dev-6e85696d9091,,True,2023-12-09
balendra2153@okhdfcbank,0473226555392870,HDFC0170981,Balendra Bali,HDFC Bank,individual,dev-942b628db0f0,,True,2026-07-12
mitter2154@oksbi,0673998858026181,SBIN0349209,Mitter Ltd Fashion,State Bank of India,merchant,dev-d0723942e5e3,,True,2025-12-12
vyanjana2155@oksbi,8962320859,SBIN0841247,Vyanjana Sankar,State Bank of India,individual,dev-362c51a6e718,innocent_bystander,True,2024-05-30
devika2156@kotak,881711270,KKBK0667441,Devika Ramachandran,Kotak Mahindra Bank,individual,dev-c2149c618e05,,True,2023-08-10
imaran2157@pnb,8556809894804,PUNB0879560,Imaran Swaminathan,Punjab National Bank,individual,dev-eb13724512c8,gambling_network,True,2026-07-09
vamakshi2158@okaxis,071113158568,UTIB0894515,Vamakshi Dugar,Axis Bank,individual,dev-26c99fa8c6ad,,True,2025-11-26
bhalla2159@cnrb,809020744527,CNRB0431143,"Bhalla, Raman and Lall Food & Dining",Canara Bank,merchant,dev-a6dec3cb6b8a,,True,2025-10-08
krishna2160@cnrb,2060787290135729,CNRB0816957,Krishna Pandit,Canara Bank,individual,dev-f1e1143bdbf8,,True,2025-08-28
ekani2161@okhdfcbank,9746539574118,HDFC0521102,Ekani Bhat,HDFC Bank,individual,dev-ff4b0f84fc4e,,True,2024-08-08
chakradev2162@cnrb,387829104421336,CNRB0359791,Chakradev Dave,Canara Bank,individual,dev-eb458c3e04c3,,True,2024-01-11
ikshita2163@pnb,7026797277,PUNB0675076,Ikshita Bala,Punjab National Bank,individual,dev-c25f01bff214,,True,2024-05-16
om2164@okhdfcbank,459611341700115,HDFC0818069,"Om, Rai and Chatterjee Pharmacy",HDFC Bank,merchant,dev-744e49f18817,,True,2024-11-05
hemani2165@ybl,239476066,YESB0870833,Hemani Parikh,Yes Bank,individual,dev-4f25aeeb8002,,True,2023-11-09
indali2166@ybl,75326945928222,YESB0052631,Indali Bhalla,Yes Bank,individual,dev-10440a76af8a,,True,2025-02-26
yug2167@okicici,83748487446,ICIC0693005,Yug Keer,ICICI Bank,individual,dev-e647e1b49fde,account_takeover,True,2025-12-20
muni2168@okhdfcbank,3593326951904,HDFC0125879,"Muni, Chad and Bhatti Pharmacy",HDFC Bank,merchant,dev-d5c58008837e,,True,2024-11-17
ishwar2169@ybl,30004547376,YESB0937011,Ishwar Nazareth,Yes Bank,individual,dev-8e13dcb94044,,False,2023-07-21
bahri2170@pnb,391823492366,PUNB0367308,Bahri PLC Electronics,Punjab National Bank,merchant,dev-33c09a2141f5,,True,2026-03-09
baljiwan2171@ybl,17666064080,YESB0233513,Baljiwan Sharma,Yes Bank,individual,dev-37c4784b0d10,innocent_bystander,True,2025-12-18
yutika2172@oksbi,92140788846,SBIN0396860,Yutika Sama,State Bank of India,individual,dev-9a3bc2da8acf,,True,2024-07-07
anmol2173@barodampay,073494042426249,BARB0637828,Anmol Singh,Bank of Baroda,individual,dev-6fe463b5af6a,,True,2024-07-26
edhitha2174@idfcfirst,2687555426318,IDFB0551533,Edhitha Purohit,IDFC First Bank,individual,dev-8eb53685e3d5,gambling_network,True,2025-12-29
ekantika2175@oksbi,3834011423767,SBIN0815863,Ekantika Chaudhari,State Bank of India,individual,dev-72eb7d3f0a7d,,True,2025-10-16
harish2176@ybl,233062467916,YESB0328313,Harish Jha,Yes Bank,individual,dev-ea22dac439ba,,True,2023-12-25
watika2177@oksbi,905110277711,SBIN0982067,Watika Thakkar,State Bank of India,individual,dev-8ab7edebecda,,True,2024-10-08
ojas2178@ybl,6964012276393455,YESB0191142,Ojas Mistry,Yes Bank,individual,dev-6f80dc4c50bc,,True,2025-07-27
rajata2179@ybl,3939240728114,YESB0084618,Rajata Jaggi,Yes Bank,individual,dev-bb764654bd9b,,True,2024-11-06
faqid2180@oksbi,18242045778,SBIN0813933,Faqid Wason,State Bank of India,individual,dev-d15fbb662efa,,True,2025-04-03
bhavna2181@barodampay,1740731677254818,BARB0346323,Bhavna Lanka,Bank of Baroda,individual,dev-54cf149e1884,innocent_bystander,True,2024-12-12
chameli2182@okaxis,33319054786729,UTIB0087270,Chameli Ratti,Axis Bank,individual,dev-5a2d5eabf3cf,innocent_bystander,True,2025-05-30
george2183@okicici,46000251943811,ICIC0380789,George Chandran,ICICI Bank,individual,dev-230c2c123c4f,,True,2024-05-17
anjali2184@cnrb,962801793667,CNRB0905675,Anjali Bhavsar,Canara Bank,individual,dev-e4e13f168aa9,,True,2025-09-24
prisha2185@idfcfirst,917072747657,IDFB0965883,Prisha Kadakia,IDFC First Bank,individual,dev-4f827998dcd6,,True,2024-04-10
faraj2186@okhdfcbank,99479836546909,HDFC0368055,Faraj Mittal,HDFC Bank,individual,dev-9ef616d4ee38,,True,2024-02-06
rachita2187@ybl,4687041559,YESB0388368,Rachita Zacharia,Yes Bank,individual,dev-07b9c3739837,,True,2025-04-30
ryan2188@okhdfcbank,2963438406,HDFC0756934,Ryan Sachdeva,HDFC Bank,individual,dev-6ce75c659420,,True,2026-07-08
zayan2189@kotak,57224893015,KKBK0024902,Zayan Varma,Kotak Mahindra Bank,individual,dev-199f4eb92461,,True,2025-08-03
pranit2190@okaxis,3296833178824410,UTIB0334056,Pranit Bahl,Axis Bank,individual,dev-2d60a4826abc,,True,2025-12-02
xalak2191@pnb,90537932373,PUNB0642393,Xalak Kala,Punjab National Bank,individual,dev-01631a595ceb,,True,2026-04-11
amrita2192@oksbi,6045367659626409,SBIN0795791,Amrita Walia,State Bank of India,individual,dev-2d4d149ee813,,True,2025-09-20
darpan2193@pnb,0848622405,PUNB0459383,Darpan Vig,Punjab National Bank,individual,dev-1dbd97231dba,,True,2025-08-05
janya2194@ybl,276733121866873,YESB0313055,Janya Shere,Yes Bank,individual,dev-ece3952021b5,,True,2025-03-11
wridesh2195@kotak,7910822885,KKBK0155809,Wridesh Dora,Kotak Mahindra Bank,individual,dev-fba99fb444fc,,True,2024-05-08
radhika2196@pnb,1401588207,PUNB0779406,Radhika Roy,Punjab National Bank,individual,dev-9832d5ed16bf,,True,2026-06-18
devansh2197@kotak,9961368746364,KKBK0683778,Devansh Jani,Kotak Mahindra Bank,individual,dev-eba935dfce7d,,True,2026-06-30
amara2198@cnrb,115006726043,CNRB0346420,Amara Mangat,Canara Bank,individual,dev-0a7ef1dd8fa7,,True,2025-02-28
aahana2199@barodampay,014053601,BARB0167078,Aahana Keer,Bank of Baroda,individual,dev-12bec8bc8203,,True,2023-09-21
kharecomar2200@okhdfcbank,11680795828421,HDFC0852880,Khare-Comar Fashion,HDFC Bank,merchant,dev-03d2bab77cb6,,True,2025-03-26
rehaan2201@cnrb,9549321657131398,CNRB0496093,Rehaan Bala,Canara Bank,individual,dev-0bab7219ba7a,,True,2025-06-26
dayita2202@okhdfcbank,649487588327,HDFC0027140,Dayita Shetty,HDFC Bank,individual,dev-9b308eb34639,,True,2024-08-14
sarinsami2203@cnrb,62200117231,CNRB0423930,Sarin-Sami Pharmacy,Canara Bank,merchant,dev-a5f8993ed02b,,True,2025-07-04
saksham2204@oksbi,1764305553156,SBIN0173218,Saksham Dutta,State Bank of India,individual,dev-b005dc1e2f63,,True,2024-12-29
laban2205@kotak,45046856875,KKBK0566255,Laban Balakrishnan,Kotak Mahindra Bank,individual,dev-faca84fe80e3,,True,2025-08-08
arunima2206@okicici,897773958236,ICIC0578582,Arunima Goda,ICICI Bank,individual,dev-bef20f678d89,,True,2025-05-13
vedika2207@okicici,519451376,ICIC0224819,Vedika Bahri,ICICI Bank,individual,dev-7d5f06719716,,True,2026-06-24
fiyaz2208@kotak,6248122655335787,KKBK0045831,Fiyaz Murthy,Kotak Mahindra Bank,individual,dev-a8b57b7d92aa,,True,2025-06-19
devansh2209@okhdfcbank,5668004572,HDFC0455045,Devansh Ray,HDFC Bank,individual,dev-db41809c0378,,True,2024-11-12
gautam2210@pnb,59092803560381,PUNB0947453,Gautam Ranganathan,Punjab National Bank,individual,dev-b55cd4b5878b,,True,2023-10-11
warinder2211@okicici,2985507995975,ICIC0800384,Warinder Choudhury,ICICI Bank,individual,dev-0fc21728e6f0,,True,2026-03-19
zayan2212@barodampay,352958332565,BARB0836962,Zayan Taneja,Bank of Baroda,individual,dev-466dbe82f9ce,account_takeover,True,2024-09-04
wazir2213@oksbi,690889545989,SBIN0969060,Wazir Das,State Bank of India,individual,dev-f817a29fad37,,True,2025-04-25
forum2214@okhdfcbank,87970211879399,HDFC0106022,Forum Ramakrishnan,HDFC Bank,individual,dev-0f8656de51e5,,True,2025-10-08
pallavi2215@kotak,793530853789414,KKBK0440537,Pallavi Kamdar,Kotak Mahindra Bank,individual,dev-f9881d35b3af,,True,2024-12-20
hredhaan2216@barodampay,65868918904,BARB0254859,Hredhaan Gill,Bank of Baroda,individual,dev-8c8f88fb783b,,True,2024-03-26
anvi2217@okhdfcbank,287495795,HDFC0480709,Anvi Sarraf,HDFC Bank,individual,dev-60a5e4a93e5e,,True,2025-03-15
aachal2218@kotak,3504339938,KKBK0223063,Aachal Bhalla,Kotak Mahindra Bank,individual,dev-9600cd5818aa,,True,2024-02-14
kavya2219@idfcfirst,31191626413,IDFB0730722,Kavya Chowdhury,IDFC First Bank,individual,dev-b3fce5cc205d,,True,2026-03-07
sampathsoman2220@okicici,704459448331,ICIC0722114,Sampath-Soman Fuel,ICICI Bank,merchant,dev-64c4fc04a486,,True,2024-05-09
arunima2221@idfcfirst,53189301884,IDFB0871373,Arunima Dhillon,IDFC First Bank,individual,dev-3c31033926a4,,True,2023-11-08
vaishnavi2222@okhdfcbank,51074813283605,HDFC0441341,Vaishnavi Pillai,HDFC Bank,individual,dev-f0a0509ce45c,,True,2025-07-14
ansh2223@okhdfcbank,7050748631103731,HDFC0080031,Ansh Banerjee,HDFC Bank,individual,dev-3d902c70fbc0,,True,2024-05-07
wriddhish2224@cnrb,791680310,CNRB0293820,Wriddhish Kulkarni,Canara Bank,individual,dev-76a6cf2e57b6,innocent_bystander,True,2023-08-27
dayamai2225@barodampay,8424494653382,BARB0415948,Dayamai Patil,Bank of Baroda,individual,dev-3dd3bfaaedc1,,True,2023-12-31
warjas2226@barodampay,081589675,BARB0777637,Warjas Savant,Bank of Baroda,individual,dev-08e7d4f9c6ba,,True,2025-07-15
abhiram2227@cnrb,624013385,CNRB0031288,Abhiram Ramaswamy,Canara Bank,individual,dev-2e9146eeedfd,,True,2025-07-08
charvi2228@ybl,698725580,YESB0023055,Charvi Chana,Yes Bank,individual,dev-ea40421e67dc,,True,2025-08-07
mishra2229@barodampay,237206045,BARB0064523,Mishra and Sons Utilities,Bank of Baroda,merchant,dev-487038a70910,,True,2024-10-27
reva2230@pnb,944623406,PUNB0193793,Reva Nadig,Punjab National Bank,individual,dev-0e37c7000fae,,True,2025-05-14
bahadurjit2231@okaxis,32429693923,UTIB0298559,Bahadurjit Mahal,Axis Bank,individual,dev-0102ee96a52c,,True,2023-08-30
vyanjana2232@barodampay,392481273958508,BARB0419776,Vyanjana Sinha,Bank of Baroda,individual,dev-8d444f630065,,True,2025-06-09
gaurangi2233@okicici,8401990661742592,ICIC0618813,Gaurangi Sami,ICICI Bank,individual,dev-37e783bbbd71,innocent_bystander,True,2023-10-15
naveen2234@barodampay,0498346962370573,BARB0538909,Naveen Lal,Bank of Baroda,individual,dev-b640c1b735fc,,True,2024-07-01
indira2235@oksbi,631201319,SBIN0826266,Indira Salvi,State Bank of India,individual,dev-59aae978f98d,,True,2026-06-23
narain2236@barodampay,459763413801,BARB0585824,"Narain, Setty and Bala Grocery",Bank of Baroda,merchant,dev-0a6667ccfa2e,,True,2025-05-20
qarin2237@pnb,79839952713,PUNB0532113,Qarin Sawhney,Punjab National Bank,individual,dev-2f4018dd7ca6,account_takeover,True,2023-11-13
aarush2238@ybl,8561625596,YESB0557379,Aarush Rattan,Yes Bank,individual,dev-6b26e66615ae,,True,2024-12-15
dalaja2239@okaxis,33421580688,UTIB0852668,Dalaja Murthy,Axis Bank,individual,dev-2182405106dd,innocent_bystander,True,2025-03-19
indrajit2240@idfcfirst,1946626338740771,IDFB0756941,Indrajit Dugar,IDFC First Bank,individual,dev-493c5766437d,,True,2025-10-15
zaitra2241@ybl,3118745247,YESB0521450,Zaitra De,Yes Bank,individual,dev-99451fcbbd79,,True,2023-09-20
ekaja2242@okaxis,21998609117,UTIB0389111,Ekaja Seth,Axis Bank,individual,dev-62af20de845f,,True,2025-11-09
kiaan2243@idfcfirst,323752765621869,IDFB0938948,Kiaan Lad,IDFC First Bank,individual,dev-079de55cb5ba,,True,2024-05-19
falak2244@ybl,77708617165031,YESB0946583,Falak Manda,Yes Bank,individual,dev-441e37cd3d41,,True,2024-12-26
frado2245@kotak,888813737997750,KKBK0436344,Frado Sachdeva,Kotak Mahindra Bank,individual,dev-339d0df43482,,True,2023-12-10
qabil2246@barodampay,86893235231,BARB0385666,Qabil Ramaswamy,Bank of Baroda,individual,dev-a20ba2f21952,account_takeover,True,2025-01-11
kapurbail2247@cnrb,2531995589,CNRB0103881,Kapur-Bail Fuel,Canara Bank,merchant,dev-5e70fc188330,,True,2023-12-16
veer2248@barodampay,225905285006201,BARB0154379,Veer Chakraborty,Bank of Baroda,individual,dev-8e867358975a,,True,2025-09-16
rushil2249@ybl,0147506692,YESB0038220,Rushil Lala,Yes Bank,individual,dev-bd3ee3bf79d4,,True,2025-09-30
chandran2250@pnb,4532484861955,PUNB0696507,Chandran Rattan,Punjab National Bank,individual,dev-66bcab0a6b15,,True,2026-03-22
abha2251@barodampay,56764673466,BARB0496019,Abha Dixit,Bank of Baroda,individual,dev-d12b5b43b456,,True,2024-12-26
jhalak2252@pnb,806303668,PUNB0987428,Jhalak Garde,Punjab National Bank,individual,dev-de33ef0d71f7,,True,2026-05-09
akshay2253@oksbi,210180826280,SBIN0714369,Akshay Vora,State Bank of India,individual,dev-725a3fefa924,,True,2023-10-06
sudiksha2254@kotak,187088549,KKBK0871960,Sudiksha Talwar,Kotak Mahindra Bank,individual,dev-ea70ec62e212,,True,2025-08-13
udarsh2255@idfcfirst,8288455056545594,IDFB0224346,Udarsh Jani,IDFC First Bank,individual,dev-a3e367104c36,,True,2024-05-28
amaira2256@okhdfcbank,72429388190310,HDFC0551986,Amaira Mani,HDFC Bank,individual,dev-b779d499722b,,True,2025-06-12
lavanya2257@kotak,48242349038051,KKBK0559311,Lavanya De,Kotak Mahindra Bank,individual,dev-6f09dcb660bc,innocent_bystander,True,2024-02-29
jhaverikale2258@pnb,49345779696,PUNB0538248,Jhaveri-Kale Grocery,Punjab National Bank,merchant,dev-b297ca8e8d7d,,True,2024-01-12
ranbir2259@okicici,55481330087324,ICIC0704916,Ranbir Sahota,ICICI Bank,individual,dev-b631c84bad29,,True,2025-12-13
nilima2260@kotak,57787035402307,KKBK0377968,Nilima Dhingra,Kotak Mahindra Bank,individual,dev-eaac91ca2cba,,True,2025-06-08
mannan2261@ybl,33596611181,YESB0983894,Mannan LLC Fashion,Yes Bank,merchant,dev-fc8d43c12726,,True,2023-12-02
shravya2262@okaxis,7843410200,UTIB0238481,Shravya Kothari,Axis Bank,individual,dev-6869b0e6af2f,,True,2024-10-07
tara2263@barodampay,43984792372,BARB0093933,Tara Chada,Bank of Baroda,individual,dev-e93b6198a799,,True,2025-12-09
upasna2264@pnb,3631080427153511,PUNB0178171,Upasna Deol,Punjab National Bank,individual,dev-573e9393cbf6,,True,2024-03-20
raokala2265@cnrb,66051991846619,CNRB0640642,Rao-Kala Utilities,Canara Bank,merchant,dev-9f93c87cd2ff,,True,2025-08-28
pallavi2266@idfcfirst,150790197826802,IDFB0294923,Pallavi Kunda,IDFC First Bank,individual,dev-50faa48ae3c6,,True,2023-12-20
girish2267@barodampay,34948362386,BARB0486269,Girish Bhargava,Bank of Baroda,individual,dev-235e7268c404,,True,2026-03-03
gaurangi2268@okhdfcbank,38850020764,HDFC0813805,Gaurangi Keer,HDFC Bank,individual,dev-d35e2d22901f,,True,2026-07-07
pandyabath2269@oksbi,61754834915579,SBIN0343862,Pandya-Bath Electronics,State Bank of India,merchant,dev-8f4eac1d74a5,,True,2024-02-15
zehaan2270@okhdfcbank,1198868412869870,HDFC0185082,Zehaan Thaman,HDFC Bank,individual,dev-a7d409607445,,True,2026-05-28
raj2271@idfcfirst,73102752631,IDFB0679051,"Raj, Mittal and Rana Fashion",IDFC First Bank,merchant,dev-2079d5746d4e,,True,2023-11-05
kevin2272@pnb,4348361969262431,PUNB0442156,Kevin Barman,Punjab National Bank,individual,dev-3f10c5877331,,True,2024-03-18
gola2273@okaxis,2865805594,UTIB0511866,"Gola, Lad and Gara Pharmacy",Axis Bank,merchant,dev-e1edfbcc0798,,True,2026-01-17
harinakshi2274@cnrb,633442324358308,CNRB0186253,Harinakshi Sidhu,Canara Bank,individual,dev-d677a9edff7c,,True,2024-04-20
gaurav2275@pnb,9014236584,PUNB0937362,Gaurav Nadig,Punjab National Bank,individual,dev-458cb0308869,,True,2023-08-04
lucky2276@okaxis,80772236083,UTIB0499985,Lucky Lad,Axis Bank,individual,dev-05afede820bd,,True,2024-05-16
munshi2277@oksbi,326735515793289,SBIN0829468,Munshi Inc Home Services,State Bank of India,merchant,dev-5ddadd554cb1,,True,2024-09-29
xalak2278@okaxis,366008037151572,UTIB0281800,Xalak Mand,Axis Bank,individual,dev-78f72288fe3b,innocent_bystander,True,2025-12-14
qushi2279@pnb,081239246,PUNB0156598,Qushi Mandal,Punjab National Bank,individual,dev-d617ca16e45f,,True,2025-12-05
aishani2280@pnb,154744240532,PUNB0371855,Aishani Varughese,Punjab National Bank,individual,dev-007e53e47703,,True,2026-05-11
saringala2281@barodampay,91785651923904,BARB0555900,Sarin-Gala Grocery,Bank of Baroda,merchant,dev-2d199d3cc464,,True,2026-06-16
vyanjana2282@pnb,863693485132498,PUNB0960396,Vyanjana Dora,Punjab National Bank,individual,dev-7817d3bd196d,gambling_network,True,2025-02-06
sarraf2283@pnb,849889299,PUNB0798837,"Sarraf, Bera and Gulati Fashion",Punjab National Bank,merchant,dev-c14a4c319240,,True,2024-04-19
chatura2284@oksbi,3683313271572,SBIN0067705,Chatura Karpe,State Bank of India,individual,dev-f4863bad68ef,,True,2024-06-06
balendra2285@pnb,8482755913188822,PUNB0402167,Balendra Singhal,Punjab National Bank,individual,dev-b98cc9c5b6d7,,True,2025-03-24
nihal2286@idfcfirst,8226439667,IDFB0803223,Nihal Sibal,IDFC First Bank,individual,dev-cc1c302e1da5,,True,2025-02-20
jack2287@idfcfirst,526969589162021,IDFB0189124,Jack Talwar,IDFC First Bank,individual,dev-45dfb601b52e,,True,2025-01-29
riya2288@barodampay,0804249263602979,BARB0681552,Riya Parikh,Bank of Baroda,individual,dev-e2256e2f5a04,,True,2023-09-10
tanvi2289@okhdfcbank,27183837695,HDFC0352793,Tanvi Tailor,HDFC Bank,individual,dev-39a955a6700f,,True,2026-06-03
divan2290@idfcfirst,468919519349,IDFB0579915,Divan Inc Utilities,IDFC First Bank,merchant,dev-76879d244b7a,,True,2025-07-15
chanderjani2291@idfcfirst,6680380317826,IDFB0760224,Chander-Jani Fashion,IDFC First Bank,merchant,dev-6a6ad0e75b07,,True,2025-02-10
pranit2292@kotak,34602707736,KKBK0490218,Pranit Ganguly,Kotak Mahindra Bank,individual,dev-dfce1d405eaf,,True,2025-02-28
simon2293@idfcfirst,3179981785538,IDFB0703445,Simon Agrawal,IDFC First Bank,individual,dev-f4f00ca1877c,,True,2025-06-02
omaja2294@pnb,730722163,PUNB0570621,Omaja Bose,Punjab National Bank,individual,dev-bd081d588d51,,True,2025-10-20
wishi2295@okaxis,619320204638,UTIB0966061,Wishi Chandra,Axis Bank,individual,dev-5019504ed4c0,,True,2024-04-10
balmane2296@kotak,7480521577724168,KKBK0484549,Bal-Mane Utilities,Kotak Mahindra Bank,merchant,dev-8d670d502873,,True,2026-03-11
meera2297@kotak,618265772753154,KKBK0470564,Meera Prakash,Kotak Mahindra Bank,individual,dev-3fe69bb01483,,True,2024-07-09
ekiya2298@okhdfcbank,17854129166496,HDFC0966704,Ekiya Dube,HDFC Bank,individual,dev-d413ca42ba4c,,True,2026-06-16
finn2299@cnrb,59693717458,CNRB0105734,Finn Sharma,Canara Bank,individual,dev-19a34039d295,,True,2025-09-11
srinivasan2300@idfcfirst,0488520125,IDFB0725606,"Srinivasan, Setty and Luthra Utilities",IDFC First Bank,merchant,dev-147bd275c40b,,True,2025-05-15
forum2301@okhdfcbank,12159689619559,HDFC0683955,Forum Bassi,HDFC Bank,individual,dev-58bb631cbd37,,True,2026-07-11
ekta2302@idfcfirst,390117307265,IDFB0111511,Ekta Dayal,IDFC First Bank,individual,dev-4ea56b9a2ed3,innocent_bystander,True,2023-12-20
chanakya2303@okaxis,5218526922,UTIB0682651,Chanakya Mandal,Axis Bank,individual,dev-7858f17d68b0,,False,2024-03-04
christopher2304@okhdfcbank,64473370424,HDFC0576129,Christopher Bobal,HDFC Bank,individual,dev-9a45d76d6528,,True,2025-02-06
george2305@cnrb,107273367,CNRB0566499,George Rastogi,Canara Bank,individual,dev-e2ee2a939b53,,True,2024-12-30
pranav2306@okhdfcbank,36780543803,HDFC0794392,Pranav Khatri,HDFC Bank,individual,dev-baa70965900f,,True,2024-02-12
gaurav2307@okhdfcbank,671378767,HDFC0297014,Gaurav Bail,HDFC Bank,individual,dev-926a52108c59,gambling_network,True,2025-10-31
nicholas2308@pnb,2521250574664968,PUNB0640864,Nicholas Rama,Punjab National Bank,individual,dev-6ece61f5d74a,,True,2024-11-12
bhavani2309@okhdfcbank,320720950,HDFC0289396,Bhavani Dube,HDFC Bank,individual,dev-0f66ba8dd976,,True,2024-11-18
chanchal2310@idfcfirst,8148139633271,IDFB0208075,Chanchal Swaminathan,IDFC First Bank,individual,dev-3de4b41f6563,,True,2024-07-07
dayita2311@idfcfirst,25866941915777,IDFB0425372,Dayita Deep,IDFC First Bank,individual,dev-7e909a2f60a4,,True,2023-08-26
gopal2312@okaxis,0466068034248868,UTIB0815167,Gopal Pillai,Axis Bank,individual,dev-ba32c10e6d20,innocent_bystander,True,2024-07-17
iyengar2313@ybl,336359504,YESB0886525,"Iyengar, Suri and Sehgal Fashion",Yes Bank,merchant,dev-aac17a7b7b59,,True,2024-09-07
vamakshi2314@idfcfirst,148722958845,IDFB0368329,Vamakshi Loyal,IDFC First Bank,individual,dev-ff9506a3632d,,True,2024-08-23
gautam2315@barodampay,83141420671551,BARB0608357,Gautam Sami,Bank of Baroda,individual,dev-5e14e542edcb,,True,2025-04-01
quincy2316@barodampay,502603339988,BARB0893515,Quincy Saraf,Bank of Baroda,individual,dev-8003082fd5e3,,True,2024-06-06
girik2317@oksbi,0450459114397236,SBIN0871549,Girik Baria,State Bank of India,individual,dev-1098b53356ce,,True,2024-01-18
ubika2318@barodampay,698281201711488,BARB0964818,Ubika Kapur,Bank of Baroda,individual,dev-e6881d0e0e01,,True,2024-10-25
warhi2319@kotak,278966130576,KKBK0015857,Warhi Vyas,Kotak Mahindra Bank,individual,dev-884a6f8e7cfb,,True,2024-10-30
bina2320@pnb,74561874564,PUNB0635025,Bina Sidhu,Punjab National Bank,individual,dev-bad6ff8e9ee4,,True,2025-11-08
buchsridhar2321@okicici,865897980059298,ICIC0140790,Buch-Sridhar Home Services,ICICI Bank,merchant,dev-cbe47b7e696b,,True,2024-10-08
manthan2322@oksbi,081016563,SBIN0320736,Manthan Datta,State Bank of India,individual,dev-8997f1abfaff,,True,2024-11-01
yuvraj2323@ybl,85161310764365,YESB0232451,Yuvraj Virk,Yes Bank,individual,dev-4bc1ff7a2105,,True,2025-07-27
chakrika2324@cnrb,20106151762,CNRB0735313,Chakrika Batta,Canara Bank,individual,dev-566bad39c174,,True,2024-03-02
chakradev2325@barodampay,949901153053,BARB0843408,Chakradev Varghese,Bank of Baroda,individual,dev-f75adac261bb,,True,2024-05-22
yashvi2326@pnb,274264757,PUNB0853275,Yashvi Sandal,Punjab National Bank,individual,dev-65274d1420d8,,True,2023-07-21
chandrashetty2327@idfcfirst,5009247822,IDFB0437443,Chandra-Shetty Grocery,IDFC First Bank,merchant,dev-29c37a56d680,,True,2024-12-05
isha2328@cnrb,480066261635371,CNRB0844036,Isha Kumar,Canara Bank,individual,dev-0b07a57ecced,,True,2025-03-11
bumb2329@ybl,23991985247234,YESB0067350,"Bumb, Thakur and Babu Electronics",Yes Bank,merchant,dev-91ff3169a770,,True,2024-04-18
turvi2330@oksbi,3463625045,SBIN0827270,Turvi Gola,State Bank of India,individual,dev-321d1d60ec63,,True,2025-10-20
maya2331@oksbi,440155532489,SBIN0052428,Maya Bath,State Bank of India,individual,dev-3912045b8ff3,,True,2024-07-23
omaja2332@okicici,703792228,ICIC0179935,Omaja Mishra,ICICI Bank,individual,dev-13d2b35d0096,,True,2026-04-29
suhani2333@kotak,286672994233,KKBK0973174,Suhani Sengupta,Kotak Mahindra Bank,individual,dev-2bd2eb49c9e8,,True,2025-04-21
harita2334@okhdfcbank,432692800914,HDFC0882117,Harita Grover,HDFC Bank,individual,dev-d6884e593704,,True,2025-05-24
goyal2335@kotak,85100282094439,KKBK0348141,Goyal Inc Electronics,Kotak Mahindra Bank,merchant,dev-afbc0ddca90b,,True,2026-02-01
hitesh2336@kotak,243314938,KKBK0689119,Hitesh Saraf,Kotak Mahindra Bank,individual,dev-a8591cccbdfb,,True,2024-02-15
abdul2337@kotak,89609434060784,KKBK0383490,Abdul Rana,Kotak Mahindra Bank,individual,dev-7b7b56ac2ce7,,True,2024-10-02
arya2338@oksbi,9816633793980,SBIN0280103,Arya and Sons Pharmacy,State Bank of India,merchant,dev-85e2e2700e06,,True,2025-10-31
sood2339@kotak,750032572424,KKBK0378090,"Sood, Sharma and Ravel Fashion",Kotak Mahindra Bank,merchant,dev-d5319d007385,,True,2024-11-23
chavvi2340@okaxis,5406970287324,UTIB0031792,Chavvi Patel,Axis Bank,individual,dev-1a00ef167b38,,True,2023-08-10
chasmum2341@cnrb,100734825209384,CNRB0867192,Chasmum Chahal,Canara Bank,individual,dev-ea27232c8ea7,,True,2023-12-03
krishna2342@okaxis,00506876261905,UTIB0486373,Krishna Atwal,Axis Bank,individual,dev-f187df1230d1,,True,2024-09-28
isaac2343@cnrb,105325716153,CNRB0109756,Isaac Babu,Canara Bank,individual,dev-c9c9decd9f04,,True,2025-07-10
avi2344@cnrb,414048348065,CNRB0343154,Avi Kadakia,Canara Bank,individual,dev-e983214202aa,,True,2025-07-16
maanav2345@kotak,42364813970946,KKBK0016709,Maanav Khurana,Kotak Mahindra Bank,individual,dev-093e0d2a19c4,,True,2024-05-24
rayaan2346@okicici,629477852,ICIC0518290,Rayaan Chadha,ICICI Bank,individual,dev-c974f86cc01f,,True,2024-01-28
ubika2347@idfcfirst,8140214669,IDFB0121702,Ubika Divan,IDFC First Bank,individual,dev-ca8a81664167,gambling_network,True,2023-11-11
pahal2348@pnb,7380321581888,PUNB0006113,Pahal Bains,Punjab National Bank,individual,dev-dce940fd08b1,,True,2025-03-24
ojas2349@pnb,088593166,PUNB0915017,Ojas Dua,Punjab National Bank,individual,dev-aeda6b39ff59,,True,2024-07-25
vedhika2350@okhdfcbank,5306498034373,HDFC0152868,Vedhika Sinha,HDFC Bank,individual,dev-8d16dd5c098f,innocent_bystander,True,2026-01-15
shivani2351@kotak,9871013429766,KKBK0616269,Shivani Kibe,Kotak Mahindra Bank,individual,dev-487cc1e150f7,,True,2023-11-07
chaitaly2352@pnb,81632227099983,PUNB0404011,Chaitaly Ramanathan,Punjab National Bank,individual,dev-a5177220d6b0,,True,2024-10-26
nath2353@cnrb,1081343432381942,CNRB0444848,Nath Inc Electronics,Canara Bank,merchant,dev-dfc15beeada5,,True,2025-10-15
sankaran2354@ybl,7225706840018419,YESB0829694,Sankaran Group Fuel,Yes Bank,merchant,dev-faec9e253a6b,,True,2026-01-16
bina2355@ybl,1117147911,YESB0064581,Bina Bansal,Yes Bank,individual,dev-cbf6b91c5ece,,True,2026-06-05
mugdha2356@kotak,635398781647,KKBK0000556,Mugdha Sunder,Kotak Mahindra Bank,individual,dev-f89c10308bf8,,True,2025-09-17
vincent2357@oksbi,88896616888128,SBIN0940163,Vincent Bhat,State Bank of India,individual,dev-fc57b086c1ef,gambling_network,True,2026-02-21
pahal2358@cnrb,808214595149,CNRB0714709,Pahal Mutti,Canara Bank,individual,dev-99bfbe378145,,True,2024-07-19
amrita2359@okhdfcbank,469789683,HDFC0715115,Amrita Sahni,HDFC Bank,individual,dev-68c2f5a0b0b8,,True,2026-03-16
dadatalwar2360@barodampay,9472143751440598,BARB0904039,Dada-Talwar Food & Dining,Bank of Baroda,merchant,dev-f09ed7e42f86,,True,2024-08-21
saumya2361@okaxis,0416288861,UTIB0983030,Saumya Sarin,Axis Bank,individual,dev-524ddd10b2af,,True,2025-08-31
neel2362@okhdfcbank,231054825,HDFC0313977,Neel Mani,HDFC Bank,individual,dev-1090c809dc55,innocent_bystander,True,2023-11-16
upasna2363@cnrb,1480429622500,CNRB0674264,Upasna Padmanabhan,Canara Bank,individual,dev-e87f65cd6f9c,,True,2024-11-11
vincent2364@okicici,50734395653570,ICIC0150766,Vincent Tripathi,ICICI Bank,individual,dev-5fe0222a34bf,,True,2025-01-10
harinakshi2365@pnb,72353901868018,PUNB0812612,Harinakshi Sidhu,Punjab National Bank,individual,dev-f59168d3564d,,True,2025-06-01
chaaya2366@pnb,579639368,PUNB0530394,Chaaya Ramakrishnan,Punjab National Bank,individual,dev-8284efb55de9,,True,2023-07-21
jagvi2367@barodampay,714198039,BARB0489424,Jagvi Sodhi,Bank of Baroda,individual,dev-de4f1dd8c8b3,,True,2023-10-14
johal2368@cnrb,473357001324363,CNRB0836220,Johal LLC Grocery,Canara Bank,merchant,dev-de0e474fae7f,,True,2024-06-10
vasudha2369@oksbi,04017385684,SBIN0319840,Vasudha Dayal,State Bank of India,individual,dev-7f92e1c4fb31,,True,2025-12-04
ryan2370@okicici,3950893253632264,ICIC0015289,Ryan Dugar,ICICI Bank,individual,dev-abc169817598,,True,2023-10-20
harrison2371@okhdfcbank,37072652457400,HDFC0664566,Harrison Sagar,HDFC Bank,individual,dev-17bffce4b9ae,innocent_bystander,True,2026-01-20
mitterkeer2372@oksbi,99830305631502,SBIN0967762,Mitter-Keer Food & Dining,State Bank of India,merchant,dev-d4c907ea5347,,False,2025-09-23
champak2373@cnrb,043720920872,CNRB0478027,Champak Badami,Canara Bank,individual,dev-325635b0137b,,True,2024-01-05
advika2374@ybl,2496478480,YESB0310852,Advika Parikh,Yes Bank,individual,dev-9dfb7b2bb3db,,True,2026-05-23
owen2375@kotak,588810400113389,KKBK0170227,Owen Thakur,Kotak Mahindra Bank,individual,dev-16db5161f4b2,,True,2025-01-11
devansh2376@okicici,437183519678,ICIC0995611,Devansh Nazareth,ICICI Bank,individual,dev-84ba16410756,innocent_bystander,True,2023-10-07
ishaan2377@okicici,56674349179065,ICIC0334326,Ishaan Karan,ICICI Bank,individual,dev-266c3b18c64f,,True,2024-12-17
udarsh2378@pnb,563273040569,PUNB0606851,Udarsh Sur,Punjab National Bank,individual,dev-e851165a5449,,True,2024-11-13
harini2379@pnb,38345265110,PUNB0582045,Harini Pant,Punjab National Bank,individual,dev-6f8901cde10d,innocent_bystander,True,2025-12-15
amara2380@okaxis,9483862113,UTIB0043971,Amara Dora,Axis Bank,individual,dev-0bfe6a8c9245,gambling_network,True,2026-03-14
chandresh2381@barodampay,594661067560,BARB0170049,Chandresh Sarma,Bank of Baroda,individual,dev-eebdd8bc7b07,,True,2026-02-05
indrajit2382@oksbi,8311354882940873,SBIN0877521,Indrajit Cherian,State Bank of India,individual,dev-c512dfe7945a,,True,2026-01-19
benjamin2383@barodampay,30539845699,BARB0418240,Benjamin Tripathi,Bank of Baroda,individual,dev-21a8045e8385,gambling_network,True,2025-01-13
oliver2384@okicici,9255280547,ICIC0197223,Oliver Dalal,ICICI Bank,individual,dev-457622f5e703,,True,2025-09-30
pathak2385@cnrb,5698321582947,CNRB0298208,Pathak and Sons Utilities,Canara Bank,merchant,dev-5ca86d231009,,True,2024-11-19
riya2386@pnb,42197251888414,PUNB0510408,Riya Toor,Punjab National Bank,individual,dev-b8a59851e3f4,,True,2023-12-29
hardik2387@oksbi,1877249914,SBIN0606093,Hardik Dube,State Bank of India,individual,dev-62998718ad8a,,True,2025-05-08
gaurika2388@pnb,5251132105070616,PUNB0142623,Gaurika Devi,Punjab National Bank,individual,dev-0ee8836f6e28,,True,2026-07-06
saksham2389@okhdfcbank,33218452077,HDFC0047067,Saksham Sarna,HDFC Bank,individual,dev-4390e4e225fb,,True,2023-11-28
ahujakorpal2390@pnb,5748337506288489,PUNB0729449,Ahuja-Korpal Electronics,Punjab National Bank,merchant,dev-d6426c9b39d4,,True,2026-04-08
harita2391@ybl,5207101233,YESB0197433,Harita Mangat,Yes Bank,individual,dev-9fd928c8165e,,True,2024-08-20
frederick2392@okicici,0626514508901146,ICIC0241519,Frederick Lata,ICICI Bank,individual,dev-ef07d6d82f5e,,True,2025-03-14
oeshi2393@okaxis,142579429019,UTIB0886419,Oeshi Patel,Axis Bank,individual,dev-2bfe508f1faf,,True,2024-07-22
max2394@idfcfirst,810428893919,IDFB0246078,Max Wagle,IDFC First Bank,individual,dev-c6e5dd043dce,,True,2024-08-27
vedant2395@pnb,0883558295031844,PUNB0350162,Vedant Devi,Punjab National Bank,individual,dev-c6554db359bd,,True,2023-12-21
odika2396@ybl,911674121115535,YESB0667943,Odika Rout,Yes Bank,individual,dev-e731f6186368,,False,2024-06-12
zaitra2397@ybl,2937448968,YESB0145998,Zaitra Pathak,Yes Bank,individual,dev-a63097e6c364,,True,2024-01-09
saanvi2398@oksbi,7275350871044780,SBIN0244282,Saanvi Dhingra,State Bank of India,individual,dev-cd741896bdf7,,True,2024-03-12
zansi2399@kotak,45453123344232,KKBK0585538,Zansi Boase,Kotak Mahindra Bank,individual,dev-4639e5793b78,,True,2024-12-05
hamsini2400@kotak,74508795229060,KKBK0739113,Hamsini Murty,Kotak Mahindra Bank,individual,dev-46e7c994a4a7,,True,2025-09-29
nitesh2401@kotak,002974738374,KKBK0674745,Nitesh Saraf,Kotak Mahindra Bank,individual,dev-66e7bc2f0b35,,True,2023-08-10
maya2402@pnb,7559586074,PUNB0546101,Maya Bansal,Punjab National Bank,individual,dev-48087e4df3c2,innocent_bystander,True,2026-02-22
dalbir2403@cnrb,1915895479022801,CNRB0003382,Dalbir Venkatesh,Canara Bank,individual,dev-ba79f4f3213a,,True,2024-02-25
sainiratti2404@kotak,0895839586958,KKBK0932785,Saini-Ratti Home Services,Kotak Mahindra Bank,merchant,dev-c2fe92c2b705,,True,2024-05-28
dipta2405@cnrb,7553694111,CNRB0407110,Dipta Padmanabhan,Canara Bank,individual,dev-565c0e01bd73,,True,2025-06-14
ati2406@oksbi,433550194967386,SBIN0751796,Ati Wable,State Bank of India,individual,dev-440f03448299,,True,2026-05-09
din2407@okaxis,163145626769,UTIB0940410,"Din, Raval and Sehgal Food & Dining",Axis Bank,merchant,dev-9169c97ec28d,,True,2024-05-11
riya2408@pnb,9999005786395,PUNB0681528,Riya Pai,Punjab National Bank,individual,dev-7764a641a493,,True,2023-12-04
rudra2409@okhdfcbank,351066375,HDFC0414629,Rudra Mitra,HDFC Bank,individual,dev-59897811f526,account_takeover,True,2026-04-09
balhaar2410@okhdfcbank,2969204884,HDFC0269666,Balhaar Yogi,HDFC Bank,individual,dev-ec2e0d0ccbeb,,False,2025-12-18
madhavi2411@okaxis,03738575742840,UTIB0385952,Madhavi Date,Axis Bank,individual,dev-257c3169f8ab,,True,2024-08-09
tanay2412@barodampay,704448544622,BARB0521045,Tanay Chander,Bank of Baroda,individual,dev-af12b5513c06,,True,2024-12-22
harini2413@cnrb,227567229163198,CNRB0222024,Harini Dutta,Canara Bank,individual,dev-d89ef2c03fa2,,True,2024-03-11
ayaan2414@pnb,883846201,PUNB0333122,Ayaan Zacharia,Punjab National Bank,individual,dev-3a740d8cc82d,,True,2024-08-11
wyatt2415@ybl,29328946625088,YESB0156123,Wyatt Modi,Yes Bank,individual,dev-04bfd09ba5d7,,True,2023-09-24
yashasvi2416@okaxis,73333308241,UTIB0536478,Yashasvi Choudhry,Axis Bank,individual,dev-ebcbc344bff5,innocent_bystander,True,2026-04-23
kashish2417@okicici,243713702726443,ICIC0898690,Kashish Lad,ICICI Bank,individual,dev-6d298ab8db91,,True,2025-06-28
tripathi2418@kotak,0785924966453605,KKBK0929834,"Tripathi, Pandya and Dasgupta Home Services",Kotak Mahindra Bank,merchant,dev-4449f20ecf5a,,False,2024-12-27
jeet2419@barodampay,5980038768,BARB0182257,Jeet Sen,Bank of Baroda,individual,dev-89f572bc8468,innocent_bystander,True,2026-03-06
abdul2420@idfcfirst,040766776617,IDFB0487001,Abdul Setty,IDFC First Bank,individual,dev-aaedd927fa3f,,True,2024-04-13
keerwalla2421@okaxis,08621657291,UTIB0178344,Keer-Walla Electronics,Axis Bank,merchant,dev-0fb428bc9e49,,True,2026-04-11
inaya2422@okaxis,2027252998750,UTIB0043059,Inaya Mistry,Axis Bank,individual,dev-f8f78571dbbc,gambling_network,True,2025-09-10
logan2423@pnb,80720060595,PUNB0334348,Logan Purohit,Punjab National Bank,individual,dev-c3a7ace30525,innocent_bystander,False,2025-04-10
henry2424@okicici,4647285060891530,ICIC0677670,Henry Narang,ICICI Bank,individual,dev-60f2dc0672de,,True,2023-10-05
jalsa2425@ybl,60384221832,YESB0063727,Jalsa Sha,Yes Bank,individual,dev-0d4ab6e31a3b,,True,2024-10-07
manan2426@okhdfcbank,3650571483,HDFC0090216,Manan Sandal,HDFC Bank,individual,dev-9df9e0ec6f5a,innocent_bystander,True,2025-07-18
finn2427@okicici,4133146469172033,ICIC0990039,Finn Chanda,ICICI Bank,individual,dev-1a732a58e859,,True,2023-10-09
pavani2428@kotak,9073596496103,KKBK0718070,Pavani De,Kotak Mahindra Bank,individual,dev-98bac76b45c3,,True,2024-11-26
kalasehgal2429@idfcfirst,66398675458,IDFB0016277,Kala-Sehgal Fashion,IDFC First Bank,merchant,dev-8a43cf19f53c,,True,2024-11-05
kala2430@pnb,556662610,PUNB0977915,Kala Vora,Punjab National Bank,individual,dev-164fbf2d71b0,gambling_network,True,2024-12-02
zilmil2431@okhdfcbank,81947379420,HDFC0925690,Zilmil Rana,HDFC Bank,individual,dev-0f5ec0ff5951,,True,2025-06-05
wishi2432@oksbi,863012701941895,SBIN0112712,Wishi Sampath,State Bank of India,individual,dev-ec4ba9a0b920,,True,2026-05-14
vrishti2433@okhdfcbank,7524986322395,HDFC0390867,Vrishti Saha,HDFC Bank,individual,dev-9965bfe15418,,True,2025-06-10
maanas2434@cnrb,681163605,CNRB0023132,Maanas Tiwari,Canara Bank,individual,dev-7cb28cf32680,,True,2026-07-05
vedhika2435@barodampay,816410201575,BARB0725100,Vedhika Shankar,Bank of Baroda,individual,dev-a318f6125bc5,,True,2026-03-29
yochana2436@kotak,5060621042488,KKBK0750471,Yochana Wadhwa,Kotak Mahindra Bank,individual,dev-83d6fd776dd2,,True,2025-06-06
simon2437@kotak,9678782311592,KKBK0713039,Simon Shah,Kotak Mahindra Bank,individual,dev-75dfe81393f9,,True,2025-11-27
bachittar2438@kotak,42091312039296,KKBK0891749,Bachittar Dugar,Kotak Mahindra Bank,individual,dev-904fd69efa4b,,True,2023-11-28
jagat2439@oksbi,854373513,SBIN0028023,Jagat Rege,State Bank of India,individual,dev-c4efea4831c8,innocent_bystander,True,2024-02-18
jai2440@cnrb,8496143934695,CNRB0847688,Jai Pingle,Canara Bank,individual,dev-ab1cf51dcad0,,True,2025-01-08
banjeet2441@oksbi,242003751452,SBIN0137923,Banjeet Virk,State Bank of India,individual,dev-0ceab33fe334,,True,2025-02-19
jacob2442@barodampay,04461534050,BARB0853210,Jacob Prabhu,Bank of Baroda,individual,dev-31f57ab62fdd,,True,2024-08-10
kavya2443@barodampay,64023834515282,BARB0304461,Kavya Mitter,Bank of Baroda,individual,dev-e40b3567cdfc,,True,2025-07-08
vedika2444@pnb,93763927919,PUNB0890038,Vedika Bala,Punjab National Bank,individual,dev-b5ab3961e6ac,,True,2025-05-08
lucky2445@okhdfcbank,4125754697113279,HDFC0572281,Lucky Sama,HDFC Bank,individual,dev-e59fe9e37f1d,,True,2025-09-06
dalaja2446@pnb,615678604209123,PUNB0465569,Dalaja Mander,Punjab National Bank,individual,dev-19f3f399e193,,True,2025-04-09
qadim2447@cnrb,24463494599521,CNRB0859923,Qadim Suresh,Canara Bank,individual,dev-da8115868a6a,,True,2023-09-08
jason2448@idfcfirst,9370600337896164,IDFB0529231,Jason Palla,IDFC First Bank,individual,dev-58177180371d,,True,2024-01-19
chaitanya2449@okaxis,367049899065,UTIB0477284,Chaitanya Sahni,Axis Bank,individual,dev-72c621cc7f9d,,True,2025-12-25
dayita2450@kotak,5143081776,KKBK0840291,Dayita Sethi,Kotak Mahindra Bank,individual,dev-0dcd271d1d18,,True,2025-12-22
krishna2451@ybl,9563057486,YESB0506323,Krishna Soman,Yes Bank,individual,dev-60763c8bdaa0,,True,2024-02-22
deo2452@ybl,53200121587,YESB0307005,"Deo, Devi and Thaman Pharmacy",Yes Bank,merchant,dev-5ea43a705228,,True,2024-02-08
shivani2453@idfcfirst,81797775659,IDFB0362470,Shivani Sen,IDFC First Bank,individual,dev-edfdd6c6c0f6,,True,2023-08-18
eshana2454@pnb,387157600590,PUNB0165685,Eshana Chakraborty,Punjab National Bank,individual,dev-b06b4b309483,,True,2023-12-11
lila2455@oksbi,040019277859477,SBIN0543489,Lila Kaul,State Bank of India,individual,dev-dd6f3151a334,account_takeover,True,2025-01-27
harinakshi2456@oksbi,186777453925,SBIN0211048,Harinakshi Zachariah,State Bank of India,individual,dev-718d5e5fc2dc,,True,2024-01-11
saanvi2457@okhdfcbank,236331947653341,HDFC0537072,Saanvi Mall,HDFC Bank,individual,dev-c197431754f4,,True,2023-07-23
noah2458@cnrb,094764724,CNRB0378659,Noah Bakshi,Canara Bank,individual,dev-c14f6592a469,innocent_bystander,True,2025-12-13
jatin2459@cnrb,14680183068980,CNRB0134895,Jatin Chada,Canara Bank,individual,dev-ea8fd8de7c82,,True,2025-12-07
chatresh2460@okicici,290955649162066,ICIC0127341,Chatresh Vig,ICICI Bank,individual,dev-d6880fbab2d9,,True,2024-12-02
soni2461@barodampay,459238943,BARB0713964,Soni PLC Food & Dining,Bank of Baroda,merchant,dev-fa566bc08bbf,,True,2024-08-26
dara2462@okaxis,26739052870375,UTIB0489788,Dara Ltd Home Services,Axis Bank,merchant,dev-a26df422d981,,True,2024-03-18
anirudh2463@oksbi,817062281578235,SBIN0590443,Anirudh Maharaj,State Bank of India,individual,dev-3b2adf295e69,,True,2024-10-25
yatan2464@okicici,9428719251461279,ICIC0911491,Yatan Sawhney,ICICI Bank,individual,dev-cdc67bc0f928,,True,2024-04-04
ekani2465@cnrb,22236149982,CNRB0146301,Ekani Ratti,Canara Bank,individual,dev-bb02c7e06a55,,True,2024-08-25
vyanjana2466@kotak,704434469698725,KKBK0111928,Vyanjana Bajaj,Kotak Mahindra Bank,individual,dev-f7ff81ece198,,True,2024-03-28
rajeshri2467@pnb,55360071702929,PUNB0271488,Rajeshri Gole,Punjab National Bank,individual,dev-d643d4a274a1,,True,2024-03-13
arjun2468@ybl,334478869844,YESB0460143,Arjun Wable,Yes Bank,individual,dev-6ec3ff05c94c,,True,2024-09-01
lavanya2469@okaxis,256428330,UTIB0351938,Lavanya Kurian,Axis Bank,individual,dev-d46d493869f7,,True,2024-08-18
ishwar2470@okhdfcbank,2848768687678,HDFC0224901,Ishwar Chaudhary,HDFC Bank,individual,dev-015969e0373f,,True,2025-04-09
bhavika2471@barodampay,185776818327909,BARB0342589,Bhavika Dhawan,Bank of Baroda,individual,dev-403a14f833b3,innocent_bystander,True,2025-07-02
kumer2472@barodampay,559768497956496,BARB0158523,Kumer Inc Electronics,Bank of Baroda,merchant,dev-ac5e0583178c,,True,2024-04-21
damyanti2473@barodampay,495458461004,BARB0718446,Damyanti Reddy,Bank of Baroda,individual,dev-59a6e53500c9,,True,2024-08-08
daniel2474@okhdfcbank,84333859271209,HDFC0298343,Daniel Nanda,HDFC Bank,individual,dev-26dbb2d10fae,gambling_network,True,2025-02-03
avi2475@okhdfcbank,52728436656286,HDFC0212978,Avi Bhardwaj,HDFC Bank,individual,dev-8db7b8fff1e2,,True,2025-07-27
madhavi2476@okhdfcbank,3923837096,HDFC0750289,Madhavi Chaudhary,HDFC Bank,individual,dev-2fadcb061f94,,True,2024-04-09
lucky2477@kotak,8758714966151622,KKBK0573604,Lucky Sachar,Kotak Mahindra Bank,individual,dev-995381062c02,innocent_bystander,True,2024-03-06
aarna2478@kotak,514902297170,KKBK0798119,Aarna Prashad,Kotak Mahindra Bank,individual,dev-d480663983ef,,True,2024-01-30
charles2479@kotak,7623466769850,KKBK0366750,Charles Jain,Kotak Mahindra Bank,individual,dev-86b4af20c16e,,True,2025-12-12
warjas2480@pnb,929803947907,PUNB0913463,Warjas Tailor,Punjab National Bank,individual,dev-b05ade9308c2,,True,2023-08-18
ishwar2481@ybl,7854386789841549,YESB0038739,Ishwar Luthra,Yes Bank,individual,dev-f6fb2adbabfe,,True,2024-07-15
eesha2482@barodampay,7129090451,BARB0888868,Eesha Shetty,Bank of Baroda,individual,dev-2e110cf5d6ac,,True,2025-05-24
ray2483@cnrb,79965460425945,CNRB0402754,"Ray, Bhatti and Sule Fuel",Canara Bank,merchant,dev-e2b2b957e67b,,True,2024-10-05
nikita2484@okicici,144851816211,ICIC0944136,Nikita Kaur,ICICI Bank,individual,dev-ceab0bfaa9f2,,True,2023-10-15
amruta2485@ybl,2173400954671,YESB0920826,Amruta Chaudhuri,Yes Bank,individual,dev-3c8ad4a7db48,,True,2024-01-22
jeremiah2486@okicici,0106617811733,ICIC0588409,Jeremiah Modi,ICICI Bank,individual,dev-71277611976e,,True,2025-07-21
sanaya2487@okaxis,546393142491,UTIB0042577,Sanaya Chacko,Axis Bank,individual,dev-7d8d484a164c,,True,2024-09-30
lucky2488@okhdfcbank,63111047417183,HDFC0001314,Lucky Prakash,HDFC Bank,individual,dev-9180f24a932a,,True,2026-05-01
yatan2489@idfcfirst,6414809101,IDFB0250249,Yatan Yogi,IDFC First Bank,individual,dev-fb030d5af058,,True,2024-11-30
siya2490@pnb,305632497951015,PUNB0210413,Siya Barman,Punjab National Bank,individual,dev-5ad23751b008,,True,2026-06-12
ucchal2491@ybl,188266042047508,YESB0070410,Ucchal Mann,Yes Bank,individual,dev-3a1c106330ca,,True,2024-05-27
aadi2492@idfcfirst,6964565092651809,IDFB0921793,Aadi Bhasin,IDFC First Bank,individual,dev-d8be559405b1,innocent_bystander,True,2024-04-13
anjali2493@ybl,944765987,YESB0956450,Anjali Krishna,Yes Bank,individual,dev-14cb5d0c4973,,True,2026-03-07
indali2494@cnrb,988371324888909,CNRB0877598,Indali Kala,Canara Bank,individual,dev-fe8d03bc7d75,,True,2025-06-01
chakradev2495@cnrb,20898471666,CNRB0692035,Chakradev Edwin,Canara Bank,individual,dev-9cbbb3e3cbdc,,True,2024-01-16
charita2496@barodampay,927206702,BARB0304474,Charita Chakraborty,Bank of Baroda,individual,dev-9d324cf6d0fc,,True,2023-10-14
jason2497@oksbi,571308945187151,SBIN0593411,Jason Dey,State Bank of India,individual,dev-ce1123a80d47,,True,2024-04-18
mammen2498@kotak,726233946296,KKBK0105787,"Mammen, Sankaran and Kade Pharmacy",Kotak Mahindra Bank,merchant,dev-be79e4544f34,,True,2024-05-25
hema2499@kotak,67251322544831,KKBK0791165,Hema Lal,Kotak Mahindra Bank,individual,dev-c9912437dbf2,,True,2026-01-27
anjali2500@barodampay,677753237,BARB0014377,Anjali Korpal,Bank of Baroda,individual,dev-159b3e258662,innocent_bystander,True,2024-09-23
harita2501@okhdfcbank,28427488795,HDFC0547252,Harita Kade,HDFC Bank,individual,dev-e1d08e00527a,account_takeover,True,2024-05-15
falguni2502@okhdfcbank,24373079280,HDFC0334966,Falguni Babu,HDFC Bank,individual,dev-917d0103aed2,innocent_bystander,True,2025-11-01
aarnav2503@barodampay,906869268059487,BARB0269594,Aarnav Soni,Bank of Baroda,individual,dev-d6cd345f9514,,True,2024-09-19
aditya2504@kotak,1332959175735361,KKBK0660003,Aditya Ghose,Kotak Mahindra Bank,individual,dev-fd68d37eb22f,,True,2025-07-08
vrinda2505@oksbi,6728686802531795,SBIN0608454,Vrinda Ramaswamy,State Bank of India,individual,dev-6833fd9be634,,True,2026-05-04
faras2506@barodampay,58168270139347,BARB0798306,Faras Yohannan,Bank of Baroda,individual,dev-5455e6ab5e1a,account_takeover,True,2025-12-01
sai2507@ybl,7034349097969,YESB0073802,Sai Dasgupta,Yes Bank,individual,dev-6ffee9b7e81a,innocent_bystander,True,2025-08-06
krisha2508@oksbi,76392343391540,SBIN0201430,Krisha Parmar,State Bank of India,individual,dev-b5d3c945f454,,True,2025-05-28
peter2509@okaxis,885376768,UTIB0967358,Peter Anand,Axis Bank,individual,dev-2c5679c0a9d6,,True,2026-02-06
turvi2510@idfcfirst,812560519346,IDFB0156729,Turvi Prabhakar,IDFC First Bank,individual,dev-237e612a9e9a,,True,2025-02-28
sai2511@pnb,79380320653828,PUNB0635797,Sai Andra,Punjab National Bank,individual,dev-4f4cc6e5b7e0,,True,2024-09-27
anmol2512@idfcfirst,928064572,IDFB0004251,Anmol Mand,IDFC First Bank,individual,dev-15fb8b384f74,,True,2023-08-24
rehaan2513@oksbi,847804698,SBIN0216947,Rehaan Chana,State Bank of India,individual,dev-80826345ea09,,True,2023-08-09
timothy2514@barodampay,2827423780926228,BARB0700958,Timothy Kaur,Bank of Baroda,individual,dev-a2d556eaf847,,True,2024-07-12
janani2515@okicici,43042325373653,ICIC0823509,Janani Bansal,ICICI Bank,individual,dev-ed6b94bcb195,,True,2024-03-26
tailorkadakia2516@pnb,356357395778657,PUNB0466584,Tailor-Kadakia Food & Dining,Punjab National Bank,merchant,dev-7945fad90cb0,,True,2024-10-02
rohan2517@cnrb,59720211596,CNRB0426935,Rohan Randhawa,Canara Bank,individual,dev-8abf8a3f2668,innocent_bystander,True,2025-09-28
arunima2518@kotak,1299679240,KKBK0525657,Arunima Tella,Kotak Mahindra Bank,individual,dev-611303ed22fa,,True,2023-09-24
onkar2519@kotak,082664462,KKBK0179711,Onkar Hari,Kotak Mahindra Bank,individual,dev-92e39bfc6493,,True,2023-11-04
gill2520@okhdfcbank,8456260998275903,HDFC0097204,"Gill, Bhattacharyya and Dave Fuel",HDFC Bank,merchant,dev-892231f2b33a,,True,2023-09-16
joshua2521@okhdfcbank,1741442208,HDFC0010662,Joshua Lad,HDFC Bank,individual,dev-9dd00f8283e7,,True,2024-09-24
kari2522@okaxis,512463496030,UTIB0875207,"Kari, Virk and Mahal Fuel",Axis Bank,merchant,dev-f36314d3e2e5,,True,2023-09-30
arin2523@okicici,6092429793552,ICIC0931903,Arin Walia,ICICI Bank,individual,dev-e3383edd37cd,,True,2024-01-29
sudiksha2524@ybl,937260015955685,YESB0737890,Sudiksha Agate,Yes Bank,individual,dev-c8b8d1681fa5,gambling_network,True,2025-08-21
charles2525@kotak,748465878129176,KKBK0349028,Charles Naidu,Kotak Mahindra Bank,individual,dev-5888b6098e42,account_takeover,True,2024-08-29
raymahal2526@okaxis,769875361,UTIB0880998,Ray-Mahal Grocery,Axis Bank,merchant,dev-102995e2ce69,,True,2025-06-14
zarna2527@cnrb,8251262546,CNRB0257888,Zarna Shukla,Canara Bank,individual,dev-c6e61a7c2cae,,True,2026-05-08
janaki2528@kotak,5497474848256,KKBK0527386,Janaki Varughese,Kotak Mahindra Bank,individual,dev-2b76ee72e320,,True,2026-03-10
kapur2529@idfcfirst,95563560452435,IDFB0286354,Kapur Inc Utilities,IDFC First Bank,merchant,dev-899ae7e56544,,True,2024-08-04
osha2530@okhdfcbank,3344333444264278,HDFC0394297,Osha Walia,HDFC Bank,individual,dev-617cc6853536,,True,2025-05-27
diya2531@kotak,923139565,KKBK0334138,Diya Ahluwalia,Kotak Mahindra Bank,individual,dev-48bb95c963ff,,False,2025-05-06
robert2532@cnrb,63892762832719,CNRB0384564,Robert Natt,Canara Bank,individual,dev-4e1b947d726e,,True,2023-11-26
aryan2533@ybl,01071231801202,YESB0186255,Aryan Kara,Yes Bank,individual,dev-ed5856571986,,True,2025-02-02
falan2534@idfcfirst,4866087335,IDFB0758564,Falan Krish,IDFC First Bank,individual,dev-94ad90803394,,True,2026-05-13
nitesh2535@okicici,162774390268,ICIC0459078,Nitesh Narayan,ICICI Bank,individual,dev-2c94a1b804f6,,True,2024-12-06
dev2536@idfcfirst,183547445240,IDFB0058531,Dev Chatterjee,IDFC First Bank,individual,dev-663c59a7f131,,True,2025-09-21
varsha2537@barodampay,20017607799,BARB0083916,Varsha Sankaran,Bank of Baroda,individual,dev-2e96fc850606,,True,2025-11-21
gaurika2538@idfcfirst,622621130075,IDFB0145958,Gaurika Krishna,IDFC First Bank,individual,dev-75515b411839,,True,2025-09-19
hritik2539@kotak,451039556529,KKBK0227296,Hritik Solanki,Kotak Mahindra Bank,individual,dev-e38bdca3a40a,,True,2024-06-08
harini2540@oksbi,18812068247,SBIN0442493,Harini Bhagat,State Bank of India,individual,dev-d809e1c0e2ea,,True,2025-03-18
zinal2541@cnrb,6435669106112,CNRB0724835,Zinal Khalsa,Canara Bank,individual,dev-e9b8031056cf,,True,2023-11-11
sarna2542@okicici,2134210712,ICIC0762200,Sarna Inc Pharmacy,ICICI Bank,merchant,dev-7543149872de,,True,2024-11-28
sekhon2543@okhdfcbank,944965292385796,HDFC0162641,"Sekhon, Dash and Chada Grocery",HDFC Bank,merchant,dev-f00d97c0bc4f,,True,2025-03-11
bahadurjit2544@okhdfcbank,428539306466632,HDFC0317916,Bahadurjit Purohit,HDFC Bank,individual,dev-772710f73441,,True,2026-06-30
dhruv2545@ybl,260443652841,YESB0684394,Dhruv Datta,Yes Bank,individual,dev-4db48d642570,innocent_bystander,True,2026-05-21
riya2546@okaxis,99938609553,UTIB0853033,Riya Bhakta,Axis Bank,individual,dev-7a7ad9187ccc,,True,2026-07-02
rachana2547@pnb,890728412970985,PUNB0029650,Rachana Bhatti,Punjab National Bank,individual,dev-4064556f79cf,,True,2025-12-29
daksh2548@okhdfcbank,772697469678333,HDFC0368916,Daksh Ben,HDFC Bank,individual,dev-9677f2adba6d,innocent_bystander,True,2026-03-28
lakshmi2549@idfcfirst,2596528702874518,IDFB0631150,Lakshmi Ratti,IDFC First Bank,individual,dev-c345f582ee1f,gambling_network,True,2023-08-21
nirja2550@pnb,080412328532,PUNB0497666,Nirja Kaul,Punjab National Bank,individual,dev-3535ab56857e,gambling_network,True,2023-09-13
sudiksha2551@okicici,0503699528351,ICIC0370613,Sudiksha Rajagopalan,ICICI Bank,individual,dev-311bcd7aa309,gambling_network,True,2023-11-25
priya2552@oksbi,46710322963611,SBIN0098382,Priya Chaudhuri,State Bank of India,individual,dev-4c21256ddde3,,True,2025-04-04
atharv2553@pnb,112648194584,PUNB0163657,Atharv Setty,Punjab National Bank,individual,dev-1162963d7704,,True,2026-06-01
reyansh2554@okaxis,3051134984,UTIB0585239,Reyansh Chokshi,Axis Bank,individual,dev-479f22c51fc2,,True,2026-02-13
advik2555@okaxis,159351176,UTIB0189541,Advik Bir,Axis Bank,individual,dev-9e891b804b7e,,True,2023-09-28
jonathan2556@oksbi,618054618,SBIN0570147,Jonathan Upadhyay,State Bank of India,individual,dev-269aa842ecd9,,True,2025-05-10
isha2557@ybl,2182161984,YESB0183359,Isha Sama,Yes Bank,individual,dev-be86df2348d3,,True,2024-07-15
sai2558@pnb,200873123,PUNB0776645,Sai Grewal,Punjab National Bank,individual,dev-89643b986c4b,,True,2023-10-01
laksh2559@oksbi,070394728320,SBIN0306545,Laksh Basu,State Bank of India,individual,dev-e1038394b000,,True,2026-02-16
datta2560@okhdfcbank,456969983,HDFC0043413,Datta LLC Grocery,HDFC Bank,merchant,dev-fd9f310f4ee1,,True,2023-09-20
sarin2561@ybl,375029995,YESB0430483,"Sarin, Varghese and Parmar Fashion",Yes Bank,merchant,dev-0c1c2fc0e5de,,True,2023-10-16
madhav2562@okhdfcbank,426418363,HDFC0754499,Madhav Din,HDFC Bank,individual,dev-b2cf3748eed8,,True,2023-08-21
dayamai2563@barodampay,08068708080,BARB0490935,Dayamai Oza,Bank of Baroda,individual,dev-9af259e14a0f,,True,2023-09-30
jyoti2564@oksbi,38773837736,SBIN0185845,Jyoti Anand,State Bank of India,individual,dev-df9f5062c6a0,,True,2024-11-29
dakshesh2565@ybl,254494201521,YESB0351503,Dakshesh Khanna,Yes Bank,individual,dev-d73a8c3d47b7,account_takeover,True,2023-08-28
pahal2566@okhdfcbank,249153169555127,HDFC0585901,Pahal Padmanabhan,HDFC Bank,individual,dev-1dabd93bb5cc,,True,2025-09-07
sai2567@okhdfcbank,73823524108,HDFC0245314,Sai Jaggi,HDFC Bank,individual,dev-872e251a8a5a,,True,2023-12-25
harita2568@okicici,046832666,ICIC0170015,Harita Gulati,ICICI Bank,individual,dev-afb0710b0c2d,,True,2024-03-12
unni2569@kotak,4267009205399,KKBK0009531,Unni Narula,Kotak Mahindra Bank,individual,dev-075e0731e779,,False,2025-10-15
chandani2570@idfcfirst,98681799246062,IDFB0849725,Chandani Sahota,IDFC First Bank,individual,dev-b7fe229db823,,True,2024-10-10
nicholas2571@oksbi,27286910823,SBIN0268113,Nicholas Cheema,State Bank of India,individual,dev-da2ccd6b7761,,True,2024-11-06
brijesh2572@barodampay,078926557,BARB0379219,Brijesh Tandon,Bank of Baroda,individual,dev-78585c46f497,innocent_bystander,True,2024-08-20
aggarwal2573@pnb,2288123707080,PUNB0839529,Aggarwal Ltd Grocery,Punjab National Bank,merchant,dev-f96a97f1da7e,,True,2024-12-13
victor2574@oksbi,6919571162,SBIN0376830,Victor Shukla,State Bank of India,individual,dev-357c4a9f1fea,,True,2026-02-11
william2575@okhdfcbank,1172523660852,HDFC0112793,William Srivastava,HDFC Bank,individual,dev-0603557ce175,,True,2026-04-07
keya2576@oksbi,6207579856613,SBIN0091334,Keya Jha,State Bank of India,individual,dev-a135515ed5e3,,True,2024-04-03
qarin2577@oksbi,4747583302,SBIN0043960,Qarin Ahuja,State Bank of India,individual,dev-86b6762cf1e4,,True,2025-03-06
advaith2578@pnb,695811388444258,PUNB0751060,Advaith Borah,Punjab National Bank,individual,dev-f69c59162bc3,,True,2026-04-15
ayushman2579@barodampay,3798185132,BARB0258170,Ayushman Contractor,Bank of Baroda,individual,dev-f2c6f29d4c23,,False,2024-12-12
mannan2580@cnrb,649400523339012,CNRB0742711,Mannan Group Grocery,Canara Bank,merchant,dev-c6f4a0406bf1,,True,2023-10-28
jagvi2581@cnrb,3280213259493,CNRB0767666,Jagvi Bassi,Canara Bank,individual,dev-6c0456238853,innocent_bystander,True,2025-03-16
rushil2582@pnb,9972235270943445,PUNB0309882,Rushil Hora,Punjab National Bank,individual,dev-def0d64d2981,,True,2025-06-24
ghoshkanda2583@kotak,350364979405,KKBK0945861,Ghosh-Kanda Fuel,Kotak Mahindra Bank,merchant,dev-a8a8492cccb2,,True,2023-07-19
owen2584@oksbi,65574648528,SBIN0314663,Owen Nori,State Bank of India,individual,dev-f87a3df1e4d3,innocent_bystander,True,2025-12-17
pranav2585@okicici,9932652252,ICIC0541114,Pranav Hayre,ICICI Bank,individual,dev-0e26fdafb066,,True,2025-05-17
goda2586@cnrb,044566973,CNRB0965827,Goda LLC Fuel,Canara Bank,merchant,dev-bd516f7a72d9,,True,2025-09-09
ansh2587@okhdfcbank,444958446299,HDFC0172689,Ansh Devan,HDFC Bank,individual,dev-57ab9425eba8,,True,2023-10-08
indrajit2588@okaxis,2540245494,UTIB0703933,Indrajit Nigam,Axis Bank,individual,dev-96245592ab76,,True,2026-07-03
dalaja2589@cnrb,60750579726618,CNRB0161344,Dalaja Shan,Canara Bank,individual,dev-f7c606c0a440,,True,2024-03-23
kala2590@okaxis,75775077382115,UTIB0290477,Kala Pradhan,Axis Bank,individual,dev-f01eccb12bac,,True,2024-11-26
radha2591@okaxis,572951999625,UTIB0536488,Radha Bhattacharyya,Axis Bank,individual,dev-b78658823e7e,,True,2024-04-15
maanas2592@cnrb,1093661177,CNRB0557558,Maanas De,Canara Bank,individual,dev-c5112758aa85,,True,2026-04-30
rehaan2593@okhdfcbank,24439994777199,HDFC0796822,Rehaan Walia,HDFC Bank,individual,dev-72f19992aa8b,,True,2024-01-16
kavya2594@okaxis,3303543928,UTIB0610373,Kavya Nadkarni,Axis Bank,individual,dev-7a8df5a6cfde,,True,2024-11-15
yash2595@kotak,0981879183,KKBK0552390,Yash Batra,Kotak Mahindra Bank,individual,dev-96313642ed2b,,True,2025-07-31
chaitaly2596@idfcfirst,13579804032224,IDFB0498601,Chaitaly Dixit,IDFC First Bank,individual,dev-a1d463f40fbe,,True,2024-11-18
kotabera2597@barodampay,9017963286,BARB0408061,Kota-Bera Utilities,Bank of Baroda,merchant,dev-a4b7df6f263f,,True,2024-08-02
mammen2598@ybl,730154843688149,YESB0808041,"Mammen, Date and Trivedi Grocery",Yes Bank,merchant,dev-79a09cca4910,,True,2025-01-04
shaurya2599@okaxis,39972972744262,UTIB0923135,Shaurya Bumb,Axis Bank,individual,dev-468231254803,,True,2025-09-22
dhruv2600@okhdfcbank,3707050265,HDFC0447748,Dhruv Ganesh,HDFC Bank,individual,dev-184134a0b5c2,,True,2024-03-17
yashodhara2601@okicici,520885899,ICIC0828219,Yashodhara Prasad,ICICI Bank,individual,dev-830c3a0b2c3c,,True,2024-10-28
zilmil2602@ybl,8892624957,YESB0458491,Zilmil Shetty,Yes Bank,individual,dev-079720009e95,,True,2026-01-01
nagy2603@ybl,06152744842,YESB0518018,Nagy Ltd Grocery,Yes Bank,merchant,dev-bd5d52cfe013,,True,2025-02-25
vasudha2604@oksbi,29528079596,SBIN0597573,Vasudha Talwar,State Bank of India,individual,dev-14fddf1b7542,,True,2024-04-30
loyalrattan2605@barodampay,138423355562483,BARB0982476,Loyal-Rattan Grocery,Bank of Baroda,merchant,dev-f3f9a97fc292,,True,2023-11-30
sarthak2606@cnrb,529277499051,CNRB0998436,Sarthak Kanda,Canara Bank,individual,dev-4413d9f60369,,True,2023-08-31
siya2607@okaxis,49553602829,UTIB0891557,Siya Keer,Axis Bank,individual,dev-3783b361a0ad,,True,2024-05-23
kamdarmohan2608@pnb,566464273,PUNB0894876,Kamdar-Mohan Home Services,Punjab National Bank,merchant,dev-a1f4ab651671,,True,2023-10-24
krishna2609@kotak,201643938151066,KKBK0574472,Krishna Dugar,Kotak Mahindra Bank,individual,dev-70127e73d791,,True,2024-03-25
aachal2610@cnrb,5783193150,CNRB0059799,Aachal Chad,Canara Bank,individual,dev-dbf95cc3a246,,True,2026-01-28
frado2611@barodampay,8400553677,BARB0749375,Frado Merchant,Bank of Baroda,individual,dev-583b2ff2b55a,,True,2025-06-29
venkataramanpandey2612@oksbi,096898270376,SBIN0770050,Venkataraman-Pandey Travel,State Bank of India,merchant,dev-e45ed2c1696e,,True,2024-07-20
benjamin2613@kotak,2328655386577377,KKBK0665699,Benjamin Shroff,Kotak Mahindra Bank,individual,dev-7650de1dac08,gambling_network,True,2025-06-09
pooja2614@idfcfirst,069761859,IDFB0390558,Pooja Seshadri,IDFC First Bank,individual,dev-98b672b35bb6,innocent_bystander,True,2023-09-27
rachana2615@pnb,849724133230422,PUNB0730007,Rachana Rege,Punjab National Bank,individual,dev-d58564e37e3d,innocent_bystander,True,2025-08-31
tanknadig2616@cnrb,819035522501,CNRB0395513,Tank-Nadig Grocery,Canara Bank,merchant,dev-34a740067c49,,True,2025-05-23
lavanya2617@oksbi,482258870718,SBIN0113503,Lavanya Bakshi,State Bank of India,individual,dev-2685392084f2,,True,2024-11-02
riya2618@pnb,2904420175,PUNB0557590,Riya Kaur,Punjab National Bank,individual,dev-79bfd3250e9b,,True,2025-09-04
borraparmer2619@okhdfcbank,27155165477480,HDFC0623084,Borra-Parmer Fashion,HDFC Bank,merchant,dev-37504747a3f2,,True,2024-02-06
menon2620@idfcfirst,2980334125,IDFB0519578,Menon PLC Pharmacy,IDFC First Bank,merchant,dev-116b21d8d831,,True,2023-11-28
aradhana2621@okaxis,7128412451232907,UTIB0293000,Aradhana Kari,Axis Bank,individual,dev-55c7d78d0003,,True,2025-06-03
jagat2622@idfcfirst,487092237362114,IDFB0003180,Jagat Bora,IDFC First Bank,individual,dev-774a218f0584,,True,2025-09-08
balvan2623@okhdfcbank,33431091244776,HDFC0310190,Balvan Iyer,HDFC Bank,individual,dev-79c2f4f35585,account_takeover,True,2023-10-15
ronith2624@oksbi,8552750488273,SBIN0761288,Ronith Narayan,State Bank of India,individual,dev-ae450e861039,,True,2026-01-24
chasmum2625@idfcfirst,0614243960474659,IDFB0656869,Chasmum Maharaj,IDFC First Bank,individual,dev-91a6f38ebb1b,,True,2024-02-18
lakshit2626@okicici,3347451031102113,ICIC0254616,Lakshit Lal,ICICI Bank,individual,dev-b8639af70f6f,,True,2024-06-04
chandani2627@barodampay,183039403709,BARB0752948,Chandani Manda,Bank of Baroda,individual,dev-f6aa70c0564b,,True,2026-05-11
ravalravi2628@okhdfcbank,09550841790260,HDFC0757183,Raval-Ravi Electronics,HDFC Bank,merchant,dev-53e1339c1736,,True,2023-12-07
urmi2629@barodampay,898531488156,BARB0686813,Urmi Vala,Bank of Baroda,individual,dev-513b18e0d3ab,,True,2025-02-16
mitali2630@kotak,907176852630183,KKBK0143958,Mitali Kari,Kotak Mahindra Bank,individual,dev-f24b2c097351,,True,2025-12-30
shaurya2631@cnrb,676942127820,CNRB0720190,Shaurya Som,Canara Bank,individual,dev-78942fc9d194,,True,2026-03-30
zaitra2632@okhdfcbank,480837691857754,HDFC0808624,Zaitra Sidhu,HDFC Bank,individual,dev-532388813b6a,,True,2025-01-11
harini2633@cnrb,912395294291,CNRB0961814,Harini Chada,Canara Bank,individual,dev-d541ab0b98ec,gambling_network,True,2024-04-13
raghav2634@idfcfirst,380115022202275,IDFB0314681,Raghav Sanghvi,IDFC First Bank,individual,dev-ec7f1c249f62,innocent_bystander,True,2026-02-20
sahni2635@okaxis,9371072066648,UTIB0012822,"Sahni, Kadakia and Sarna Home Services",Axis Bank,merchant,dev-f865a92842b7,,True,2025-07-27
ayushman2636@idfcfirst,1392627803516,IDFB0364542,Ayushman Prasad,IDFC First Bank,individual,dev-e9e30509df98,,True,2023-11-09
dave2637@kotak,7696911673,KKBK0430951,Dave LLC Home Services,Kotak Mahindra Bank,merchant,dev-8c9cbb61b960,,True,2024-06-15
xalak2638@ybl,90510617851937,YESB0192891,Xalak Pant,Yes Bank,individual,dev-d9cf5f2978fc,,True,2024-10-01
umang2639@okicici,842596077,ICIC0968758,Umang Saini,ICICI Bank,individual,dev-d4ceb73390e0,,True,2024-02-13
netra2640@okicici,5327744499,ICIC0074710,Netra Yogi,ICICI Bank,individual,dev-307ce7d02581,,True,2024-03-09
eshana2641@barodampay,6201213425,BARB0382877,Eshana Bajaj,Bank of Baroda,individual,dev-bc8a7d14cc74,,True,2024-06-22
liam2642@okhdfcbank,4114941389688480,HDFC0803984,Liam Dube,HDFC Bank,individual,dev-f7d1cd94c207,,True,2024-10-29
mahika2643@cnrb,815729810586771,CNRB0067298,Mahika Raj,Canara Bank,individual,dev-637f1a100758,account_takeover,True,2023-07-22
mahika2644@idfcfirst,268403760330,IDFB0349686,Mahika Bhatt,IDFC First Bank,individual,dev-1b911bd3787c,,True,2025-11-23
raghav2645@pnb,1974598857546,PUNB0022643,Raghav Soman,Punjab National Bank,individual,dev-b30292d351be,,True,2025-09-16
falguni2646@okhdfcbank,18345719162959,HDFC0933197,Falguni Seth,HDFC Bank,individual,dev-0cac89449581,gambling_network,True,2023-11-02
girik2647@idfcfirst,807362078614577,IDFB0887943,Girik Garg,IDFC First Bank,individual,dev-b328b5a1b61e,,True,2025-06-12
peter2648@ybl,65652695670,YESB0150750,Peter Balay,Yes Bank,individual,dev-7586e18e7d8f,,True,2024-03-15
avi2649@okaxis,17487242958551,UTIB0960849,Avi Grover,Axis Bank,individual,dev-fad435ac39b1,,True,2023-12-21
ekaraj2650@cnrb,32202534908,CNRB0033129,Ekaraj Raju,Canara Bank,individual,dev-93d62d835e1c,gambling_network,True,2025-04-04
samesh2651@kotak,2349581059221,KKBK0923318,Samesh Kaul,Kotak Mahindra Bank,individual,dev-6db99217873b,,True,2024-11-22
ekaraj2652@oksbi,8445874847248262,SBIN0431117,Ekaraj Sha,State Bank of India,individual,dev-c25804533084,,True,2025-03-24
jyoti2653@idfcfirst,003474208593224,IDFB0141129,Jyoti Vasa,IDFC First Bank,individual,dev-871b9f21e34b,,True,2024-09-19
onveer2654@barodampay,752889060007786,BARB0556638,Onveer Narain,Bank of Baroda,individual,dev-435a852e2da7,,True,2024-05-25
mahika2655@pnb,1503363377037154,PUNB0697825,Mahika Dugar,Punjab National Bank,individual,dev-fb611cad67c5,,True,2025-12-07
kai2656@kotak,4739957519742648,KKBK0217422,Kai Yadav,Kotak Mahindra Bank,individual,dev-a22754856c16,,True,2024-07-30
vanya2657@pnb,29225222574,PUNB0889861,Vanya Biswas,Punjab National Bank,individual,dev-35063044ccc5,,True,2024-06-12
samuel2658@cnrb,458974460439,CNRB0855383,Samuel De,Canara Bank,individual,dev-0879c4432a31,,True,2024-04-24
dayita2659@kotak,37948148735181,KKBK0564148,Dayita Sankaran,Kotak Mahindra Bank,individual,dev-da82a87edcaa,gambling_network,True,2026-01-04
nathan2660@kotak,187798107,KKBK0912088,Nathan Mukherjee,Kotak Mahindra Bank,individual,dev-6cb276b3e89b,,True,2023-09-02
yadavi2661@okicici,774904417177,ICIC0486303,Yadavi Shanker,ICICI Bank,individual,dev-b1c08b3e126e,,True,2024-05-10
saksham2662@barodampay,777987423664475,BARB0018833,Saksham Amble,Bank of Baroda,individual,dev-4948e523e65a,innocent_bystander,True,2024-04-25
sehgal2663@okaxis,970482531825,UTIB0351608,Sehgal Inc Grocery,Axis Bank,merchant,dev-f61cfc9cbf12,,True,2026-07-10
yatin2664@barodampay,480752216623,BARB0980330,Yatin Vora,Bank of Baroda,individual,dev-a3287db49b2a,account_takeover,True,2025-08-14
vritti2665@okhdfcbank,5988147163598,HDFC0367801,Vritti Sharma,HDFC Bank,individual,dev-1817acb581dc,,True,2026-07-09
balveer2666@cnrb,95420678925,CNRB0913474,Balveer Chand,Canara Bank,individual,dev-96c32a917c13,,True,2025-07-16
tanmayi2667@idfcfirst,739081234071109,IDFB0048180,Tanmayi Palan,IDFC First Bank,individual,dev-e74b38bffaf4,,True,2024-12-03
mahika2668@ybl,381781569244,YESB0373745,Mahika Gill,Yes Bank,individual,dev-40d985feb3db,,True,2026-03-31
zaid2669@okhdfcbank,406496412818654,HDFC0030463,Zaid Gola,HDFC Bank,individual,dev-6643e0397047,,True,2025-07-27
tanvi2670@okaxis,03160225477,UTIB0385187,Tanvi Rajagopalan,Axis Bank,individual,dev-7786c3070810,innocent_bystander,True,2025-10-26
girish2671@okaxis,302107780464041,UTIB0018363,Girish Ramaswamy,Axis Bank,individual,dev-e6c714bb4255,innocent_bystander,True,2024-07-23
bassi2672@kotak,29206881721588,KKBK0618452,"Bassi, Khatri and Dugar Fuel",Kotak Mahindra Bank,merchant,dev-8637016a5bde,,True,2025-05-28
yogimanne2673@okicici,624164580437,ICIC0656828,Yogi-Manne Utilities,ICICI Bank,merchant,dev-a7fc72b8445c,,True,2026-01-20
teerth2674@kotak,940241738902,KKBK0606590,Teerth Tak,Kotak Mahindra Bank,individual,dev-d3ee88ddc4fc,,True,2025-10-23
jairaj2675@barodampay,5202771388077,BARB0116399,Jairaj Pillay,Bank of Baroda,individual,dev-36c9f25a0a2b,,True,2024-09-21
henry2676@barodampay,67010955009,BARB0944922,Henry Thaman,Bank of Baroda,individual,dev-96cb6c8bcd1c,,True,2023-10-03
nimrat2677@oksbi,07681877180212,SBIN0625737,Nimrat Seshadri,State Bank of India,individual,dev-57d9e4ec4e97,,True,2025-03-30
zayyan2678@okhdfcbank,5425611483492,HDFC0366500,Zayyan Johal,HDFC Bank,individual,dev-22ddecd7e66d,innocent_bystander,True,2026-01-05
turvi2679@okhdfcbank,5084984012239,HDFC0675079,Turvi Bala,HDFC Bank,individual,dev-b112e830d353,,True,2024-12-24
triya2680@kotak,2611780939570191,KKBK0869289,Triya Raj,Kotak Mahindra Bank,individual,dev-ea8f4d1e3e84,,True,2026-01-06
mohini2681@okaxis,601271305,UTIB0180721,Mohini Hayer,Axis Bank,individual,dev-2d676d293e6c,,True,2025-03-14
baljiwan2682@okicici,5095636852686641,ICIC0718891,Baljiwan Anne,ICICI Bank,individual,dev-2647be678027,,True,2024-11-12
ishwar2683@kotak,1516080464228,KKBK0131364,Ishwar Deshpande,Kotak Mahindra Bank,individual,dev-f6c7f9b50a5c,,True,2025-08-25
ucchal2684@cnrb,01183549171952,CNRB0411987,Ucchal Sundaram,Canara Bank,individual,dev-553575ba71eb,,True,2024-03-11
ekansh2685@kotak,535893880827853,KKBK0855260,Ekansh Butala,Kotak Mahindra Bank,individual,dev-deea4a7ad61e,innocent_bystander,True,2024-02-03
kibe2686@barodampay,12196648040697,BARB0154761,"Kibe, Sarma and Dey Utilities",Bank of Baroda,merchant,dev-9b0cbbc945aa,,True,2024-02-28
arya2687@pnb,976455815524404,PUNB0170723,Arya Edwin,Punjab National Bank,individual,dev-3b8be865339b,,True,2024-02-18
andrew2688@cnrb,89946066770,CNRB0407716,Andrew Chaudhry,Canara Bank,individual,dev-de09407cb628,,True,2024-12-27
chaitaly2689@barodampay,8385911285603,BARB0353374,Chaitaly Dash,Bank of Baroda,individual,dev-605a3dec7a17,,True,2025-05-02
raman2690@ybl,9324296702,YESB0595315,"Raman, Ganguly and Brahmbhatt Utilities",Yes Bank,merchant,dev-33e19a7c1a02,,True,2024-01-26
anjali2691@kotak,425877589,KKBK0757898,Anjali Dube,Kotak Mahindra Bank,individual,dev-ba59f01db30e,,True,2025-02-11
ishita2692@idfcfirst,144947003,IDFB0327893,Ishita Gokhale,IDFC First Bank,individual,dev-802863ec2182,,True,2025-08-26
bakhshi2693@kotak,145505238440957,KKBK0433641,Bakhshi Walia,Kotak Mahindra Bank,individual,dev-03afd143b224,,True,2024-03-09
riya2694@oksbi,772590637472,SBIN0882398,Riya Batta,State Bank of India,individual,dev-375b70d62239,gambling_network,True,2023-12-06
madhavi2695@kotak,7516942366267,KKBK0016937,Madhavi Morar,Kotak Mahindra Bank,individual,dev-c1674862e1a2,,True,2026-05-19
charles2696@kotak,729439601968,KKBK0987522,Charles Agrawal,Kotak Mahindra Bank,individual,dev-deda9dbe6b4c,,True,2026-06-06
krishna2697@idfcfirst,811794835938,IDFB0945948,Krishna Jaggi,IDFC First Bank,individual,dev-3289fbbc5e52,,True,2026-01-07
kavya2698@kotak,27948385516751,KKBK0677359,Kavya Khare,Kotak Mahindra Bank,individual,dev-9c6925a04344,,True,2024-09-06
gavin2699@okhdfcbank,9580050574,HDFC0783671,Gavin Babu,HDFC Bank,individual,dev-8265141a2bf2,,True,2026-04-13
ayaan2700@okhdfcbank,288403636893929,HDFC0142751,Ayaan Atwal,HDFC Bank,individual,dev-a50a948a5ae5,innocent_bystander,True,2024-11-16
rehaan2701@oksbi,432345493,SBIN0391176,Rehaan Bhatnagar,State Bank of India,individual,dev-8d027e6905aa,,True,2023-11-07
gopal2702@pnb,3778495114,PUNB0375192,Gopal Ganesh,Punjab National Bank,individual,dev-e8aa781b7c72,,True,2026-03-30
chaitanya2703@pnb,51359863913,PUNB0429834,Chaitanya Sagar,Punjab National Bank,individual,dev-1df7428da9bf,,True,2023-11-26
chokshi2704@kotak,8313031269297,KKBK0120324,"Chokshi, Narain and Naidu Electronics",Kotak Mahindra Bank,merchant,dev-d2047e0110f4,,True,2024-03-13
gupta2705@cnrb,55295934915,CNRB0796384,"Gupta, Johal and Rana Travel",Canara Bank,merchant,dev-d0e477cc79c0,,True,2026-02-21
jai2706@barodampay,4359933851574671,BARB0974784,Jai Kata,Bank of Baroda,individual,dev-dab55e10c6a9,,True,2024-08-13
hitesh2707@okicici,69217619751,ICIC0964186,Hitesh Parikh,ICICI Bank,individual,dev-3cc97686819e,,True,2026-07-03
oscar2708@okaxis,69124170034,UTIB0705478,Oscar Aurora,Axis Bank,individual,dev-62c04d2550b2,,True,2024-02-20
muttiarora2709@okhdfcbank,9987230226097,HDFC0672494,Mutti-Arora Utilities,HDFC Bank,merchant,dev-d0beea9243b9,,True,2024-10-24
simon2710@pnb,345631831281,PUNB0697275,Simon Shanker,Punjab National Bank,individual,dev-fe4af16946ad,,True,2024-11-28
dominic2711@cnrb,61631132711,CNRB0624827,Dominic Mallick,Canara Bank,individual,dev-bfe2296fb683,,True,2026-02-05
caleb2712@pnb,140372714958,PUNB0240492,Caleb Bhavsar,Punjab National Bank,individual,dev-ad34812fcc08,innocent_bystander,True,2025-07-29
nirja2713@oksbi,4373607611,SBIN0322122,Nirja Mitra,State Bank of India,individual,dev-2717eefc82f9,,True,2024-07-24
harsh2714@okhdfcbank,55662523257,HDFC0605077,Harsh Yadav,HDFC Bank,individual,dev-b424e618509e,,True,2025-07-17
zayan2715@okaxis,0155601753123484,UTIB0437487,Zayan Chandran,Axis Bank,individual,dev-14dc70f18d0d,innocent_bystander,True,2026-03-22
lipika2716@oksbi,8568352522,SBIN0357206,Lipika Deol,State Bank of India,individual,dev-fb5f24f3b8e2,,True,2023-11-28
parth2717@barodampay,258837949,BARB0769709,Parth Nadkarni,Bank of Baroda,individual,dev-ad43d4a5f036,,False,2025-11-23
ekansh2718@idfcfirst,8818071073827688,IDFB0587240,Ekansh Nayak,IDFC First Bank,individual,dev-5eec9158cd56,,True,2025-01-24
sen2719@kotak,86920411830,KKBK0200254,Sen Group Fuel,Kotak Mahindra Bank,merchant,dev-b6e9f05d2cab,,True,2026-03-30
yahvi2720@okhdfcbank,6603315577842,HDFC0541365,Yahvi Arya,HDFC Bank,individual,dev-44dddfa96bec,,True,2024-12-30
ansh2721@kotak,7745580509208,KKBK0738958,Ansh Dash,Kotak Mahindra Bank,individual,dev-55b8cbe62db6,,True,2023-08-01
warjas2722@okaxis,1614504316786,UTIB0183012,Warjas Sangha,Axis Bank,individual,dev-a382711765b3,,True,2025-07-02
fariq2723@oksbi,2088914684190730,SBIN0525829,Fariq Bhasin,State Bank of India,individual,dev-8f536d5f699c,gambling_network,True,2025-11-07
kavya2724@okhdfcbank,9004088495575,HDFC0712894,Kavya Tara,HDFC Bank,individual,dev-7350493d3b36,,True,2024-02-07
jaggidoshi2725@pnb,020176642882,PUNB0896495,Jaggi-Doshi Grocery,Punjab National Bank,merchant,dev-61df989fb4be,,False,2025-08-03
samarth2726@okicici,8616255880,ICIC0000018,Samarth Barad,ICICI Bank,individual,dev-acb08bee68c4,gambling_network,True,2025-01-11
sachi2727@oksbi,45486085416,SBIN0018068,Sachi Narasimhan,State Bank of India,individual,dev-d2936c2cce4f,,True,2025-07-05
arunima2728@barodampay,40347961254,BARB0930745,Arunima Nadkarni,Bank of Baroda,individual,dev-0fdea22e931b,,True,2025-09-20
oeshi2729@cnrb,38163053631114,CNRB0268733,Oeshi Mani,Canara Bank,individual,dev-114cd01d2281,,True,2025-06-07
veer2730@ybl,9928181395233,YESB0922261,Veer Narula,Yes Bank,individual,dev-59418c69cb74,,True,2024-10-10
xavier2731@barodampay,879619763743,BARB0274381,Xavier Jha,Bank of Baroda,individual,dev-a925f5a8addd,,True,2026-02-03
yuvraj2732@okaxis,000925943,UTIB0728975,Yuvraj Kapadia,Axis Bank,individual,dev-033486be2b04,gambling_network,True,2025-11-16
ekanta2733@idfcfirst,513739970797664,IDFB0247809,Ekanta Goswami,IDFC First Bank,individual,dev-d76e4b7a64ba,,True,2025-03-30
abeer2734@pnb,8379176421125,PUNB0538169,Abeer Bhattacharyya,Punjab National Bank,individual,dev-a492cefc80aa,,True,2024-08-13
ekaraj2735@idfcfirst,3757771123,IDFB0819921,Ekaraj Hans,IDFC First Bank,individual,dev-2f644f0bdb47,,True,2025-12-18
lohit2736@cnrb,2337120599015,CNRB0268240,Lohit Jayaraman,Canara Bank,individual,dev-56ab2e3bfb6d,,True,2025-05-21
gavin2737@oksbi,42265643122427,SBIN0552198,Gavin Ghose,State Bank of India,individual,dev-c26b474ef0ff,,True,2023-08-23
warinder2738@oksbi,98619859457757,SBIN0897365,Warinder Tripathi,State Bank of India,individual,dev-bd7f12a686ca,,True,2025-08-30
pooja2739@okhdfcbank,686300973927270,HDFC0682886,Pooja Sibal,HDFC Bank,individual,dev-f2870075ef73,,True,2024-11-28
galahora2740@oksbi,5764523966132,SBIN0948354,Gala-Hora Travel,State Bank of India,merchant,dev-9602a6fe65c7,,True,2024-01-24
panini2741@kotak,23734234211410,KKBK0833775,Panini Goda,Kotak Mahindra Bank,individual,dev-f65368f89d06,,True,2025-02-14
chavvi2742@barodampay,23314522405377,BARB0370728,Chavvi Mangal,Bank of Baroda,individual,dev-47eca85a22f1,,True,2023-11-16
saksham2743@oksbi,5544743998839,SBIN0653471,Saksham Magar,State Bank of India,individual,dev-453c0ce49415,innocent_bystander,True,2024-04-10
fariq2744@oksbi,6675019008941,SBIN0588444,Fariq Parsa,State Bank of India,individual,dev-3de38b086af3,,True,2025-10-21
purohitganesh2745@pnb,2759581249628643,PUNB0699333,Purohit-Ganesh Pharmacy,Punjab National Bank,merchant,dev-91a69be12d26,,True,2025-07-17
ridhi2746@pnb,8962625814495333,PUNB0149102,Ridhi Sami,Punjab National Bank,individual,dev-e811d9b547f5,,True,2025-02-17
nachiket2747@oksbi,0779594295364770,SBIN0525051,Nachiket Subramaniam,State Bank of India,individual,dev-35a8ccda3cd7,gambling_network,True,2023-09-06
lakshmi2748@oksbi,880350997218793,SBIN0168429,Lakshmi Sane,State Bank of India,individual,dev-dd99bae684bd,,True,2023-12-29
mital2749@pnb,73548108375,PUNB0763465,Mital PLC Fashion,Punjab National Bank,merchant,dev-a63ba4a8645e,,True,2024-04-15
dua2750@pnb,84716373780035,PUNB0868053,"Dua, Gill and Kurian Grocery",Punjab National Bank,merchant,dev-b8997e70a7f3,,True,2025-08-18
ubika2751@barodampay,295850366575102,BARB0137822,Ubika Mohan,Bank of Baroda,individual,dev-459728b3a184,,True,2025-12-07
manderprashad2752@idfcfirst,2061496907303949,IDFB0114537,Mander-Prashad Fashion,IDFC First Bank,merchant,dev-91d0ffa76d42,,True,2025-04-01
srivastava2753@barodampay,2156541208,BARB0259627,"Srivastava, Bora and Nath Food & Dining",Bank of Baroda,merchant,dev-0e9e01aad074,,True,2025-12-13
upasna2754@barodampay,19645330836,BARB0052357,Upasna Hayre,Bank of Baroda,individual,dev-85ff77171b0a,,True,2024-07-04
ranveer2755@okaxis,520182544,UTIB0854062,Ranveer Agrawal,Axis Bank,individual,dev-e1195bb7f040,,True,2024-03-01
xiti2756@okicici,2907913870,ICIC0865731,Xiti Prasad,ICICI Bank,individual,dev-d9bc90cdfd5b,,True,2026-05-18
nidhi2757@kotak,312900017,KKBK0057555,Nidhi Sagar,Kotak Mahindra Bank,individual,dev-69e2fcf6c93b,,True,2026-06-12
kashvi2758@oksbi,543768953532342,SBIN0315345,Kashvi Rajagopalan,State Bank of India,individual,dev-c0f113917127,,True,2026-01-10
morarbobal2759@okhdfcbank,3472994328746,HDFC0367965,Morar-Bobal Pharmacy,HDFC Bank,merchant,dev-2f4580ae55d1,,True,2024-01-23
baraddash2760@kotak,0939201395134,KKBK0544251,Barad-Dash Food & Dining,Kotak Mahindra Bank,merchant,dev-fe17ead67477,,True,2024-04-16
nicholas2761@oksbi,0511267992,SBIN0215341,Nicholas Hari,State Bank of India,individual,dev-614f5836bed3,,False,2024-09-14
aadhya2762@oksbi,639176339705,SBIN0740087,Aadhya Pall,State Bank of India,individual,dev-2fad9660e66c,,False,2025-12-20
jyoti2763@barodampay,85551791047,BARB0083153,Jyoti Bhardwaj,Bank of Baroda,individual,dev-e43e55be0e78,,True,2025-11-12
panini2764@kotak,52768715793823,KKBK0962982,Panini Koshy,Kotak Mahindra Bank,individual,dev-334e0d2ab659,,True,2025-05-11
vanya2765@pnb,5442418439,PUNB0486696,Vanya Banerjee,Punjab National Bank,individual,dev-6f09d5b3259a,innocent_bystander,True,2026-03-05
ayaan2766@pnb,5240750403864550,PUNB0225106,Ayaan Divan,Punjab National Bank,individual,dev-e4d104d1662a,,True,2024-05-15
tamanna2767@ybl,805262472862,YESB0669134,Tamanna Din,Yes Bank,individual,dev-ca5362511890,,True,2024-03-11
yug2768@kotak,912110650,KKBK0652118,Yug Edwin,Kotak Mahindra Bank,individual,dev-0e8afd2aa130,,True,2026-02-14
jackson2769@cnrb,1324747343,CNRB0084712,Jackson Chanda,Canara Bank,individual,dev-83e9e0030acc,,True,2026-01-27
mitali2770@barodampay,6289721984,BARB0457005,Mitali Buch,Bank of Baroda,individual,dev-e62a608872f3,,True,2024-05-08
pallavi2771@okicici,55075436773522,ICIC0862410,Pallavi Gandhi,ICICI Bank,individual,dev-c0d99265f853,,True,2023-12-11
zayyan2772@cnrb,7634185780,CNRB0862432,Zayyan Mittal,Canara Bank,individual,dev-2db69b4e2812,,True,2026-04-18
darika2773@kotak,81529045918,KKBK0067567,Darika Sabharwal,Kotak Mahindra Bank,individual,dev-c9763d4abe2f,,True,2025-05-13
ikbal2774@oksbi,77126553691,SBIN0693451,Ikbal Padmanabhan,State Bank of India,individual,dev-5a9491efe0ed,,True,2026-06-28
amruta2775@kotak,646605046619734,KKBK0128338,Amruta Kadakia,Kotak Mahindra Bank,individual,dev-3770d35c66ec,,True,2025-03-18
darika2776@pnb,688839036,PUNB0311289,Darika Ahuja,Punjab National Bank,individual,dev-ce0ba306a1e8,,True,2025-10-07
vyanjana2777@idfcfirst,9061291923972740,IDFB0252121,Vyanjana Agarwal,IDFC First Bank,individual,dev-c1d1303c22fd,,True,2024-09-20
ekaraj2778@ybl,4112600921,YESB0964685,Ekaraj Sahni,Yes Bank,individual,dev-aafe656aea74,,True,2024-09-13
bhavya2779@kotak,75083882573,KKBK0792568,Bhavya Sankar,Kotak Mahindra Bank,individual,dev-632312866cc0,,True,2024-10-17
patrick2780@cnrb,8999095012213,CNRB0546522,Patrick Prasad,Canara Bank,individual,dev-4075a84fc689,account_takeover,True,2024-11-21
krish2781@cnrb,6073468734347,CNRB0964959,Krish Hora,Canara Bank,individual,dev-c97b0e6467ad,,True,2024-09-18
qabil2782@ybl,842484654,YESB0952789,Qabil Thakkar,Yes Bank,individual,dev-9f2f96edd1e6,,True,2025-12-20
shravya2783@ybl,021259744545913,YESB0081295,Shravya Kala,Yes Bank,individual,dev-9702d0d9b319,,True,2026-02-09
sai2784@idfcfirst,57830321795558,IDFB0016953,Sai Bhargava,IDFC First Bank,individual,dev-6282da869ff2,,True,2023-12-26
rehaan2785@barodampay,077658132810937,BARB0233222,Rehaan Lad,Bank of Baroda,individual,dev-46296bb3c837,,True,2026-06-07
ridhi2786@cnrb,7548285957,CNRB0189628,Ridhi Chopra,Canara Bank,individual,dev-c40a953b055c,,True,2024-06-09
fariq2787@okicici,7468327612859,ICIC0700978,Fariq Memon,ICICI Bank,individual,dev-ab69ce347b84,innocent_bystander,True,2025-04-09
krishna2788@kotak,7853034039236898,KKBK0146554,Krishna Dash,Kotak Mahindra Bank,individual,dev-45468f1c3cf0,innocent_bystander,True,2024-06-23
devansh2789@okaxis,5022255808231,UTIB0013303,Devansh Oommen,Axis Bank,individual,dev-1eaaaf1e4c26,,True,2026-01-28
wahab2790@okaxis,99094826827179,UTIB0299274,Wahab Sridhar,Axis Bank,individual,dev-d83eaaf5584e,,True,2025-08-04
chaudhuriandra2791@pnb,1047778781204265,PUNB0581086,Chaudhuri-Andra Home Services,Punjab National Bank,merchant,dev-b97ca1a88e42,,True,2023-12-26
lata2792@ybl,6382141651388,YESB0641122,Lata Inc Fuel,Yes Bank,merchant,dev-840c30e71fa2,,True,2024-01-15
barman2793@okaxis,91928895740421,UTIB0133989,"Barman, Chatterjee and Kakar Grocery",Axis Bank,merchant,dev-39063738e0f5,,True,2024-04-20
keya2794@idfcfirst,2119168740428921,IDFB0820087,Keya Venkatesh,IDFC First Bank,individual,dev-0a3c9cdf02d4,,True,2026-04-07
vedika2795@cnrb,0415034109293016,CNRB0012779,Vedika Solanki,Canara Bank,individual,dev-b5f501f3107b,gambling_network,True,2026-07-09
sanghvinayar2796@barodampay,2634798094,BARB0838671,Sanghvi-Nayar Home Services,Bank of Baroda,merchant,dev-2c002e49e935,,True,2025-01-19
hemal2797@oksbi,4702890832957173,SBIN0712880,Hemal Murty,State Bank of India,individual,dev-0e40dca74d19,innocent_bystander,True,2025-05-06
jalsa2798@ybl,262258270630526,YESB0043084,Jalsa Rastogi,Yes Bank,individual,dev-4ce1cb576acb,,True,2026-03-24
dakshesh2799@okaxis,52470346569,UTIB0174373,Dakshesh Parekh,Axis Bank,individual,dev-f095c17a5c74,,True,2024-12-01
harish2800@okicici,7729437510112329,ICIC0962397,Harish Aggarwal,ICICI Bank,individual,dev-38ceecf8e38f,,True,2026-04-08
rattidewan2801@okicici,50012735675,ICIC0176699,Ratti-Dewan Electronics,ICICI Bank,merchant,dev-52b3b3a905cc,,True,2024-12-25
das2802@okicici,55751314933,ICIC0464205,Das PLC Fuel,ICICI Bank,merchant,dev-cb21802af9b5,,True,2024-12-22
yuvraj2803@kotak,269788208719039,KKBK0352652,Yuvraj Pillay,Kotak Mahindra Bank,individual,dev-8ce0e7c219ec,innocent_bystander,True,2024-04-04
somanvarma2804@kotak,87403784279,KKBK0142302,Soman-Varma Pharmacy,Kotak Mahindra Bank,merchant,dev-14a8e151a6a8,,True,2025-10-04
raghav2805@okhdfcbank,2960761476,HDFC0573312,Raghav Aggarwal,HDFC Bank,individual,dev-aef4567d3b83,,True,2024-08-30
anay2806@ybl,7165442734,YESB0859212,Anay Parsa,Yes Bank,individual,dev-8db36ea1b68e,,True,2024-01-26
eshana2807@oksbi,063104504408,SBIN0229979,Eshana Sawhney,State Bank of India,individual,dev-e4b4a8226263,,True,2026-02-03
vedhika2808@kotak,58826004751767,KKBK0612225,Vedhika Ratta,Kotak Mahindra Bank,individual,dev-b70416dd8824,innocent_bystander,True,2024-02-06
ijaya2809@oksbi,673400738,SBIN0578938,Ijaya Sangha,State Bank of India,individual,dev-0aad7e65bb29,,True,2025-11-06
harish2810@pnb,19529080601,PUNB0326235,Harish Rajan,Punjab National Bank,individual,dev-a0e09c2ecd72,,True,2024-12-10
robert2811@barodampay,630230721175846,BARB0471699,Robert Dhar,Bank of Baroda,individual,dev-bd3fc6975fcb,,True,2024-03-09
joshua2812@idfcfirst,359240535289564,IDFB0298382,Joshua Tank,IDFC First Bank,individual,dev-308fc675a25a,,True,2025-06-25
charvi2813@cnrb,135932634220541,CNRB0754853,Charvi Sibal,Canara Bank,individual,dev-c397a9331697,,True,2024-10-16
sanaya2814@okhdfcbank,419789795555437,HDFC0328495,Sanaya D’Alia,HDFC Bank,individual,dev-4c0882e88c37,,True,2024-07-12
wridesh2815@idfcfirst,279958089407,IDFB0013659,Wridesh Kohli,IDFC First Bank,individual,dev-aa2570a3bf23,,True,2025-04-13
onkar2816@pnb,69870264057,PUNB0726152,Onkar Chakraborty,Punjab National Bank,individual,dev-eba645ec9e55,,True,2025-08-18
radhika2817@okhdfcbank,887391785,HDFC0345734,Radhika Balakrishnan,HDFC Bank,individual,dev-8d5d187a9f7e,,False,2023-08-16
eta2818@oksbi,58318226509,SBIN0519789,Eta Rajagopal,State Bank of India,individual,dev-013e33455ac4,,True,2026-02-07
thomas2819@ybl,703451090013,YESB0216005,Thomas Kurian,Yes Bank,individual,dev-289f84d013e0,,True,2025-05-13
jatin2820@okhdfcbank,26049800826543,HDFC0746597,Jatin Deshpande,HDFC Bank,individual,dev-103b02425a80,,True,2025-03-15
gautam2821@oksbi,063468268,SBIN0913828,Gautam Natarajan,State Bank of India,individual,dev-a288def91184,account_takeover,True,2024-03-07
dhruv2822@oksbi,391042241,SBIN0020459,Dhruv Oza,State Bank of India,individual,dev-8a37edec4713,,True,2025-07-04
lakshmi2823@okhdfcbank,63533754264063,HDFC0411358,Lakshmi Sarkar,HDFC Bank,individual,dev-24b719fdcf2e,,True,2024-02-23
udant2824@okaxis,7084078094,UTIB0668235,Udant Lad,Axis Bank,individual,dev-530533448bbf,account_takeover,True,2025-03-31
bina2825@cnrb,7351433840404600,CNRB0380321,Bina Chahal,Canara Bank,individual,dev-0ead837b5db5,,True,2024-06-13
gaurav2826@okhdfcbank,1620234272124,HDFC0044789,Gaurav Oak,HDFC Bank,individual,dev-66a07f173152,,True,2025-12-09
guha2827@okaxis,453869048674,UTIB0389644,"Guha, D’Alia and Pillai Grocery",Axis Bank,merchant,dev-c03cbfc0f435,,True,2023-09-28
dhriti2828@ybl,3978962945,YESB0547590,Dhriti Rai,Yes Bank,individual,dev-fc826e8c5a8d,,True,2023-08-17
deepa2829@pnb,716023036,PUNB0161787,Deepa Bhatia,Punjab National Bank,individual,dev-9df90ba04e6b,innocent_bystander,True,2025-09-17
lipika2830@ybl,5361114483,YESB0580921,Lipika Sampath,Yes Bank,individual,dev-0f4b1cf76e11,,True,2025-03-29
janya2831@ybl,962251691904,YESB0385777,Janya Date,Yes Bank,individual,dev-84655e90ee13,,True,2023-11-20
hredhaan2832@pnb,650348190,PUNB0241998,Hredhaan Rana,Punjab National Bank,individual,dev-d58975242914,,True,2026-02-10
triveni2833@okicici,916156043444,ICIC0641664,Triveni Mutti,ICICI Bank,individual,dev-b47070333cf3,,True,2023-12-06
chaman2834@okicici,14387845879,ICIC0980835,Chaman Kanda,ICICI Bank,individual,dev-21bc4e13c399,,True,2024-05-20
shahdin2835@cnrb,637866597071,CNRB0870256,Shah-Din Fashion,Canara Bank,merchant,dev-d6670f53b747,,True,2024-05-14
madhav2836@kotak,8896992407178469,KKBK0756120,Madhav Banerjee,Kotak Mahindra Bank,individual,dev-6d42d27095f3,,True,2025-01-04
dayamai2837@barodampay,534658981446943,BARB0899986,Dayamai Thakkar,Bank of Baroda,individual,dev-0dc997bd6934,,True,2025-12-01
dasgupta2838@idfcfirst,3219447924,IDFB0479418,"Dasgupta, Mahal and Sridhar Home Services",IDFC First Bank,merchant,dev-f1b1bb42d13d,,True,2023-10-07
warda2839@barodampay,7266794829,BARB0499986,Warda Manne,Bank of Baroda,individual,dev-86c917d8001c,,True,2023-12-12
daniel2840@okicici,6629461549793,ICIC0660067,Daniel Nath,ICICI Bank,individual,dev-7f6e0ea2f6a0,,True,2024-09-01
shivansh2841@okaxis,2678610623473,UTIB0580086,Shivansh Kar,Axis Bank,individual,dev-e560757f36bf,,True,2026-01-23
praneel2842@oksbi,8107538114226355,SBIN0793396,Praneel Sura,State Bank of India,individual,dev-d45cdaf9f59b,innocent_bystander,True,2024-04-30
chandani2843@okaxis,159103087,UTIB0116779,Chandani Dutta,Axis Bank,individual,dev-5cf7e519f3a9,,True,2023-10-10
manya2844@kotak,1554017128,KKBK0338349,Manya Nazareth,Kotak Mahindra Bank,individual,dev-18354458a7c9,gambling_network,True,2024-07-15
urvashi2845@cnrb,3651385782254,CNRB0902168,Urvashi Pall,Canara Bank,individual,dev-75d1bf2eb12a,,True,2026-01-21
mahika2846@ybl,2762480580,YESB0546539,Mahika Bora,Yes Bank,individual,dev-52b9018fca2b,account_takeover,True,2023-07-18
barkha2847@pnb,982984620275,PUNB0441490,Barkha Hayer,Punjab National Bank,individual,dev-cd561b7b5a26,innocent_bystander,True,2023-08-24
ramesh2848@okaxis,49182855707,UTIB0745807,"Ramesh, Chatterjee and Deep Electronics",Axis Bank,merchant,dev-bbabce32e507,,True,2025-11-11
chatura2849@cnrb,09907162123334,CNRB0640047,Chatura Modi,Canara Bank,individual,dev-2517ca769e9f,,True,2026-04-23
nihal2850@okhdfcbank,18739673437,HDFC0814979,Nihal Devan,HDFC Bank,individual,dev-d6f255dca4a6,,False,2025-02-04
subramanianmanne2851@cnrb,7523736653073,CNRB0454783,Subramanian-Manne Electronics,Canara Bank,merchant,dev-01fef00652dc,,True,2023-11-11
kadakia2852@idfcfirst,689926027,IDFB0204968,Kadakia and Sons Fuel,IDFC First Bank,merchant,dev-4715f94de678,,True,2023-07-19
aditya2853@okaxis,320072707488,UTIB0570471,Aditya Pathak,Axis Bank,individual,dev-585ea5f987d4,,True,2025-09-26
manbir2854@cnrb,05935189610,CNRB0739739,Manbir Puri,Canara Bank,individual,dev-59f0db202d5e,,True,2024-07-06
om2855@okaxis,59673036082,UTIB0687653,Om Bhalla,Axis Bank,individual,dev-5d3cf2e1f56c,,True,2024-03-30
ishani2856@okhdfcbank,552611805874301,HDFC0578028,Ishani Som,HDFC Bank,individual,dev-89d64a87265e,,True,2025-05-22
charles2857@idfcfirst,4719697950,IDFB0063350,Charles Dalal,IDFC First Bank,individual,dev-7302ea2eaaf0,,True,2024-07-09
radha2858@idfcfirst,769630971686,IDFB0272106,Radha Dixit,IDFC First Bank,individual,dev-f58d5e23cd30,,True,2024-06-18
yash2859@okicici,46017910202676,ICIC0400647,Yash Bandi,ICICI Bank,individual,dev-a172a92771ad,gambling_network,True,2025-05-08
wridesh2860@okaxis,694697273,UTIB0959190,Wridesh Ranganathan,Axis Bank,individual,dev-e8b4b6ec49fd,,True,2025-01-28
mittalgera2861@ybl,2714541189029152,YESB0983562,Mittal-Gera Grocery,Yes Bank,merchant,dev-4c52abbe1b5b,,True,2024-10-07
gaurav2862@kotak,1872894461,KKBK0895195,Gaurav Sheth,Kotak Mahindra Bank,individual,dev-486f0a2009d7,,True,2023-11-11
anvi2863@idfcfirst,5596432610,IDFB0901097,Anvi Saxena,IDFC First Bank,individual,dev-e10f9708f8b9,,True,2025-02-23
advay2864@oksbi,54540447753698,SBIN0235385,Advay Dar,State Bank of India,individual,dev-5207c947d8ba,,True,2024-12-04
fitan2865@ybl,9645130140188,YESB0568564,Fitan Dara,Yes Bank,individual,dev-5225c7f3f0fd,,True,2023-08-28
yashodhara2866@idfcfirst,25915058373,IDFB0926282,Yashodhara Kar,IDFC First Bank,individual,dev-f624f5a047dd,,True,2025-05-06
varsha2867@pnb,53477236950,PUNB0596049,Varsha Mahal,Punjab National Bank,individual,dev-869d6cb8dfe5,,True,2023-10-04
pratyush2868@idfcfirst,36465034300289,IDFB0836773,Pratyush Rajagopalan,IDFC First Bank,individual,dev-d776b6f0eaa8,,True,2024-12-20
radha2869@barodampay,871594903,BARB0919000,Radha Misra,Bank of Baroda,individual,dev-682646b78b7c,,True,2024-05-06
hardik2870@okaxis,605403937188169,UTIB0904579,Hardik Nanda,Axis Bank,individual,dev-6c10c0b87e3f,,True,2024-07-11
qasim2871@pnb,768767832912189,PUNB0424733,Qasim Ravi,Punjab National Bank,individual,dev-be407b190f6c,,True,2026-04-13
meera2872@kotak,10602722703,KKBK0536042,Meera Yadav,Kotak Mahindra Bank,individual,dev-19747c119615,,True,2025-05-20
devansh2873@kotak,037430022,KKBK0643458,Devansh Venkataraman,Kotak Mahindra Bank,individual,dev-cb3e6a78fe0d,innocent_bystander,True,2024-12-06
sarthak2874@kotak,631635921753,KKBK0599180,Sarthak Dalal,Kotak Mahindra Bank,individual,dev-f66152ec48f2,innocent_bystander,True,2024-08-15
pranit2875@okhdfcbank,28735352729,HDFC0932356,Pranit Ahluwalia,HDFC Bank,individual,dev-8d4e2a322a57,,True,2023-11-20
sekhon2876@ybl,85476405069784,YESB0489640,"Sekhon, Murthy and Das Food & Dining",Yes Bank,merchant,dev-5b0c7f86df4c,,True,2024-04-23
kabir2877@idfcfirst,63941275326,IDFB0266607,Kabir Jhaveri,IDFC First Bank,individual,dev-94f4bc18e6a3,,True,2023-07-23
gagan2878@ybl,9008642626476,YESB0575344,Gagan Kunda,Yes Bank,individual,dev-6762f9182b75,,True,2025-05-12
frado2879@okicici,8655163789,ICIC0916749,Frado Dash,ICICI Bank,individual,dev-a1880bc3e495,,True,2024-11-14
januja2880@barodampay,55995836881,BARB0073000,Januja Garg,Bank of Baroda,individual,dev-e1b47637111a,,True,2026-04-19
aadi2881@okicici,787619027780716,ICIC0226122,Aadi Kothari,ICICI Bank,individual,dev-09648b91e205,,True,2026-05-11
chakradhar2882@okaxis,623692046,UTIB0657812,Chakradhar Venkataraman,Axis Bank,individual,dev-6c1a4cf383f7,account_takeover,True,2026-04-05
sai2883@cnrb,337077197778,CNRB0402492,Sai Dey,Canara Bank,individual,dev-7ec07283433c,,True,2024-06-20
dhriti2884@okhdfcbank,437200871286,HDFC0482009,Dhriti Virk,HDFC Bank,individual,dev-69c5d95dede6,,True,2023-11-07
yashvi2885@cnrb,313463594828519,CNRB0713960,Yashvi Kadakia,Canara Bank,individual,dev-c556c4575360,,True,2024-09-02
chaitanya2886@okicici,961282986117440,ICIC0459175,Chaitanya Khalsa,ICICI Bank,individual,dev-884b16017ae3,,True,2026-02-06
raghav2887@idfcfirst,44249459870,IDFB0846868,Raghav Dhar,IDFC First Bank,individual,dev-bcaeac13c73e,,True,2024-10-05
tanveer2888@idfcfirst,160781515482767,IDFB0961180,Tanveer Desai,IDFC First Bank,individual,dev-ac8f9f2f1f07,,True,2025-07-07
jagrati2889@barodampay,3334150058733,BARB0489421,Jagrati Mall,Bank of Baroda,individual,dev-5e64e408320a,,True,2023-07-30
pahal2890@kotak,112464551069099,KKBK0788493,Pahal Borde,Kotak Mahindra Bank,individual,dev-e1e1f190eb36,,True,2023-12-05
abha2891@pnb,805457358559,PUNB0029004,Abha Raj,Punjab National Bank,individual,dev-00672d6088b6,innocent_bystander,True,2024-05-10
gade2892@oksbi,0038860827250909,SBIN0908180,"Gade, Ratta and Shan Home Services",State Bank of India,merchant,dev-5793712663e5,,True,2025-12-06
aachal2893@idfcfirst,369629436932,IDFB0781785,Aachal Sandal,IDFC First Bank,individual,dev-ea1e287ae9f0,,True,2023-09-01
samar2894@idfcfirst,6079053680,IDFB0669437,Samar Bobal,IDFC First Bank,individual,dev-c625cb2eae17,,True,2024-08-18
reyansh2895@okaxis,3155747269563,UTIB0675375,Reyansh Pradhan,Axis Bank,individual,dev-4fe7aed5fe0e,,True,2025-07-01
oni2896@idfcfirst,5515845813812281,IDFB0374506,Oni Dube,IDFC First Bank,individual,dev-0552a067703c,gambling_network,True,2023-07-23
radha2897@okhdfcbank,5079312668482,HDFC0512128,Radha Raghavan,HDFC Bank,individual,dev-7e7a85a89325,,True,2023-07-24
yug2898@barodampay,94987792451,BARB0517452,Yug Brahmbhatt,Bank of Baroda,individual,dev-dd53e9a7d9d7,gambling_network,True,2025-11-29
jeet2899@barodampay,1759913821153,BARB0929246,Jeet Wali,Bank of Baroda,individual,dev-431006f79287,gambling_network,True,2024-11-27
niharika2900@okaxis,4406168756376137,UTIB0438538,Niharika Bhatti,Axis Bank,individual,dev-04cd553ca9d9,,True,2024-01-07
gaurav2901@idfcfirst,633842169363343,IDFB0847440,Gaurav Patil,IDFC First Bank,individual,dev-f6a530e8c942,,True,2025-02-13
anjali2902@okaxis,4723094025450882,UTIB0366610,Anjali Dhingra,Axis Bank,individual,dev-f97f5816b760,,True,2025-03-21
anusha2903@ybl,969638289,YESB0451813,Anusha Anne,Yes Bank,individual,dev-683d703b0dd2,,True,2025-08-07
krishna2904@oksbi,3641569318315,SBIN0059807,Krishna Kapadia,State Bank of India,individual,dev-2f13edfddd72,,True,2023-09-06
henry2905@kotak,91261430140947,KKBK0204495,Henry Dasgupta,Kotak Mahindra Bank,individual,dev-f492008fa69e,,True,2025-09-19
damini2906@okhdfcbank,87304352388734,HDFC0292876,Damini Suri,HDFC Bank,individual,dev-b29665681ca1,,True,2023-12-08
wadhwa2907@ybl,281573186,YESB0912063,Wadhwa LLC Grocery,Yes Bank,merchant,dev-991c84b3f452,,True,2026-02-04
anika2908@barodampay,9419749151135157,BARB0146767,Anika Chaudhary,Bank of Baroda,individual,dev-5b6e9c03c93c,,True,2024-04-07
garde2909@kotak,03310162419963,KKBK0601940,Garde LLC Food & Dining,Kotak Mahindra Bank,merchant,dev-61c8cd623ee2,,True,2025-04-08
pratyush2910@cnrb,63188766758,CNRB0766268,Pratyush Pai,Canara Bank,individual,dev-e66ddc8a26b1,gambling_network,True,2025-09-23
wali2911@idfcfirst,5823669578,IDFB0420251,"Wali, Rau and Sood Food & Dining",IDFC First Bank,merchant,dev-edc72dd6a7eb,,True,2024-07-12
aashi2912@pnb,0125097902476433,PUNB0367280,Aashi Andra,Punjab National Bank,individual,dev-893e86b036ab,,True,2024-02-26
jonathan2913@oksbi,08449929287553,SBIN0404299,Jonathan Dhar,State Bank of India,individual,dev-fc7eda838bf5,,True,2025-10-15
amara2914@ybl,023411092,YESB0649033,Amara Bera,Yes Bank,individual,dev-19b5997d6a2f,,True,2024-08-23
zaid2915@okicici,7914982134,ICIC0293980,Zaid Sahota,ICICI Bank,individual,dev-dc4c0517af5d,innocent_bystander,True,2026-06-11
qadim2916@kotak,6736643414332,KKBK0518970,Qadim Sarna,Kotak Mahindra Bank,individual,dev-018ff001700e,,True,2023-07-29
upadhriti2917@okhdfcbank,624716350,HDFC0499343,Upadhriti Thakkar,HDFC Bank,individual,dev-243f11619d5d,,True,2024-10-19
anya2918@pnb,50090546013,PUNB0923404,Anya Sangha,Punjab National Bank,individual,dev-2ce1865951ce,,True,2026-01-12
dalaja2919@kotak,1286974086,KKBK0071562,Dalaja Chahal,Kotak Mahindra Bank,individual,dev-158185f849ea,,True,2024-06-14
niharika2920@oksbi,6321302464,SBIN0102034,Niharika Munshi,State Bank of India,individual,dev-87548eb89460,,True,2024-11-21
fariq2921@idfcfirst,5643099039,IDFB0399279,Fariq Bose,IDFC First Bank,individual,dev-b838689f48bc,,True,2025-02-03
girik2922@kotak,8270155588125,KKBK0957397,Girik Gandhi,Kotak Mahindra Bank,individual,dev-2aa967abbf3a,,True,2024-02-27
frado2923@barodampay,2364002539243,BARB0274298,Frado Mangal,Bank of Baroda,individual,dev-791903e23f4e,,True,2025-11-13
advaith2924@kotak,353658214629585,KKBK0392863,Advaith Samra,Kotak Mahindra Bank,individual,dev-df7dc8d84e8f,,True,2026-02-15
varsha2925@okicici,68161073791408,ICIC0999500,Varsha Tank,ICICI Bank,individual,dev-472674deac24,,True,2024-12-30
nidra2926@okaxis,288421267,UTIB0738256,Nidra Atwal,Axis Bank,individual,dev-cfa16cf57215,,True,2024-03-03
abhimanyu2927@ybl,821249815,YESB0824213,Abhimanyu Sandal,Yes Bank,individual,dev-5a95cdc2aa77,innocent_bystander,True,2025-03-09
yash2928@okicici,7231084501045171,ICIC0838764,Yash Wable,ICICI Bank,individual,dev-939b83ebadab,,True,2026-03-10
saumya2929@pnb,0729513883201031,PUNB0020202,Saumya Ganguly,Punjab National Bank,individual,dev-ff948cc76dbc,,True,2025-08-17
parth2930@ybl,770082959961832,YESB0576916,Parth Borde,Yes Bank,individual,dev-d6d0745b6d17,innocent_bystander,True,2023-08-02
kiaan2931@idfcfirst,2253367421239,IDFB0322586,Kiaan Varkey,IDFC First Bank,individual,dev-e486a0e8ae47,,True,2026-01-23
charan2932@kotak,525851776,KKBK0200609,Charan Sami,Kotak Mahindra Bank,individual,dev-43f6954b49af,,True,2026-01-01
raghavangarde2933@oksbi,3701268545,SBIN0011700,Raghavan-Garde Travel,State Bank of India,merchant,dev-fa4a99a9c19f,,True,2026-02-17
isaiah2934@kotak,8220579501285988,KKBK0279769,Isaiah Nigam,Kotak Mahindra Bank,individual,dev-47cc9b8f9859,,True,2023-12-14
jacob2935@okaxis,1415971088343,UTIB0581931,Jacob Mannan,Axis Bank,individual,dev-21646735c099,,True,2023-10-01
vasudha2936@okicici,100073173195492,ICIC0589765,Vasudha Memon,ICICI Bank,individual,dev-19ead3c09400,innocent_bystander,True,2025-12-14
tanay2937@okicici,674313591855,ICIC0300096,Tanay Agate,ICICI Bank,individual,dev-a5e4b7f13d61,,True,2023-12-19
teerth2938@okicici,0821516720004,ICIC0379074,Teerth Mody,ICICI Bank,individual,dev-53d414c74133,,True,2024-02-04
ubika2939@pnb,04389244209,PUNB0652065,Ubika Sura,Punjab National Bank,individual,dev-47254c69634d,gambling_network,True,2025-03-31
ishani2940@kotak,4630009839,KKBK0737407,Ishani Ahuja,Kotak Mahindra Bank,individual,dev-4da3ba22f472,,True,2024-06-19
falguni2941@okaxis,0197283334719398,UTIB0547630,Falguni Misra,Axis Bank,individual,dev-2eb1be1667fb,,True,2024-07-07
hredhaan2942@cnrb,5633372924903,CNRB0848891,Hredhaan Ahluwalia,Canara Bank,individual,dev-834bfb5045c4,,True,2025-10-15
quincy2943@pnb,22776458562,PUNB0455395,Quincy Ratti,Punjab National Bank,individual,dev-bafe9c05d4ca,innocent_bystander,True,2024-03-27
aditya2944@ybl,35368064128307,YESB0237199,Aditya Chaudhuri,Yes Bank,individual,dev-48e3065d1c53,gambling_network,True,2025-09-26
vyanjana2945@cnrb,338756390504589,CNRB0749573,Vyanjana Hora,Canara Bank,individual,dev-e7e3cef6daef,account_takeover,True,2025-06-11
yoshita2946@oksbi,66833605395,SBIN0771325,Yoshita Dube,State Bank of India,individual,dev-c08c54d5dbf5,,True,2025-06-08
jatin2947@barodampay,1216174350557100,BARB0958960,Jatin Sura,Bank of Baroda,individual,dev-d52a42581ce0,,True,2023-09-10
nachiket2948@okhdfcbank,145097900,HDFC0932055,Nachiket Krishna,HDFC Bank,individual,dev-fe61d2eea564,,True,2026-02-04
upma2949@barodampay,3466726094,BARB0956171,Upma Rana,Bank of Baroda,individual,dev-dbee28de50b5,,True,2024-09-27
mistrypatla2950@barodampay,54310881245,BARB0907156,Mistry-Patla Travel,Bank of Baroda,merchant,dev-18487eb226dc,,True,2025-05-05
qabil2951@kotak,17192062216,KKBK0220134,Qabil Yadav,Kotak Mahindra Bank,individual,dev-f321f2bc0d8f,,True,2023-08-10
choprasarna2952@kotak,865362373,KKBK0946498,Chopra-Sarna Food & Dining,Kotak Mahindra Bank,merchant,dev-6804bf6f0fa3,,True,2025-10-18
neel2953@barodampay,593241050,BARB0064170,Neel Dey,Bank of Baroda,individual,dev-8a1c8e7409a5,,True,2025-09-08
radha2954@kotak,15101895840976,KKBK0073488,Radha Ahluwalia,Kotak Mahindra Bank,individual,dev-9da06cf6428d,gambling_network,True,2024-02-14
rushil2955@okhdfcbank,0096982062,HDFC0678802,Rushil Choudhry,HDFC Bank,individual,dev-802fb1f75824,,True,2024-10-27
bhavani2956@pnb,4206848440554556,PUNB0102622,Bhavani Baria,Punjab National Bank,individual,dev-6bb4cc879d90,,True,2024-08-14
megha2957@okicici,458646215,ICIC0496852,Megha Sama,ICICI Bank,individual,dev-daf2094c6932,,True,2023-09-08
azad2958@pnb,7689149815375,PUNB0309912,Azad Dyal,Punjab National Bank,individual,dev-c2b1d26aa668,,True,2026-03-25
varenya2959@oksbi,616416641071264,SBIN0820943,Varenya Lata,State Bank of India,individual,dev-7197025e2f24,,True,2023-09-04
oviya2960@okaxis,2206740796045,UTIB0953011,Oviya Suresh,Axis Bank,individual,dev-c537c77f373c,,True,2023-11-02
joshua2961@oksbi,63168538306,SBIN0718657,Joshua Nair,State Bank of India,individual,dev-02a95c38004c,,True,2023-11-27
yachana2962@oksbi,461863270064,SBIN0171832,Yachana Ramachandran,State Bank of India,individual,dev-077e4b606fed,,True,2025-07-30
choudhary2963@kotak,304125663803205,KKBK0056811,Choudhary Inc Food & Dining,Kotak Mahindra Bank,merchant,dev-2a4d5c9b185b,,True,2024-06-02
jonathan2964@cnrb,875169139942,CNRB0286853,Jonathan Dugal,Canara Bank,individual,dev-f55f0c789699,gambling_network,True,2025-01-08
xiti2965@pnb,022919846,PUNB0533321,Xiti Arya,Punjab National Bank,individual,dev-04ecf7e8bc59,innocent_bystander,True,2026-04-24
charles2966@ybl,2772969456,YESB0160732,Charles Oommen,Yes Bank,individual,dev-d9539347954b,innocent_bystander,True,2025-11-29
anandsaraf2967@pnb,4969259981603,PUNB0030277,Anand-Saraf Grocery,Punjab National Bank,merchant,dev-a20166c29485,,True,2023-12-19
bimala2968@kotak,703070754608,KKBK0266262,Bimala Manda,Kotak Mahindra Bank,individual,dev-b1d8aed7937c,,True,2026-05-11
fitan2969@okaxis,327539447,UTIB0261179,Fitan Sanghvi,Axis Bank,individual,dev-305b1c6e5c30,,False,2026-05-20
michael2970@okaxis,4692730457156,UTIB0636503,Michael Vaidya,Axis Bank,individual,dev-1a541cd5aadc,,True,2025-07-18
zaid2971@okhdfcbank,292079318061613,HDFC0464884,Zaid Mand,HDFC Bank,individual,dev-ee6615e7ec1e,gambling_network,True,2024-11-24
adya2972@idfcfirst,7259840993158404,IDFB0514834,Adya Kota,IDFC First Bank,individual,dev-023cefeaf9a0,,True,2025-03-25
rushil2973@barodampay,9164524269096051,BARB0802621,Rushil Som,Bank of Baroda,individual,dev-aedc2047d03b,,True,2026-01-29
yadavi2974@ybl,9261263907688,YESB0896189,Yadavi Golla,Yes Bank,individual,dev-045d39cb923b,,True,2025-12-05
manthan2975@barodampay,248822366759152,BARB0538995,Manthan Karnik,Bank of Baroda,individual,dev-146ac6e295e2,,True,2023-11-05
deo2976@idfcfirst,472211016237,IDFB0518013,Deo Group Food & Dining,IDFC First Bank,merchant,dev-fb04c8133c0e,,True,2025-10-08
anusha2977@ybl,0953404041171365,YESB0513781,Anusha Handa,Yes Bank,individual,dev-d0331f719cd4,,True,2025-02-04
pooja2978@kotak,444277100315979,KKBK0148598,Pooja Badami,Kotak Mahindra Bank,individual,dev-fc7857b3ffec,innocent_bystander,True,2024-08-28
gavin2979@kotak,8862285738,KKBK0470762,Gavin Behl,Kotak Mahindra Bank,individual,dev-24599eac022e,,True,2024-09-19
nikita2980@okaxis,99867972191990,UTIB0807292,Nikita Vohra,Axis Bank,individual,dev-0f96279736f2,,True,2024-11-10
kashyapkapadia2981@pnb,3898594289132826,PUNB0933700,Kashyap-Kapadia Fuel,Punjab National Bank,merchant,dev-aea2f0e8cb49,,True,2025-02-14
pooja2982@pnb,512816966711,PUNB0989843,Pooja Srinivas,Punjab National Bank,individual,dev-1bf0406d5e78,innocent_bystander,True,2024-12-11
yashvi2983@okicici,9675271083,ICIC0039923,Yashvi Sane,ICICI Bank,individual,dev-07e7356f3876,,True,2026-05-04
behl2984@ybl,7370995216764,YESB0772231,"Behl, Modi and Choudhary Pharmacy",Yes Bank,merchant,dev-d754c7bc3507,,True,2023-08-11
januja2985@cnrb,027318535315996,CNRB0162580,Januja Mand,Canara Bank,individual,dev-1df35039d304,,True,2025-08-15
omya2986@oksbi,269473841,SBIN0505304,Omya Koshy,State Bank of India,individual,dev-0e20e04a250c,,True,2023-09-22
battagopal2987@pnb,2028898851769657,PUNB0656103,Batta-Gopal Grocery,Punjab National Bank,merchant,dev-ee48e61c4ae8,,True,2025-11-09
aadi2988@okaxis,76085926018,UTIB0888917,Aadi Ben,Axis Bank,individual,dev-940f49f4f321,,True,2023-09-18
simon2989@cnrb,26046672504,CNRB0982044,Simon Mangal,Canara Bank,individual,dev-73fa02d93d31,,True,2025-08-05
ati2990@kotak,60084469455461,KKBK0373115,Ati Chaudhuri,Kotak Mahindra Bank,individual,dev-d6f9377807e9,,True,2023-08-09
qasim2991@kotak,688953923975,KKBK0530382,Qasim Krishnan,Kotak Mahindra Bank,individual,dev-59df76772e35,,True,2025-04-28
januja2992@kotak,05050080948,KKBK0193482,Januja Natt,Kotak Mahindra Bank,individual,dev-998a81773726,innocent_bystander,True,2024-06-09
isaac2993@idfcfirst,05711539335,IDFB0977996,Isaac Chatterjee,IDFC First Bank,individual,dev-b4f480b0a723,innocent_bystander,True,2025-03-04
kalpit2994@ybl,45845437652887,YESB0815527,Kalpit Narula,Yes Bank,individual,dev-5692ef79d095,,False,2025-03-29
janaki2995@okicici,86937064774,ICIC0339747,Janaki Wadhwa,ICICI Bank,individual,dev-e7d987b65c35,,True,2025-04-29
wazir2996@barodampay,376524219754031,BARB0538202,Wazir Majumdar,Bank of Baroda,individual,dev-1f571a76fb10,,True,2025-07-17
rajagopalan2997@ybl,625574540722357,YESB0814683,Rajagopalan Inc Fashion,Yes Bank,merchant,dev-364bcb98efca,,True,2023-09-22
kalpit2998@idfcfirst,1012119285,IDFB0436153,Kalpit Dara,IDFC First Bank,individual,dev-89abe1c775c5,,True,2024-05-30
rayaan2999@cnrb,1984948560912477,CNRB0626591,Rayaan Hans,Canara Bank,individual,dev-d517bede9d86,,True,2023-11-19
hardik3000@okhdfcbank,47212040352,HDFC0250017,Hardik Borde,HDFC Bank,individual,dev-7100c599c58c,innocent_bystander,True,2024-09-18
charvi3001@pnb,97508487918,PUNB0711656,Charvi Som,Punjab National Bank,individual,dev-cb6f474b9114,,True,2024-02-03
mitesh3002@pnb,960635339216690,PUNB0916137,Mitesh Bassi,Punjab National Bank,individual,dev-b3f5f1d66156,account_takeover,True,2026-02-19
handa3003@barodampay,8636530732303870,BARB0330078,Handa Group Fashion,Bank of Baroda,merchant,dev-dd492aaab974,,True,2026-02-17
idika3004@kotak,360524384,KKBK0753077,Idika Pau,Kotak Mahindra Bank,individual,dev-feb4a50a10e3,,True,2025-09-23
jacob3005@okaxis,207846990,UTIB0069046,Jacob Sarin,Axis Bank,individual,dev-21381762bb9a,,True,2024-03-21
vasudha3006@okhdfcbank,2047189682677,HDFC0700665,Vasudha Saini,HDFC Bank,individual,dev-c832b4315826,,True,2023-09-04
ojas3007@oksbi,712823620503,SBIN0660143,Ojas Mahal,State Bank of India,individual,dev-c90550bd05b3,,True,2026-03-15
dayal3008@ybl,145694691,YESB0479931,"Dayal, Mann and Bath Grocery",Yes Bank,merchant,dev-641baf4da8ba,,True,2025-11-14
ranveer3009@oksbi,30616044531,SBIN0775839,Ranveer Rao,State Bank of India,individual,dev-9564f1e70c80,,True,2025-01-09
yochana3010@kotak,23551873620702,KKBK0302896,Yochana Borde,Kotak Mahindra Bank,individual,dev-b42b60e5b801,,True,2025-07-23
raksha3011@cnrb,9172049413,CNRB0694773,Raksha Upadhyay,Canara Bank,individual,dev-e667e3487747,,True,2024-10-01
madhavi3012@okicici,57296921732757,ICIC0243678,Madhavi Rattan,ICICI Bank,individual,dev-bf5229120937,account_takeover,True,2024-07-10
samuel3013@idfcfirst,3473823188,IDFB0207110,Samuel Gour,IDFC First Bank,individual,dev-6fa1ca876a04,,True,2024-11-30
nathaniel3014@barodampay,2342559879408343,BARB0911106,Nathaniel Kamdar,Bank of Baroda,individual,dev-6972785ef04b,,True,2026-04-12
yochana3015@barodampay,6588386805,BARB0625455,Yochana Shah,Bank of Baroda,individual,dev-9e75d93dd6dc,,True,2024-07-16
chavvi3016@cnrb,3665619136,CNRB0127382,Chavvi Kannan,Canara Bank,individual,dev-9bd79e6ff38f,,True,2024-02-20
loyaldani3017@okicici,2317191978841,ICIC0676561,Loyal-Dani Electronics,ICICI Bank,merchant,dev-771522a879f9,,True,2023-08-03
udarsh3018@okicici,3141834661,ICIC0076347,Udarsh Bath,ICICI Bank,individual,dev-4a5ebb4875f5,,True,2024-04-12
bishakha3019@ybl,9862014858970,YESB0234596,Bishakha Baral,Yes Bank,individual,dev-26715b56adbe,,True,2024-02-09
arunima3020@idfcfirst,881696877891,IDFB0788878,Arunima Deol,IDFC First Bank,individual,dev-9c544462dfb2,,True,2026-05-22
charan3021@cnrb,52800775508,CNRB0847199,Charan Kothari,Canara Bank,individual,dev-4d8497346ff9,account_takeover,True,2025-10-15
jack3022@pnb,256386284730557,PUNB0736416,Jack Agarwal,Punjab National Bank,individual,dev-c84b34b004d4,,True,2024-08-13
jyoti3023@oksbi,516482251,SBIN0458227,Jyoti Nair,State Bank of India,individual,dev-c51fdf98f1cd,,True,2026-02-28
aishani3024@kotak,72110300252,KKBK0408391,Aishani Deol,Kotak Mahindra Bank,individual,dev-495ae66d8a9f,innocent_bystander,True,2025-04-14
chaitaly3025@okicici,6639726316408659,ICIC0709918,Chaitaly Nair,ICICI Bank,individual,dev-f443abfa92c6,,True,2024-10-16
advaith3026@okaxis,5814927317797,UTIB0306640,Advaith Parekh,Axis Bank,individual,dev-ff5a7bba4529,innocent_bystander,True,2025-04-30
ati3027@okaxis,725819337342,UTIB0134991,Ati Goda,Axis Bank,individual,dev-912d62ddb31d,,True,2024-01-31
amol3028@okhdfcbank,64232824605,HDFC0634521,Amol Yogi,HDFC Bank,individual,dev-1971168724d7,,True,2025-09-18
lavanya3029@okaxis,4124648706,UTIB0027012,Lavanya Kurian,Axis Bank,individual,dev-e7116a2c4bb4,,True,2025-07-29
riya3030@cnrb,1071188570,CNRB0167226,Riya Kannan,Canara Bank,individual,dev-e80d805a864a,,True,2025-03-26
amruta3031@okicici,646277468622983,ICIC0716684,Amruta Jani,ICICI Bank,individual,dev-fa9f9c09e371,,True,2025-09-04
nachiket3032@okicici,520211949521,ICIC0759799,Nachiket Sehgal,ICICI Bank,individual,dev-28c9561d15da,,True,2024-09-30
radha3033@okaxis,3096870485597,UTIB0767703,Radha Pillay,Axis Bank,individual,dev-ce387ecc4c90,,True,2024-11-03
varenya3034@okicici,408017440175244,ICIC0922950,Varenya Chander,ICICI Bank,individual,dev-2fa2e8e28b56,,False,2025-02-08
pratyush3035@okhdfcbank,827232877374,HDFC0714996,Pratyush Sharaf,HDFC Bank,individual,dev-ce1ff943a803,,True,2026-03-28
patrick3036@idfcfirst,60242583447728,IDFB0647487,Patrick Gulati,IDFC First Bank,individual,dev-3522e4e42f63,,True,2026-04-09
pranit3037@pnb,41181202828,PUNB0811716,Pranit Manda,Punjab National Bank,individual,dev-8ec638b34c45,,True,2024-03-26
dayita3038@barodampay,98383217488521,BARB0961409,Dayita Gaba,Bank of Baroda,individual,dev-d04ba24e9346,innocent_bystander,True,2025-07-05
meera3039@kotak,600531771174,KKBK0308273,Meera Guha,Kotak Mahindra Bank,individual,dev-a37d7e87827e,gambling_network,True,2026-04-04
dhar3040@okicici,3290352719439140,ICIC0511562,Dhar Inc Fashion,ICICI Bank,merchant,dev-799b335386ad,,True,2025-10-23
yatan3041@pnb,580828641372620,PUNB0616229,Yatan Sha,Punjab National Bank,individual,dev-ebeeffcfedc6,,True,2025-01-17
harish3042@oksbi,29070388309,SBIN0888580,Harish Vyas,State Bank of India,individual,dev-21782a7f8852,,True,2024-04-07
advik3043@barodampay,6104517683,BARB0659206,Advik Chaudhry,Bank of Baroda,individual,dev-2164cdf6e870,,True,2025-01-26
leena3044@ybl,949930842,YESB0793914,Leena Bail,Yes Bank,individual,dev-3700667be2f0,account_takeover,True,2025-11-17
agastya3045@pnb,1449890896,PUNB0994460,Agastya Bassi,Punjab National Bank,individual,dev-dea589cd0138,,True,2023-09-17
yuvraj3046@pnb,0303660734601,PUNB0165315,Yuvraj Chacko,Punjab National Bank,individual,dev-471b105528b8,,True,2024-11-02
luke3047@oksbi,7193075693,SBIN0907929,Luke Arya,State Bank of India,individual,dev-73c95bee6fde,,True,2026-07-11
hitesh3048@cnrb,258999211,CNRB0979266,Hitesh Nigam,Canara Bank,individual,dev-556bf037f99e,,True,2025-10-15
samaksh3049@oksbi,87147782892,SBIN0660165,Samaksh Dewan,State Bank of India,individual,dev-1919e3adc278,,True,2024-07-07
sachi3050@oksbi,0555048617980,SBIN0029803,Sachi Gade,State Bank of India,individual,dev-97871f2d8997,,True,2024-06-02
narulasrinivas3051@cnrb,8673077180607,CNRB0440400,Narula-Srinivas Utilities,Canara Bank,merchant,dev-ad78ce530f91,,True,2026-06-02
kohli3052@ybl,522786764440,YESB0578566,Kohli Inc Fashion,Yes Bank,merchant,dev-425309305202,,True,2024-01-05
jatin3053@ybl,9306613910864,YESB0301241,Jatin Bail,Yes Bank,individual,dev-50d708df90c7,innocent_bystander,True,2026-02-02
harshil3054@okaxis,600373392,UTIB0767816,Harshil Minhas,Axis Bank,individual,dev-b52f07d5038f,,True,2024-12-04
yasti3055@idfcfirst,08496090259,IDFB0166901,Yasti Sagar,IDFC First Bank,individual,dev-a360c7894831,,True,2025-07-16
aarav3056@cnrb,09764737667115,CNRB0807292,Aarav Kapur,Canara Bank,individual,dev-72dae740edcf,,True,2025-07-22
utkarsh3057@idfcfirst,3657879473726,IDFB0014277,Utkarsh Sane,IDFC First Bank,individual,dev-07de56c4cf4a,,True,2025-09-02
manan3058@okicici,1908385857665,ICIC0256542,Manan Pandit,ICICI Bank,individual,dev-7e3451d9e384,,True,2023-11-29
upkaar3059@okhdfcbank,7886061796,HDFC0239270,Upkaar Rajagopalan,HDFC Bank,individual,dev-0ab0744cd803,,True,2023-11-15
vyanjana3060@idfcfirst,9636772992233,IDFB0186422,Vyanjana Gara,IDFC First Bank,individual,dev-51dcfb2a0a7a,,True,2023-08-21
udarsh3061@idfcfirst,4086764736,IDFB0882428,Udarsh Chaudry,IDFC First Bank,individual,dev-9a3c23d6a245,innocent_bystander,True,2025-04-04
parikhbose3062@oksbi,54939934647,SBIN0259120,Parikh-Bose Fuel,State Bank of India,merchant,dev-a7e907f514b7,,True,2024-10-03
jagat3063@oksbi,42200770536,SBIN0594925,Jagat Patel,State Bank of India,individual,dev-4d27b0cc7328,,True,2025-06-24
caleb3064@cnrb,12543699554880,CNRB0796108,Caleb Dora,Canara Bank,individual,dev-76b8aa07e2c4,,True,2024-09-28
priya3065@okhdfcbank,528551010587,HDFC0224283,Priya Wali,HDFC Bank,individual,dev-01843532f435,,True,2025-03-29
pratyush3066@kotak,720321218053845,KKBK0395978,Pratyush Sandal,Kotak Mahindra Bank,individual,dev-f45491ce2714,,True,2025-10-02
charvi3067@pnb,49505981264,PUNB0823104,Charvi Mangat,Punjab National Bank,individual,dev-94753b85e6cf,,True,2024-06-04
hemang3068@okicici,7723099362603394,ICIC0222544,Hemang Madan,ICICI Bank,individual,dev-26cb100cc2e2,,True,2024-11-12
jyoti3069@okaxis,59631160303809,UTIB0973961,Jyoti Lanka,Axis Bank,individual,dev-7ca115dd1f59,innocent_bystander,True,2024-04-01
aarnav3070@kotak,780995312719,KKBK0145626,Aarnav Dixit,Kotak Mahindra Bank,individual,dev-b77b30c15944,innocent_bystander,True,2023-10-12
ekaja3071@oksbi,44400208946006,SBIN0772565,Ekaja Divan,State Bank of India,individual,dev-b4e6e2edfcf6,,True,2024-03-21
sanya3072@okicici,112566721915,ICIC0286546,Sanya Sridhar,ICICI Bank,individual,dev-74c533bb127a,,True,2023-08-15
isaiah3073@kotak,9514025963620,KKBK0733778,Isaiah Sane,Kotak Mahindra Bank,individual,dev-f30003d88410,,True,2026-06-15
maanav3074@kotak,190520923,KKBK0184774,Maanav Chana,Kotak Mahindra Bank,individual,dev-5cb0b1af262d,,True,2026-02-26
joshua3075@ybl,834784984211,YESB0192373,Joshua Gopal,Yes Bank,individual,dev-06fb921158ec,,True,2026-05-25
ira3076@pnb,99061507914,PUNB0194125,Ira Nagar,Punjab National Bank,individual,dev-5dbd2e3243d3,,True,2025-01-22
panini3077@okhdfcbank,2331555457216,HDFC0137337,Panini Srivastava,HDFC Bank,individual,dev-845ff959069b,,True,2024-09-21
gauri3078@oksbi,98339879605305,SBIN0560330,Gauri Devi,State Bank of India,individual,dev-4b615dbbfff7,,True,2025-11-28
leela3079@okhdfcbank,925964519503498,HDFC0303969,Leela Sahota,HDFC Bank,individual,dev-5e98c62ad96d,,True,2026-07-06
waida3080@pnb,5625566212155087,PUNB0466500,Waida Walia,Punjab National Bank,individual,dev-88885c2985d1,,True,2025-02-02
leena3081@idfcfirst,3684081744251247,IDFB0513709,Leena Chacko,IDFC First Bank,individual,dev-4449dae0abfd,,True,2026-01-18
theodore3082@oksbi,8445217165,SBIN0471422,Theodore Chahal,State Bank of India,individual,dev-f857ac60de1f,,True,2025-01-02
janaki3083@cnrb,117634380631,CNRB0157124,Janaki Agate,Canara Bank,individual,dev-c82d36694b3d,,True,2024-10-26
anay3084@barodampay,49859773499701,BARB0456896,Anay Patil,Bank of Baroda,individual,dev-a4f5d88ca7c0,,True,2024-09-08
kiaan3085@okicici,684865173293,ICIC0359741,Kiaan Choudhary,ICICI Bank,individual,dev-a0a7adf1c440,,True,2023-12-29
ikshita3086@cnrb,594183481123,CNRB0857659,Ikshita Patel,Canara Bank,individual,dev-92715aa2d586,,True,2025-09-19
chaitaly3087@okaxis,1145568322358449,UTIB0343159,Chaitaly Sharma,Axis Bank,individual,dev-2eb4de2990e9,,True,2024-07-15
oviya3088@oksbi,181256772379,SBIN0867761,Oviya Kibe,State Bank of India,individual,dev-305097f7621e,innocent_bystander,True,2024-06-09
udarsh3089@kotak,2706315248693,KKBK0405252,Udarsh Bhalla,Kotak Mahindra Bank,individual,dev-7206eaaf293e,,True,2025-01-20
jacob3090@oksbi,00838673376536,SBIN0389274,Jacob Dhar,State Bank of India,individual,dev-4138e4e34c98,,True,2024-06-10
atharv3091@kotak,246838739,KKBK0944189,Atharv Samra,Kotak Mahindra Bank,individual,dev-c7333c4a4f89,,True,2024-03-26
chatura3092@ybl,8240871254184,YESB0671106,Chatura Cherian,Yes Bank,individual,dev-1649aac0b0f8,,True,2024-08-14
vansha3093@okaxis,159125152639,UTIB0837615,Vansha Dugar,Axis Bank,individual,dev-f1cc58fe03a2,,False,2025-11-17
manan3094@ybl,05865163615,YESB0497590,Manan Pau,Yes Bank,individual,dev-a64eeec4e723,,True,2024-06-09
farhan3095@idfcfirst,963291015,IDFB0284820,Farhan Konda,IDFC First Bank,individual,dev-9fe4b1945811,innocent_bystander,True,2025-12-17
advik3096@cnrb,291445293762,CNRB0936229,Advik Saha,Canara Bank,individual,dev-4466c3753a8b,innocent_bystander,True,2023-09-29
qabil3097@cnrb,5543763810647672,CNRB0252131,Qabil Singhal,Canara Bank,individual,dev-83055840842a,,True,2024-12-15
dey3098@idfcfirst,13878150412,IDFB0260291,"Dey, Wable and Mistry Pharmacy",IDFC First Bank,merchant,dev-370748309cc4,,True,2024-08-21
sabharwalnazareth3099@okhdfcbank,30991540361,HDFC0365565,Sabharwal-Nazareth Home Services,HDFC Bank,merchant,dev-a7955b4075e2,,True,2024-11-22
agastya3100@barodampay,7100641340506072,BARB0516196,Agastya Mangat,Bank of Baroda,individual,dev-fea6c6625503,,True,2025-05-25
nachiket3101@okicici,7323740571,ICIC0070144,Nachiket Bhasin,ICICI Bank,individual,dev-3468b1a018e3,,True,2024-07-01
oscar3102@okicici,8455523173,ICIC0050298,Oscar Thakur,ICICI Bank,individual,dev-29e5eb0bfec5,,True,2025-01-23
advay3103@ybl,282726078554,YESB0591184,Advay Randhawa,Yes Bank,individual,dev-e397c2900846,,True,2025-11-19
suhani3104@ybl,731778580103108,YESB0156032,Suhani Kuruvilla,Yes Bank,individual,dev-5e8a77d40316,innocent_bystander,False,2024-06-02
utkarsh3105@barodampay,358070351266,BARB0082862,Utkarsh Sampath,Bank of Baroda,individual,dev-fe5210c7dfb2,,True,2026-05-30
anita3106@barodampay,688304434563696,BARB0603003,Anita Chanda,Bank of Baroda,individual,dev-21681e49c37d,,True,2024-02-05
jeremiah3107@idfcfirst,078490866504,IDFB0950780,Jeremiah Kakar,IDFC First Bank,individual,dev-c1c363766bd5,,True,2025-12-16
daksh3108@oksbi,660168878,SBIN0606659,Daksh Kanda,State Bank of India,individual,dev-d9e44b2898bc,,True,2024-12-04
qarin3109@okaxis,32475794815408,UTIB0741505,Qarin Brahmbhatt,Axis Bank,individual,dev-c79e869589f0,,True,2024-01-19
vansha3110@cnrb,718593980,CNRB0382728,Vansha Munshi,Canara Bank,individual,dev-9771e16790ce,,True,2026-04-10
lajita3111@kotak,608527431427,KKBK0370918,Lajita Gala,Kotak Mahindra Bank,individual,dev-40f04f1e3630,,True,2025-08-19
kamya3112@okicici,7369493271,ICIC0093326,Kamya Samra,ICICI Bank,individual,dev-87913a5e849b,,True,2024-09-24
anamika3113@okicici,49107899360486,ICIC0844522,Anamika Chopra,ICICI Bank,individual,dev-d36b33f25f47,,True,2025-03-30
brahmbhatt3114@pnb,577600792501,PUNB0484565,Brahmbhatt LLC Travel,Punjab National Bank,merchant,dev-6e9616048a97,,True,2023-12-26
nayak3115@pnb,48942585371219,PUNB0940638,"Nayak, Bala and Khatri Electronics",Punjab National Bank,merchant,dev-cb0761f50d76,,True,2025-03-05
nicholas3116@okaxis,085580829730110,UTIB0615917,Nicholas Chhabra,Axis Bank,individual,dev-9bb8f9dda22f,,True,2025-07-05
siddharth3117@cnrb,733442217299,CNRB0672254,Siddharth Apte,Canara Bank,individual,dev-47a19dfd66ea,innocent_bystander,True,2025-10-24
guhajaggi3118@cnrb,0378089965118886,CNRB0563888,Guha-Jaggi Fashion,Canara Bank,merchant,dev-197d893102ba,,True,2023-11-28
wridesh3119@cnrb,8328941684177884,CNRB0312918,Wridesh Luthra,Canara Bank,individual,dev-9e055f2a2f05,,True,2025-10-09
chaitanya3120@okaxis,14447216099365,UTIB0693840,Chaitanya Sule,Axis Bank,individual,dev-465b23380ac4,,True,2025-10-23
chanakya3121@cnrb,0536381923,CNRB0024457,Chanakya Murty,Canara Bank,individual,dev-c1f0bead4a54,innocent_bystander,True,2026-04-08
dayamai3122@oksbi,806378818973703,SBIN0824202,Dayamai Anand,State Bank of India,individual,dev-d867dea6573b,,True,2025-04-17
barkha3123@pnb,4454352962,PUNB0692660,Barkha Rao,Punjab National Bank,individual,dev-77d318f8d070,,True,2024-07-16
divya3124@cnrb,7115621621334355,CNRB0037340,Divya Raman,Canara Bank,individual,dev-98e0433d36c7,,True,2023-11-25
kai3125@cnrb,8080568779001248,CNRB0392768,Kai Chatterjee,Canara Bank,individual,dev-548b3be48b37,innocent_bystander,True,2024-03-12
nikita3126@kotak,698222190420,KKBK0830789,Nikita Thakur,Kotak Mahindra Bank,individual,dev-c92aa3803886,,True,2023-12-09
yadavi3127@barodampay,0235883508,BARB0234724,Yadavi Doctor,Bank of Baroda,individual,dev-ea846e10e1c4,,True,2023-08-16
lavanya3128@okaxis,1349687952406,UTIB0615481,Lavanya Sood,Axis Bank,individual,dev-b0a2452af6a6,account_takeover,True,2025-04-03
barad3129@okaxis,5169912580,UTIB0225198,"Barad, Mannan and Edwin Fashion",Axis Bank,merchant,dev-c15a0c28dc42,,True,2023-11-09
ubika3130@kotak,0817607431,KKBK0115409,Ubika Brar,Kotak Mahindra Bank,individual,dev-26ffb76816f7,innocent_bystander,True,2024-10-19
vincent3131@ybl,025901379159977,YESB0276428,Vincent Kale,Yes Bank,individual,dev-74ef3a4f2024,,True,2025-05-11
naveen3132@okhdfcbank,580757514,HDFC0987049,Naveen Thaker,HDFC Bank,individual,dev-b4e90cd30c46,,True,2025-08-21
sara3133@idfcfirst,7773525500,IDFB0950757,Sara Deep,IDFC First Bank,individual,dev-f1f9438d4915,,True,2024-01-29
bina3134@okaxis,2372642173,UTIB0556192,Bina Parsa,Axis Bank,individual,dev-437085423b64,innocent_bystander,True,2025-08-22
balveer3135@oksbi,031080035477070,SBIN0913978,Balveer Ram,State Bank of India,individual,dev-42a84f4e7153,,True,2024-08-25
joshi3136@idfcfirst,0469858989340,IDFB0133764,Joshi PLC Pharmacy,IDFC First Bank,merchant,dev-f5250ad1855d,,True,2026-01-19
michael3137@cnrb,04815775321726,CNRB0048479,Michael Tank,Canara Bank,individual,dev-3fadb04ad0d4,,True,2026-06-05
alexander3138@okaxis,8813622581094092,UTIB0112894,Alexander Dhar,Axis Bank,individual,dev-2c7122ab8596,innocent_bystander,True,2025-12-08
gagan3139@barodampay,9713878457770246,BARB0966991,Gagan Tara,Bank of Baroda,individual,dev-03f20d4d4e85,,True,2023-09-21
suhani3140@okaxis,191447387,UTIB0508465,Suhani Murthy,Axis Bank,individual,dev-d581e4e4f79b,innocent_bystander,True,2024-03-05
chakrika3141@kotak,228983095,KKBK0972801,Chakrika Edwin,Kotak Mahindra Bank,individual,dev-28c5d62a8fcc,,True,2023-09-08
ati3142@kotak,88103044903353,KKBK0633490,Ati Patla,Kotak Mahindra Bank,individual,dev-430d60d925da,,True,2026-05-26
gaurav3143@okhdfcbank,99222269487284,HDFC0010684,Gaurav Bobal,HDFC Bank,individual,dev-e8ab2fb76c7b,gambling_network,True,2025-06-11
triveni3144@okicici,185700739,ICIC0430945,Triveni Kuruvilla,ICICI Bank,individual,dev-57e9d6d7ca9a,,True,2024-10-30
aahana3145@barodampay,32985333506,BARB0575335,Aahana Sathe,Bank of Baroda,individual,dev-c7e90325a5f1,,True,2024-09-13
jatin3146@barodampay,64499634343,BARB0445177,Jatin Sura,Bank of Baroda,individual,dev-3b1d6f7f0d3a,innocent_bystander,True,2026-05-25
januja3147@ybl,29773944972,YESB0651144,Januja Mangat,Yes Bank,individual,dev-cb42b1595ae9,,True,2026-07-14
regedayal3148@kotak,56614721483317,KKBK0337538,Rege-Dayal Electronics,Kotak Mahindra Bank,merchant,dev-2c07642bcfcc,,True,2023-08-02
jeevika3149@okaxis,109914548,UTIB0576993,Jeevika Vala,Axis Bank,individual,dev-20a0f1439ed5,innocent_bystander,True,2024-08-22
kashvi3150@idfcfirst,092094120,IDFB0677061,Kashvi Chacko,IDFC First Bank,individual,dev-f48594efa4d0,,True,2026-04-09
sachdev3151@ybl,2214937344946898,YESB0103161,"Sachdev, Toor and Sengupta Electronics",Yes Bank,merchant,dev-48b3ae1c8ee3,,True,2025-04-16
brijesh3152@oksbi,6528427166,SBIN0453026,Brijesh Bhandari,State Bank of India,individual,dev-cc1b313471ac,,True,2024-08-03
abhiram3153@pnb,55164248442818,PUNB0931378,Abhiram Dubey,Punjab National Bank,individual,dev-761a692d589a,,True,2026-01-01
bina3154@oksbi,1863550466,SBIN0181899,Bina Prashad,State Bank of India,individual,dev-769098edced5,,True,2026-01-01
mohini3155@okhdfcbank,97942041681553,HDFC0218641,Mohini Bora,HDFC Bank,individual,dev-21b7aeb658e4,,True,2024-07-12
lipika3156@oksbi,479645504780,SBIN0681739,Lipika Shere,State Bank of India,individual,dev-a63d381c330f,,True,2025-03-11
ikshita3157@idfcfirst,5067476539647297,IDFB0638895,Ikshita Shukla,IDFC First Bank,individual,dev-7d103244111c,,True,2025-10-27
udyati3158@okhdfcbank,166845135492,HDFC0051329,Udyati Chopra,HDFC Bank,individual,dev-fefe12de1b03,,True,2024-10-13
pranit3159@okaxis,453443547761867,UTIB0649369,Pranit Chokshi,Axis Bank,individual,dev-0614c684bb9a,,True,2024-07-25
rachita3160@okhdfcbank,66100722950,HDFC0303561,Rachita Iyengar,HDFC Bank,individual,dev-94caa7796668,,True,2024-05-02
falguni3161@barodampay,0749084466882,BARB0274708,Falguni Bhattacharyya,Bank of Baroda,individual,dev-c84e6de06576,,True,2023-08-22
hema3162@idfcfirst,997943118024,IDFB0359654,Hema Sunder,IDFC First Bank,individual,dev-2aa8bdecdf1c,,True,2026-03-15
vamakshi3163@oksbi,540005800653,SBIN0017913,Vamakshi Contractor,State Bank of India,individual,dev-cfd570cd82bd,,True,2023-10-30
suhani3164@pnb,44874796308050,PUNB0879464,Suhani Barad,Punjab National Bank,individual,dev-d9da1508b2e8,,True,2025-09-21
upma3165@cnrb,902248763,CNRB0092613,Upma Dhingra,Canara Bank,individual,dev-3fe7c5b1dfb7,,True,2025-10-23
ekaja3166@okhdfcbank,38507286100216,HDFC0165379,Ekaja Balay,HDFC Bank,individual,dev-e9cb4772c5e6,,True,2024-04-12
david3167@okicici,35755260018,ICIC0613101,David Pathak,ICICI Bank,individual,dev-6318435934cd,,True,2026-02-01
urvashi3168@okicici,6809459839012264,ICIC0850293,Urvashi Kala,ICICI Bank,individual,dev-2698729fb89b,,True,2023-08-24
siddharth3169@cnrb,16384373768401,CNRB0005041,Siddharth Bajaj,Canara Bank,individual,dev-049faada2074,,True,2024-03-28
anamika3170@okicici,43416099204047,ICIC0309580,Anamika Krishnan,ICICI Bank,individual,dev-8e66cce475bc,,True,2024-11-22
fiyaz3171@cnrb,6854178973738087,CNRB0889201,Fiyaz Dhar,Canara Bank,individual,dev-338b9c3d7292,,True,2025-05-26
anusha3172@okicici,513536765626,ICIC0051306,Anusha Ravel,ICICI Bank,individual,dev-3605adcab1df,,True,2023-09-04
chanchal3173@ybl,2426402359969,YESB0017279,Chanchal Seth,Yes Bank,individual,dev-77173cdcb4cc,,True,2024-06-01
tanish3174@kotak,735023777435,KKBK0266671,Tanish Lad,Kotak Mahindra Bank,individual,dev-6a1a56870f07,account_takeover,True,2023-11-19
chatura3175@ybl,86907008331,YESB0108483,Chatura Chanda,Yes Bank,individual,dev-f9bccba90c0a,,True,2024-11-21
hema3176@pnb,539173326,PUNB0197212,Hema Mishra,Punjab National Bank,individual,dev-13196d5f73d9,,True,2025-02-07
rushil3177@barodampay,869984488375,BARB0113515,Rushil Palla,Bank of Baroda,individual,dev-bf86941f994c,innocent_bystander,True,2024-04-27
vasatika3178@kotak,3777463942499,KKBK0355645,Vasatika Soman,Kotak Mahindra Bank,individual,dev-b1138ee297f0,,True,2024-11-30
rajeshri3179@okhdfcbank,442199471,HDFC0183086,Rajeshri Pant,HDFC Bank,individual,dev-18061185e198,,True,2024-09-09
advaith3180@okaxis,409877678,UTIB0512638,Advaith Issac,Axis Bank,individual,dev-821127d4c268,,True,2024-12-13
dhillon3181@ybl,906008918951753,YESB0865211,Dhillon LLC Food & Dining,Yes Bank,merchant,dev-cec6a39df546,,True,2025-12-08
akshay3182@kotak,106504255,KKBK0500281,Akshay Dora,Kotak Mahindra Bank,individual,dev-8a6b17668948,,True,2024-11-19
manbir3183@okaxis,6958770571968,UTIB0632802,Manbir Tata,Axis Bank,individual,dev-9f5ce8e43477,,True,2025-08-08
ishaan3184@oksbi,6759897299285,SBIN0723436,Ishaan Ray,State Bank of India,individual,dev-316b9657a7d9,,True,2024-10-02
aarush3185@idfcfirst,0154681382,IDFB0096799,Aarush Seshadri,IDFC First Bank,individual,dev-6e0e503d3e08,,True,2023-08-28
shivani3186@ybl,362449169,YESB0905377,Shivani Chatterjee,Yes Bank,individual,dev-3432d38c8c70,,True,2024-06-30
tejas3187@okhdfcbank,755217597290,HDFC0095636,Tejas Guha,HDFC Bank,individual,dev-62c7f99bbdfd,account_takeover,True,2026-04-30
ojas3188@cnrb,8881055086,CNRB0681734,Ojas Purohit,Canara Bank,individual,dev-1311e68bf0d0,,True,2024-07-21
ijaya3189@cnrb,3589072389,CNRB0793779,Ijaya Kadakia,Canara Bank,individual,dev-05a11a2f60ab,,True,2026-02-14
akshay3190@idfcfirst,880701611445943,IDFB0211988,Akshay Prabhakar,IDFC First Bank,individual,dev-d82581e0a212,,True,2025-07-15
babumittal3191@barodampay,667187741,BARB0510706,Babu-Mittal Fuel,Bank of Baroda,merchant,dev-59a7828bbc8e,,True,2025-11-14
yadavi3192@oksbi,284559150,SBIN0046479,Yadavi Dash,State Bank of India,individual,dev-8d4eeb7b1099,,True,2023-12-25
tamanna3193@kotak,6098196486733082,KKBK0137479,Tamanna Sachdev,Kotak Mahindra Bank,individual,dev-a38a9e149506,,True,2026-03-27
pandeypandey3194@kotak,948108878789884,KKBK0818502,Pandey-Pandey Grocery,Kotak Mahindra Bank,merchant,dev-e0324a3d93cc,,True,2024-03-23
gautami3195@ybl,1436800472702,YESB0519174,Gautami Comar,Yes Bank,individual,dev-cfd94aa0c739,,True,2024-10-10
shanker3196@idfcfirst,47763516237,IDFB0123036,Shanker Group Pharmacy,IDFC First Bank,merchant,dev-66277e54b391,,True,2024-12-13
peter3197@okicici,2490655553490106,ICIC0330975,Peter Gaba,ICICI Bank,individual,dev-2da67f0b0430,,True,2025-11-30
sarin3198@ybl,6581417213,YESB0564403,"Sarin, Raj and Mane Travel",Yes Bank,merchant,dev-14537a34afb2,,True,2026-04-17
bhanumati3199@ybl,1964035949570,YESB0797669,Bhanumati Chaudhary,Yes Bank,individual,dev-f8fbfb3d7065,innocent_bystander,True,2026-04-08
hemang3200@oksbi,30577320627506,SBIN0253711,Hemang Chakraborty,State Bank of India,individual,dev-64af3ddf6948,,False,2025-05-25
nisha3201@pnb,6815823476128,PUNB0673670,Nisha Chawla,Punjab National Bank,individual,dev-01969f843a97,gambling_network,True,2025-08-22
harish3202@idfcfirst,763187839724,IDFB0316447,Harish Sawhney,IDFC First Bank,individual,dev-012979897862,,True,2024-07-30
bimala3203@cnrb,68432167353999,CNRB0861060,Bimala Salvi,Canara Bank,individual,dev-847efcdd97a5,,True,2025-10-26
udant3204@pnb,674028680,PUNB0320645,Udant Sha,Punjab National Bank,individual,dev-81cbdfaff43f,,True,2026-05-18
raj3205@barodampay,1766281616411,BARB0439921,"Raj, Contractor and Hayre Food & Dining",Bank of Baroda,merchant,dev-e43bba5d10ca,,False,2024-02-03
jeet3206@okaxis,5824197189691,UTIB0288749,Jeet Panchal,Axis Bank,individual,dev-3b33f8a1cc74,,True,2024-03-21
sacharrandhawa3207@cnrb,191540585793067,CNRB0142609,Sachar-Randhawa Pharmacy,Canara Bank,merchant,dev-e016105a661c,,True,2024-11-03
kavya3208@cnrb,77419388652189,CNRB0672969,Kavya Kapur,Canara Bank,individual,dev-fad9e2fc4670,gambling_network,True,2024-05-06
amrita3209@pnb,4233385319136,PUNB0004632,Amrita Lalla,Punjab National Bank,individual,dev-32b7fa50d25f,,True,2024-10-20
oeshi3210@oksbi,2587900637749830,SBIN0994979,Oeshi Khurana,State Bank of India,individual,dev-8970e2f79dfd,,True,2023-09-06
oeshi3211@cnrb,6226538343553,CNRB0773660,Oeshi Bali,Canara Bank,individual,dev-e57cfc28c5db,,True,2025-02-24
atharv3212@oksbi,936861297649779,SBIN0963877,Atharv Dube,State Bank of India,individual,dev-017508dc5c40,,True,2026-05-10
zilmil3213@okaxis,3470708123,UTIB0997556,Zilmil Nadkarni,Axis Bank,individual,dev-5213ee65cec6,,True,2024-03-20
gardesani3214@oksbi,215416844,SBIN0881650,Garde-Sani Fuel,State Bank of India,merchant,dev-de692c6334b0,,True,2025-11-24
mahika3215@ybl,974982942273649,YESB0136498,Mahika Hans,Yes Bank,individual,dev-95f8e795bfbe,,True,2024-08-07
charan3216@cnrb,421079660045493,CNRB0984424,Charan Sanghvi,Canara Bank,individual,dev-c54775438fce,,True,2023-09-15
madhavi3217@okhdfcbank,294828133192406,HDFC0179544,Madhavi Ghose,HDFC Bank,individual,dev-3688fa48b56c,gambling_network,True,2024-09-25
eesha3218@ybl,61012528619,YESB0702916,Eesha Varughese,Yes Bank,individual,dev-6353b9de9405,,True,2024-04-06
rajeshri3219@idfcfirst,7189388295115,IDFB0520634,Rajeshri Kashyap,IDFC First Bank,individual,dev-0d0dc2dc26ea,,True,2025-04-27
jonathan3220@okaxis,936391405748799,UTIB0956294,Jonathan Thaman,Axis Bank,individual,dev-4b5ce26e119f,,True,2023-12-12
manya3221@pnb,93095654158139,PUNB0420464,Manya Lad,Punjab National Bank,individual,dev-35c062299be6,,True,2023-10-15
ekantika3222@kotak,66452410882495,KKBK0010064,Ekantika Jani,Kotak Mahindra Bank,individual,dev-2f51cc93144c,,True,2025-11-07
chander3223@idfcfirst,983189255355931,IDFB0455443,Chander Inc Fashion,IDFC First Bank,merchant,dev-53d14124dcdb,,True,2024-03-09
advay3224@okhdfcbank,9472099119479506,HDFC0133103,Advay Dua,HDFC Bank,individual,dev-ea711db01684,,True,2024-12-09
farhan3225@ybl,9710658528490,YESB0018276,Farhan Raja,Yes Bank,individual,dev-1df97522a233,,True,2025-12-20
kalpit3226@okhdfcbank,400249842,HDFC0781346,Kalpit Setty,HDFC Bank,individual,dev-ceafeaefc1ba,,True,2023-08-08
rachit3227@okicici,7559929613,ICIC0226586,Rachit Khatri,ICICI Bank,individual,dev-566499cc4830,,True,2024-01-12
chameli3228@barodampay,942405921113,BARB0252173,Chameli Hari,Bank of Baroda,individual,dev-f35dcfb69336,,True,2024-08-28
kritika3229@cnrb,26856841933613,CNRB0577439,Kritika Lad,Canara Bank,individual,dev-243bc6bb45da,,True,2023-08-10
anvi3230@cnrb,4550092451,CNRB0321166,Anvi Butala,Canara Bank,individual,dev-b45efe9906c7,,True,2026-03-20
arin3231@ybl,745522666655631,YESB0676973,Arin Chauhan,Yes Bank,individual,dev-491dc255f4ed,,True,2024-07-09
tripti3232@ybl,0968974768818673,YESB0486014,Tripti Das,Yes Bank,individual,dev-75dd29e09111,,True,2026-03-09
lucky3233@pnb,9325178113,PUNB0800892,Lucky Mandal,Punjab National Bank,individual,dev-26b65d5360c5,,True,2025-01-19
pranit3234@idfcfirst,3635387929261777,IDFB0277303,Pranit Chander,IDFC First Bank,individual,dev-9f6331cffb4f,,True,2025-05-03
warda3235@cnrb,410275328689,CNRB0632716,Warda Pathak,Canara Bank,individual,dev-cba4460b9ecc,,True,2023-12-24
mahika3236@okhdfcbank,81812797336,HDFC0449442,Mahika Chaudhuri,HDFC Bank,individual,dev-fb7e00359022,,True,2025-12-02
anthony3237@cnrb,0875164078513555,CNRB0245225,Anthony Sachdev,Canara Bank,individual,dev-af96d8cb66c0,,True,2025-12-13
sur3238@barodampay,692434885044,BARB0713717,Sur Ltd Travel,Bank of Baroda,merchant,dev-86edc344a610,,True,2026-06-03
shivansh3239@cnrb,559659221201,CNRB0655750,Shivansh Saini,Canara Bank,individual,dev-d9217fb21140,,True,2024-11-27
dipta3240@idfcfirst,7899276306320111,IDFB0949930,Dipta Seshadri,IDFC First Bank,individual,dev-c755640269af,,True,2026-04-28
pranit3241@idfcfirst,0162053881786,IDFB0608986,Pranit Misra,IDFC First Bank,individual,dev-8c7cc6769550,,True,2024-11-14
pranav3242@okhdfcbank,8440063217,HDFC0939245,Pranav Balay,HDFC Bank,individual,dev-a704b342314f,account_takeover,True,2024-08-07
hemal3243@cnrb,678665073133329,CNRB0883582,Hemal Palan,Canara Bank,individual,dev-d9da230940e6,,True,2024-01-06
ahluwaliadutt3244@okaxis,82235068313,UTIB0645441,Ahluwalia-Dutt Utilities,Axis Bank,merchant,dev-1b2eb1827383,,True,2024-12-27
jairaj3245@ybl,5780041976540,YESB0772024,Jairaj Hans,Yes Bank,individual,dev-07cc6a7a58b2,,True,2023-12-15
arin3246@okhdfcbank,774498122462035,HDFC0672345,Arin Vasa,HDFC Bank,individual,dev-cf09a31fd214,gambling_network,True,2023-11-30
tarak3247@okhdfcbank,4251193601,HDFC0787619,Tarak Patla,HDFC Bank,individual,dev-84d96e5b8f04,,True,2023-08-28
teerth3248@okhdfcbank,3807945278,HDFC0833184,Teerth Balan,HDFC Bank,individual,dev-dbef85d5b58e,,True,2023-08-24
lakshit3249@pnb,550806162,PUNB0747953,Lakshit Kannan,Punjab National Bank,individual,dev-6b546090073d,,True,2024-10-24
jonathan3250@okaxis,116453474,UTIB0392842,Jonathan Loyal,Axis Bank,individual,dev-bf1cce0a236a,gambling_network,True,2024-06-20
vasatika3251@cnrb,886132620817984,CNRB0568683,Vasatika Iyengar,Canara Bank,individual,dev-6ccdc8b72c00,,True,2026-01-02
ijaya3252@kotak,8033644908205,KKBK0212037,Ijaya Menon,Kotak Mahindra Bank,individual,dev-1f9a93b94195,,True,2023-08-06
tandonsarin3253@kotak,652878350558799,KKBK0167837,Tandon-Sarin Fashion,Kotak Mahindra Bank,merchant,dev-b2228af84f8b,,True,2025-09-07
reyansh3254@kotak,3649516340848,KKBK0481672,Reyansh Krishna,Kotak Mahindra Bank,individual,dev-3f89ccf2d812,,True,2025-08-01
rudra3255@idfcfirst,75523693350616,IDFB0891590,Rudra Mand,IDFC First Bank,individual,dev-6d1c91ead1db,,True,2024-03-07
harshil3256@idfcfirst,3865022613471,IDFB0605979,Harshil Muni,IDFC First Bank,individual,dev-b382208cf8f7,,True,2025-04-05
jha3257@okhdfcbank,30704227323174,HDFC0200935,Jha Ltd Fuel,HDFC Bank,merchant,dev-905cdb4e283c,,True,2024-11-10
rachita3258@okaxis,742652088937529,UTIB0336026,Rachita Sehgal,Axis Bank,individual,dev-d83fbe07ea20,,True,2026-07-14
anita3259@idfcfirst,887357294759,IDFB0667761,Anita Nagar,IDFC First Bank,individual,dev-60f292bcab5f,innocent_bystander,True,2026-01-01
leela3260@okaxis,022727285,UTIB0067214,Leela Sanghvi,Axis Bank,individual,dev-3b29501c3bdc,,True,2025-02-03
ira3261@ybl,217265977451,YESB0783194,Ira Prakash,Yes Bank,individual,dev-0bc887c07849,,True,2026-01-25
shivani3262@oksbi,8819799500606,SBIN0103299,Shivani Ganesh,State Bank of India,individual,dev-8c34add08979,,True,2026-02-08
yasti3263@okhdfcbank,36606730437127,HDFC0940503,Yasti Kulkarni,HDFC Bank,individual,dev-50732c98df5d,innocent_bystander,True,2024-04-25
chaaya3264@barodampay,916693190461,BARB0296769,Chaaya Wali,Bank of Baroda,individual,dev-0b8e781a6592,,True,2023-08-15
mitali3265@okicici,28406741134762,ICIC0689841,Mitali Balan,ICICI Bank,individual,dev-e830031d5a22,,True,2023-08-30
pranit3266@cnrb,96283061561743,CNRB0101752,Pranit Naidu,Canara Bank,individual,dev-b31a3abc0345,innocent_bystander,True,2024-08-07
quincy3267@okhdfcbank,4613389956,HDFC0716219,Quincy Parmar,HDFC Bank,individual,dev-cf614bc859e4,,True,2025-10-02
elijah3268@idfcfirst,825005927,IDFB0079846,Elijah Kale,IDFC First Bank,individual,dev-ecfc8a10de37,,True,2026-04-30
kamya3269@oksbi,215808692646149,SBIN0844049,Kamya Dhillon,State Bank of India,individual,dev-a0c619359aca,,True,2026-06-13
jason3270@kotak,5150853658788179,KKBK0198398,Jason Andra,Kotak Mahindra Bank,individual,dev-867352d4025b,innocent_bystander,True,2023-10-27
advay3271@barodampay,8075754129411,BARB0287096,Advay Narasimhan,Bank of Baroda,individual,dev-1fb351bbc59b,,True,2024-11-08
shroff3272@okaxis,019434519455,UTIB0937521,Shroff PLC Utilities,Axis Bank,merchant,dev-5a8123fb5bad,,False,2025-09-01
viraj3273@cnrb,031974083,CNRB0583872,Viraj Bhatti,Canara Bank,individual,dev-50a658b85be3,,True,2025-01-06
bhanumati3274@okaxis,3744204684142969,UTIB0310625,Bhanumati Kala,Axis Bank,individual,dev-f1790472a2a6,,True,2025-12-03
harshil3275@okicici,55785942132,ICIC0200259,Harshil Mall,ICICI Bank,individual,dev-f546bd731e0e,,True,2026-06-29
oviya3276@idfcfirst,29030570182,IDFB0000680,Oviya Saran,IDFC First Bank,individual,dev-a17e1a193d65,account_takeover,True,2025-08-07
ekaja3277@kotak,29592926025510,KKBK0837121,Ekaja Hora,Kotak Mahindra Bank,individual,dev-786c953e07db,,True,2026-01-07
chandran3278@pnb,4063184002,PUNB0941069,Chandran Tak,Punjab National Bank,individual,dev-5fef2a19adc3,,True,2025-04-09
chakradhar3279@ybl,28626815493,YESB0678578,Chakradhar Maharaj,Yes Bank,individual,dev-151e8c917786,gambling_network,True,2023-08-15
jagdish3280@okaxis,475401500357,UTIB0965708,Jagdish Dash,Axis Bank,individual,dev-0fdf54a78f14,innocent_bystander,False,2023-12-20
onveer3281@okicici,3692576445438,ICIC0790589,Onveer Narain,ICICI Bank,individual,dev-d45824a41fcc,,True,2024-06-27
warjas3282@okhdfcbank,2110056252777580,HDFC0415966,Warjas Bail,HDFC Bank,individual,dev-c9233510473d,,True,2025-11-28
andrew3283@kotak,326955910058,KKBK0232443,Andrew Agrawal,Kotak Mahindra Bank,individual,dev-5e155cb97702,,True,2025-03-12
bhavani3284@pnb,562487552361057,PUNB0980724,Bhavani Deep,Punjab National Bank,individual,dev-c8df67781d3c,,True,2024-12-24
balhaar3285@barodampay,64361572005468,BARB0978953,Balhaar Walla,Bank of Baroda,individual,dev-1e277e5273d0,gambling_network,True,2023-09-15
geetika3286@cnrb,231178797,CNRB0121242,Geetika Babu,Canara Bank,individual,dev-30b9b1bce2f5,,True,2023-11-29
upma3287@barodampay,983601735270668,BARB0255427,Upma Chandran,Bank of Baroda,individual,dev-25430958194a,,True,2026-05-05
charvi3288@okicici,2829470748,ICIC0180950,Charvi Maharaj,ICICI Bank,individual,dev-c7f355337757,,True,2025-06-04
hiral3289@pnb,470025609,PUNB0603394,Hiral Ratta,Punjab National Bank,individual,dev-348af959ad87,innocent_bystander,True,2025-03-15
dhriti3290@pnb,888166249183850,PUNB0109080,Dhriti Tak,Punjab National Bank,individual,dev-43357ed366ee,,True,2025-11-24
maya3291@okicici,957206214415,ICIC0445869,Maya Misra,ICICI Bank,individual,dev-6ad092fdccd5,,True,2024-01-07
wakeeta3292@kotak,7562068879512298,KKBK0725629,Wakeeta Dara,Kotak Mahindra Bank,individual,dev-833568dc1753,,True,2024-07-07
harshil3293@cnrb,223315419510,CNRB0085474,Harshil Balakrishnan,Canara Bank,individual,dev-73811f6955c6,,True,2025-04-29
batta3294@idfcfirst,43299303887,IDFB0675702,Batta Inc Fuel,IDFC First Bank,merchant,dev-3fc0df5c1315,,True,2025-08-08
henry3295@ybl,901862396314340,YESB0467889,Henry Naidu,Yes Bank,individual,dev-46c11f3fb499,,True,2023-11-13
upkaar3296@cnrb,2654612790,CNRB0362742,Upkaar Garde,Canara Bank,individual,dev-eea628e21e70,,True,2024-06-03
rayaan3297@okicici,89793175420,ICIC0171580,Rayaan Pillay,ICICI Bank,individual,dev-f7c563aa798c,,True,2024-06-13
charles3298@idfcfirst,149291630643241,IDFB0599989,Charles Lad,IDFC First Bank,individual,dev-e8c7cd179039,,True,2024-01-29
indrajit3299@idfcfirst,33517174712,IDFB0252239,Indrajit Bava,IDFC First Bank,individual,dev-826999c70d86,,True,2025-04-25
bordelalla3300@okaxis,87548350610268,UTIB0597711,Borde-Lalla Travel,Axis Bank,merchant,dev-711b6fa7c4b4,,True,2026-01-12
ladli3301@cnrb,539458756,CNRB0403652,Ladli Madan,Canara Bank,individual,dev-182c1db3a547,,True,2023-09-20
garde3302@okaxis,539063275,UTIB0074616,"Garde, Devi and Sharma Fuel",Axis Bank,merchant,dev-b943289a8e08,,True,2025-06-28
jonathan3303@ybl,0240338412801009,YESB0990795,Jonathan Nagar,Yes Bank,individual,dev-71441cbccb63,gambling_network,True,2023-07-19
odika3304@barodampay,549438922,BARB0312819,Odika Sekhon,Bank of Baroda,individual,dev-5140e0288d0d,,True,2024-11-12
wridesh3305@idfcfirst,8429816864,IDFB0047830,Wridesh Sridhar,IDFC First Bank,individual,dev-1283f87e489e,,True,2026-05-28
avni3306@ybl,2541568665,YESB0113036,Avni Nagy,Yes Bank,individual,dev-9d1a62621365,account_takeover,True,2025-03-23
upkaar3307@okaxis,23625308525,UTIB0987032,Upkaar Chanda,Axis Bank,individual,dev-fa9b73269492,,True,2024-12-12
chaman3308@oksbi,3537892295,SBIN0328010,Chaman Butala,State Bank of India,individual,dev-4b4e3557b82b,,True,2024-01-12
kibejha3309@oksbi,635685067918073,SBIN0117497,Kibe-Jha Grocery,State Bank of India,merchant,dev-8958c1531a22,,True,2026-02-23
falan3310@okhdfcbank,9899583101748378,HDFC0326861,Falan Talwar,HDFC Bank,individual,dev-1bf831860db6,,True,2025-05-06
simon3311@ybl,593487637,YESB0829210,Simon Arya,Yes Bank,individual,dev-0492c2e94e54,,True,2023-08-17
upadhriti3312@kotak,56601078300463,KKBK0613639,Upadhriti Rajan,Kotak Mahindra Bank,individual,dev-a90e4a27e06b,,True,2025-06-14
vinaya3313@idfcfirst,39671999490267,IDFB0120330,Vinaya Cheema,IDFC First Bank,individual,dev-a939124bd030,,True,2026-06-17
sathvik3314@barodampay,409896904340821,BARB0197783,Sathvik Wable,Bank of Baroda,individual,dev-75844a1d5975,,True,2023-08-22
devika3315@idfcfirst,4941743274,IDFB0483999,Devika Setty,IDFC First Bank,individual,dev-b52d53c4e8d4,,True,2023-11-26
yamini3316@barodampay,7948408858,BARB0669368,Yamini Cherian,Bank of Baroda,individual,dev-d44d4dcd0f97,,True,2024-08-20
kanda3317@ybl,536237279731,YESB0560867,Kanda LLC Fashion,Yes Bank,merchant,dev-cfc71c7010a5,,True,2024-09-09
sneha3318@okaxis,93338752102,UTIB0791588,Sneha Varghese,Axis Bank,individual,dev-9e87c9c2803d,,True,2026-04-13
mugdha3319@barodampay,967433939029531,BARB0482969,Mugdha Guha,Bank of Baroda,individual,dev-48a41df5a594,,True,2023-09-30
arunima3320@barodampay,0382989711439,BARB0848672,Arunima Sampath,Bank of Baroda,individual,dev-97a949c25d77,,True,2025-07-20
damyanti3321@oksbi,862703775241987,SBIN0339321,Damyanti Chaudry,State Bank of India,individual,dev-dc8cba240898,,True,2025-12-19
triya3322@okhdfcbank,6103032954,HDFC0600315,Triya Chhabra,HDFC Bank,individual,dev-8a9d0b23f086,,True,2025-12-12
wridesh3323@ybl,6259467929682,YESB0117962,Wridesh Babu,Yes Bank,individual,dev-9e2ccd153448,,True,2023-11-24
rachit3324@pnb,98331732611809,PUNB0683578,Rachit Loke,Punjab National Bank,individual,dev-ac00205aa574,,True,2025-06-11
vamakshi3325@okaxis,619173987621207,UTIB0288432,Vamakshi Wali,Axis Bank,individual,dev-d633af708c56,,True,2025-02-20
pandeylanka3326@okicici,05930179704395,ICIC0234854,Pandey-Lanka Utilities,ICICI Bank,merchant,dev-20d9dd91cdb5,,True,2025-09-10
chad3327@pnb,08069439493153,PUNB0711481,Chad LLC Home Services,Punjab National Bank,merchant,dev-c79f6d4c2413,,True,2025-09-12
simon3328@okicici,63628901117,ICIC0246965,Simon Dora,ICICI Bank,individual,dev-632f64955994,,True,2025-03-07
yadavi3329@oksbi,656362745457,SBIN0281007,Yadavi Sankar,State Bank of India,individual,dev-93b6167990cb,,True,2024-02-08
nath3330@oksbi,504318691965165,SBIN0701743,"Nath, Bera and Sastry Travel",State Bank of India,merchant,dev-e060b2262338,,True,2026-01-29
kala3331@oksbi,5755653251,SBIN0241784,Kala Chaudhari,State Bank of India,individual,dev-56a52726b5c0,,True,2024-12-26
lavanya3332@idfcfirst,8357847778,IDFB0836076,Lavanya Sami,IDFC First Bank,individual,dev-11f78172b400,gambling_network,True,2026-04-09
menon3333@idfcfirst,846466288,IDFB0321298,Menon and Sons Electronics,IDFC First Bank,merchant,dev-14af33108d01,,True,2025-03-26
patrick3334@barodampay,277820241111383,BARB0293178,Patrick Majumdar,Bank of Baroda,individual,dev-e22d6d8c67f2,,False,2025-02-12
tak3335@okhdfcbank,10565786562,HDFC0249330,"Tak, Venkataraman and Sant Fashion",HDFC Bank,merchant,dev-a315cc5e58ad,,True,2024-01-29
chandresh3336@okicici,3731120308,ICIC0052378,Chandresh Kothari,ICICI Bank,individual,dev-d2e19e329745,innocent_bystander,True,2023-11-27
theodore3337@barodampay,398596200,BARB0849289,Theodore Contractor,Bank of Baroda,individual,dev-7fa4014ff542,,False,2024-10-25
balendra3338@okaxis,271781675,UTIB0297488,Balendra Lata,Axis Bank,individual,dev-9d0ac2fbdb0f,innocent_bystander,True,2024-03-20
dominic3339@okhdfcbank,86082930348500,HDFC0614113,Dominic Wali,HDFC Bank,individual,dev-991b7c152eae,,True,2023-08-28
anya3340@pnb,655454150,PUNB0063739,Anya Kara,Punjab National Bank,individual,dev-7bb50591bd63,innocent_bystander,True,2023-11-05
manya3341@oksbi,6199051386,SBIN0352384,Manya Ramaswamy,State Bank of India,individual,dev-f85ba600ac61,,True,2025-07-05
thomas3342@okicici,446880289,ICIC0653034,Thomas Loyal,ICICI Bank,individual,dev-b3772b01a114,,True,2025-10-04
samesh3343@idfcfirst,180892855,IDFB0922751,Samesh Garg,IDFC First Bank,individual,dev-e195e0c7c2f1,,True,2025-06-10
palan3344@ybl,039376775922576,YESB0956490,Palan Ltd Food & Dining,Yes Bank,merchant,dev-2a47eb98732a,,True,2024-12-24
bhavna3345@okhdfcbank,193380690961,HDFC0852964,Bhavna Aggarwal,HDFC Bank,individual,dev-fa373cd49d1d,,False,2025-10-16
qasim3346@idfcfirst,0006389077,IDFB0075141,Qasim Thakur,IDFC First Bank,individual,dev-0f4b671eb07b,,True,2025-11-10
dalaja3347@oksbi,20355868738386,SBIN0221388,Dalaja Khare,State Bank of India,individual,dev-1938670f67cd,,True,2024-05-12
divya3348@cnrb,6935394472,CNRB0364166,Divya Boase,Canara Bank,individual,dev-b92bafd67b7c,,True,2024-09-02
rachit3349@oksbi,2482638247,SBIN0671620,Rachit Natarajan,State Bank of India,individual,dev-83b8221c4502,,True,2024-02-21
lucky3350@ybl,85853205592085,YESB0049426,Lucky Arya,Yes Bank,individual,dev-7406f95199a2,innocent_bystander,True,2024-10-04
som3351@ybl,008637909275,YESB0737005,"Som, Sangha and Natt Fuel",Yes Bank,merchant,dev-9d5b201ef7d3,,True,2024-10-02
peter3352@okicici,7449643642,ICIC0364773,Peter Lalla,ICICI Bank,individual,dev-7d746b49ea63,,True,2025-12-28
onkar3353@ybl,99428849180100,YESB0188006,Onkar Andra,Yes Bank,individual,dev-7f5aa95c362f,innocent_bystander,True,2026-01-10
urvi3354@okhdfcbank,817797144438244,HDFC0643274,Urvi Agarwal,HDFC Bank,individual,dev-0c341e7b8765,,True,2026-04-12
yug3355@idfcfirst,3309069069,IDFB0410785,Yug Sodhi,IDFC First Bank,individual,dev-509e374bf663,,False,2026-03-15
chakradev3356@idfcfirst,47867024140,IDFB0358722,Chakradev Badal,IDFC First Bank,individual,dev-2bedbb0f025b,,True,2026-07-04
vedant3357@okhdfcbank,918477875,HDFC0244196,Vedant Vohra,HDFC Bank,individual,dev-368cfbf336a2,,True,2025-06-07
manan3358@okaxis,587683999508480,UTIB0096631,Manan Chandra,Axis Bank,individual,dev-0eec4d594a1e,,True,2024-11-07
daksha3359@okhdfcbank,90643754653322,HDFC0489690,Daksha Nayak,HDFC Bank,individual,dev-a373462ec170,,True,2025-10-22
vritti3360@ybl,7132459198428,YESB0136432,Vritti Panchal,Yes Bank,individual,dev-9804e4e8713b,,True,2024-12-18
vidhi3361@okicici,727423472,ICIC0233164,Vidhi Kulkarni,ICICI Bank,individual,dev-c740da5e653b,,True,2026-07-11
shankerarya3362@pnb,0045027567,PUNB0903952,Shanker-Arya Home Services,Punjab National Bank,merchant,dev-660bc20b491d,,True,2024-06-21
charvi3363@okicici,490063870,ICIC0935181,Charvi Nath,ICICI Bank,individual,dev-c47814f4aa9e,innocent_bystander,True,2025-02-01
isaiah3364@idfcfirst,56955158671854,IDFB0050686,Isaiah Madan,IDFC First Bank,individual,dev-93909ce4a0a4,,True,2024-10-01
manbir3365@okicici,6032360715889,ICIC0431551,Manbir Roy,ICICI Bank,individual,dev-369c3d7d37b5,,True,2025-12-07
dhar3366@okhdfcbank,843453680860740,HDFC0081737,Dhar LLC Food & Dining,HDFC Bank,merchant,dev-58f20e0f9fe5,,True,2026-03-06
azaan3367@pnb,674870597,PUNB0821708,Azaan Konda,Punjab National Bank,individual,dev-d1d14db84253,,True,2023-12-29
jagvi3368@cnrb,7399479686,CNRB0018486,Jagvi Jhaveri,Canara Bank,individual,dev-dac8a69b3dc2,,True,2024-07-30
rishi3369@pnb,306893230,PUNB0349780,Rishi Purohit,Punjab National Bank,individual,dev-22dbfea83c0c,,True,2024-03-17
anusha3370@cnrb,2682826361813,CNRB0817411,Anusha Sengupta,Canara Bank,individual,dev-b0a4a01831a2,,True,2026-07-04
alka3371@ybl,87346732992060,YESB0191026,Alka Palla,Yes Bank,individual,dev-55e4cd869edf,,True,2025-04-02
mahika3372@cnrb,04362256489655,CNRB0072748,Mahika Sahni,Canara Bank,individual,dev-acc05c69456d,,True,2024-05-26
dayamai3373@cnrb,944287424438317,CNRB0730176,Dayamai Halder,Canara Bank,individual,dev-9f7de1076701,account_takeover,True,2024-10-03
zinal3374@kotak,9577191264,KKBK0214976,Zinal Oza,Kotak Mahindra Bank,individual,dev-1cf5405945ce,,True,2023-09-14
das3375@barodampay,0183855903373879,BARB0811908,"Das, Sant and Sha Travel",Bank of Baroda,merchant,dev-3cb142bfff71,,True,2025-05-20
bhavya3376@ybl,7372108685520,YESB0715156,Bhavya Choudhary,Yes Bank,individual,dev-1d38d12a3889,,True,2025-09-21
wishi3377@oksbi,843985039964850,SBIN0382000,Wishi Din,State Bank of India,individual,dev-bb0df152312e,gambling_network,True,2025-07-28
mason3378@okaxis,598908569569177,UTIB0190351,Mason Virk,Axis Bank,individual,dev-1365d8035174,,True,2024-04-14
nicholas3379@okaxis,575295644,UTIB0993148,Nicholas Mitter,Axis Bank,individual,dev-965db363f9fe,,True,2023-10-06
bhavya3380@okaxis,88782628582399,UTIB0193569,Bhavya Bhattacharyya,Axis Bank,individual,dev-1fce036367ce,,True,2025-07-06
alexander3381@ybl,2690311312,YESB0438211,Alexander Setty,Yes Bank,individual,dev-0c3f49befc37,,True,2025-10-05
kalla3382@oksbi,36969904412,SBIN0972764,Kalla LLC Home Services,State Bank of India,merchant,dev-7f67de2d6973,,True,2026-03-03
dasgupta3383@kotak,9928058520479747,KKBK0783963,"Dasgupta, Bera and Suresh Fuel",Kotak Mahindra Bank,merchant,dev-93daef6110c7,,True,2023-12-04
abdul3384@okicici,792696494676,ICIC0314194,Abdul Sani,ICICI Bank,individual,dev-19d4c9b5bd35,,True,2023-08-06
aadi3385@kotak,59346610346317,KKBK0431922,Aadi Bedi,Kotak Mahindra Bank,individual,dev-7bff2f0e1ca6,,True,2024-01-09
lakshit3386@kotak,062323706135086,KKBK0612228,Lakshit Palla,Kotak Mahindra Bank,individual,dev-e9bd1beef391,account_takeover,True,2023-11-23
yadavi3387@oksbi,8462517563366,SBIN0691694,Yadavi Dubey,State Bank of India,individual,dev-c4cbd9230422,gambling_network,True,2024-04-26
madan3388@okicici,364163128547210,ICIC0101933,Madan and Sons Grocery,ICICI Bank,merchant,dev-1d53e1ec7629,,True,2026-01-02
rachana3389@kotak,7107880342230,KKBK0924834,Rachana Buch,Kotak Mahindra Bank,individual,dev-ef40054d4036,,True,2025-07-08
theodore3390@idfcfirst,97104569520966,IDFB0727271,Theodore Balay,IDFC First Bank,individual,dev-1173d4cc2830,,True,2024-09-28
pantkothari3391@okhdfcbank,17713986986568,HDFC0960478,Pant-Kothari Travel,HDFC Bank,merchant,dev-1780e2537738,,True,2024-10-22
pahal3392@okhdfcbank,82352565178215,HDFC0174267,Pahal Rastogi,HDFC Bank,individual,dev-9bb4f34e3320,,True,2025-01-01
advika3393@okicici,859438370,ICIC0677918,Advika Mittal,ICICI Bank,individual,dev-1d2971e85bc7,,True,2026-02-26
oscar3394@okaxis,85907446742294,UTIB0366609,Oscar Sarin,Axis Bank,individual,dev-d91fd390b3dd,,False,2025-05-05
liam3395@kotak,43161587096809,KKBK0718049,Liam Iyengar,Kotak Mahindra Bank,individual,dev-ad765ae2da07,,True,2024-06-05
krishna3396@idfcfirst,149186120731,IDFB0159429,Krishna Saha,IDFC First Bank,individual,dev-263b3981e91e,,True,2025-06-19
charvi3397@oksbi,59987383745818,SBIN0818609,Charvi Mody,State Bank of India,individual,dev-40e0a778faf2,,True,2024-11-10
chameli3398@barodampay,8046156828655,BARB0988343,Chameli Shenoy,Bank of Baroda,individual,dev-9a5fc3a9761c,gambling_network,True,2024-04-11
keya3399@idfcfirst,089075313650303,IDFB0906730,Keya Sarkar,IDFC First Bank,individual,dev-271307c2ca49,,True,2025-08-21
lakshit3400@idfcfirst,091298087152,IDFB0521636,Lakshit Vyas,IDFC First Bank,individual,dev-cf425c2f5f12,,True,2026-01-10
dhriti3401@kotak,961025960,KKBK0192329,Dhriti Thakur,Kotak Mahindra Bank,individual,dev-3cd98d3c9b06,,True,2026-04-30
upadhriti3402@okhdfcbank,1303690523624337,HDFC0292441,Upadhriti Pandya,HDFC Bank,individual,dev-67ce9d8c897f,innocent_bystander,True,2024-02-02
shuklasalvi3403@barodampay,12608365637130,BARB0154295,Shukla-Salvi Utilities,Bank of Baroda,merchant,dev-4563300ebaae,,True,2025-08-08
triya3404@oksbi,949517432,SBIN0443927,Triya Bala,State Bank of India,individual,dev-2052c3f64630,,True,2025-09-07
oviya3405@pnb,02022468500468,PUNB0374148,Oviya Chakrabarti,Punjab National Bank,individual,dev-7c886d2dd1e4,,True,2025-12-22
mittal3406@barodampay,0538793348539,BARB0391369,Mittal and Sons Pharmacy,Bank of Baroda,merchant,dev-bc6f3ae0e4ca,,True,2024-06-30
joshua3407@oksbi,38470501561,SBIN0498024,Joshua Memon,State Bank of India,individual,dev-7e17056853e3,,True,2023-08-02
maya3408@oksbi,5535914324,SBIN0110740,Maya Dass,State Bank of India,individual,dev-117e0b1f31f8,,True,2026-05-24
abeer3409@ybl,89861414662636,YESB0936716,Abeer Shere,Yes Bank,individual,dev-1c21144a0027,,True,2025-06-03
chatura3410@kotak,277582578317,KKBK0506596,Chatura Chad,Kotak Mahindra Bank,individual,dev-7bf1460eaaf6,,True,2024-08-01
anamika3411@kotak,0805348109249,KKBK0725219,Anamika Chhabra,Kotak Mahindra Bank,individual,dev-274a16a4c027,,True,2025-04-29
gunbir3412@okaxis,3165741997089450,UTIB0601481,Gunbir Mannan,Axis Bank,individual,dev-1af267c294e0,innocent_bystander,True,2024-08-23
garima3413@barodampay,2740277495,BARB0012802,Garima Bhat,Bank of Baroda,individual,dev-160ff6f6e6c6,,True,2024-03-05
yasti3414@idfcfirst,4304715989821,IDFB0582973,Yasti Bera,IDFC First Bank,individual,dev-2ad176b72a58,,True,2024-06-17
jayaraman3415@barodampay,79101519383,BARB0219311,"Jayaraman, Varty and Dhawan Home Services",Bank of Baroda,merchant,dev-068be0152c9a,,True,2026-01-10
tandon3416@okaxis,4334476016,UTIB0838578,"Tandon, Deshpande and Kapoor Fashion",Axis Bank,merchant,dev-2f406ef60d6b,,True,2026-05-08
charvi3417@barodampay,6137827274,BARB0701597,Charvi Mukhopadhyay,Bank of Baroda,individual,dev-2c7f3d49019f,,True,2024-10-02
vedhika3418@cnrb,4363126966,CNRB0784881,Vedhika Iyer,Canara Bank,individual,dev-49d39a0f6ffb,,True,2023-11-13
ekalinga3419@okhdfcbank,1317759183781,HDFC0846158,Ekalinga Acharya,HDFC Bank,individual,dev-6d24f9fd7704,,True,2026-05-28
dara3420@barodampay,680084524,BARB0832498,Dara PLC Electronics,Bank of Baroda,merchant,dev-33bc0ed85a95,,True,2025-03-31
yug3421@okaxis,6061307496372227,UTIB0983157,Yug Jayaraman,Axis Bank,individual,dev-793890dabb41,,True,2026-04-26
urvi3422@kotak,134641583642,KKBK0876155,Urvi Bakshi,Kotak Mahindra Bank,individual,dev-d9fcb8f6121f,,True,2024-06-02
mahika3423@idfcfirst,1278975417719,IDFB0328783,Mahika Bhakta,IDFC First Bank,individual,dev-80c590abeb67,innocent_bystander,True,2025-06-05
charita3424@okhdfcbank,7775029639,HDFC0430222,Charita Ravel,HDFC Bank,individual,dev-fd2beeda7055,,True,2026-03-15
qarin3425@oksbi,19206156570,SBIN0266663,Qarin Keer,State Bank of India,individual,dev-050de867efa6,,True,2025-08-20
reva3426@barodampay,80574106561,BARB0468182,Reva Dasgupta,Bank of Baroda,individual,dev-4364348c9419,,True,2025-10-20
dhingrabains3427@okhdfcbank,329655734075824,HDFC0054598,Dhingra-Bains Electronics,HDFC Bank,merchant,dev-aff9a4f7f342,,True,2025-05-05
lucky3428@okhdfcbank,9168789602,HDFC0413586,Lucky Khosla,HDFC Bank,individual,dev-93437af678bb,,True,2024-12-17
yasti3429@ybl,886302629426,YESB0155889,Yasti Iyer,Yes Bank,individual,dev-38f0e6d47d2c,,True,2024-12-06
srinivasanmann3430@idfcfirst,90132894534,IDFB0336560,Srinivasan-Mann Home Services,IDFC First Bank,merchant,dev-f34c583e6be7,,True,2024-08-17
harish3431@okhdfcbank,96016010812912,HDFC0813690,Harish Tailor,HDFC Bank,individual,dev-95fd55227c1c,,True,2025-02-03
anvi3432@cnrb,3016442187,CNRB0462075,Anvi Raman,Canara Bank,individual,dev-c261e5048bc4,gambling_network,True,2024-09-19
chhabrashetty3433@kotak,09478740033849,KKBK0281155,Chhabra-Shetty Fuel,Kotak Mahindra Bank,merchant,dev-3d0384f7dfc9,,True,2025-03-11
pavani3434@okicici,7934846163397,ICIC0557480,Pavani Divan,ICICI Bank,individual,dev-4615d1908bc0,,True,2025-12-15
mander3435@barodampay,164049041946,BARB0967659,Mander Group Electronics,Bank of Baroda,merchant,dev-6971e90c9670,,True,2024-12-17
lopa3436@okicici,3393323267,ICIC0736912,Lopa Apte,ICICI Bank,individual,dev-a3d7c7cd8016,,True,2024-02-12
bahadurjit3437@oksbi,8896965282178,SBIN0975969,Bahadurjit Saxena,State Bank of India,individual,dev-c1db18c27a25,,True,2024-08-06
isha3438@okaxis,186793876774,UTIB0926478,Isha Dewan,Axis Bank,individual,dev-e8a736185cbf,,True,2024-10-22
shankermalhotra3439@cnrb,5301568150512441,CNRB0600566,Shanker-Malhotra Grocery,Canara Bank,merchant,dev-835a9366b53b,,True,2023-09-01
nathan3440@ybl,999799218,YESB0454957,Nathan Parmar,Yes Bank,individual,dev-907a3c0dbb4b,,True,2024-02-03
thakur3441@oksbi,012757305962,SBIN0003365,"Thakur, Kade and Palla Travel",State Bank of India,merchant,dev-20cc98144fce,,True,2024-09-14
yochana3442@kotak,5471129804,KKBK0551479,Yochana Bhatnagar,Kotak Mahindra Bank,individual,dev-35de51e4c47a,,True,2026-06-20
max3443@oksbi,7598057754330,SBIN0859287,Max Pandey,State Bank of India,individual,dev-57765cb955bc,,True,2024-07-12
tripti3444@okhdfcbank,8781637555258,HDFC0079395,Tripti Dey,HDFC Bank,individual,dev-fd3eb62a8790,,True,2024-11-08
mitterramesh3445@okhdfcbank,317457070,HDFC0562185,Mitter-Ramesh Electronics,HDFC Bank,merchant,dev-81d11c175f44,,True,2025-07-06
veda3446@okhdfcbank,599423241409,HDFC0010500,Veda Puri,HDFC Bank,individual,dev-79b589e38a19,,True,2025-03-30
pranit3447@ybl,9422816255,YESB0618665,Pranit Tripathi,Yes Bank,individual,dev-420a0a3a8af4,,True,2026-02-17
kai3448@pnb,8608623495,PUNB0820019,Kai Naik,Punjab National Bank,individual,dev-221f24086cd0,,True,2023-10-13
netra3449@okicici,90609441659079,ICIC0905596,Netra Bir,ICICI Bank,individual,dev-d0d8f79f89b0,,True,2024-04-09
ayushman3450@cnrb,8832686143,CNRB0587698,Ayushman Dutt,Canara Bank,individual,dev-bc29b2954641,,True,2025-10-06
gopal3451@okhdfcbank,6294658175,HDFC0437456,Gopal Cherian,HDFC Bank,individual,dev-8fc2d8b2b534,,True,2025-01-19
vamakshi3452@idfcfirst,0722489235,IDFB0794704,Vamakshi Naik,IDFC First Bank,individual,dev-9fbf7f117e6a,,True,2023-10-26
khalsa3453@ybl,363002200843,YESB0917795,Khalsa Inc Grocery,Yes Bank,merchant,dev-1ac19395a561,,True,2026-01-03
rajagopalan3454@cnrb,8034253821970,CNRB0848076,Rajagopalan Group Travel,Canara Bank,merchant,dev-56bdfa30a23f,,True,2025-04-12
david3455@oksbi,3171393646,SBIN0782287,David Krishna,State Bank of India,individual,dev-629a06799eb9,,True,2024-09-25
barad3456@kotak,302980970417,KKBK0667109,Barad Ltd Food & Dining,Kotak Mahindra Bank,merchant,dev-4264df3794be,,True,2025-07-17
riya3457@okhdfcbank,180682509,HDFC0602756,Riya Prasad,HDFC Bank,individual,dev-d112afbaf3fe,,True,2026-02-27
balan3458@cnrb,9431635902579845,CNRB0472629,"Balan, Ghosh and Nagi Utilities",Canara Bank,merchant,dev-0632d71a98be,,True,2026-05-02
shivani3459@okicici,4791916426901513,ICIC0414565,Shivani Purohit,ICICI Bank,individual,dev-19afa76e960d,,True,2024-11-23
ryan3460@oksbi,08277118029163,SBIN0428953,Ryan Hayre,State Bank of India,individual,dev-64d0e320d31b,,True,2025-11-22
vritti3461@oksbi,114934787981475,SBIN0145542,Vritti Sarma,State Bank of India,individual,dev-3bcca2b4eb5e,innocent_bystander,True,2025-07-07
umang3462@okaxis,1705548694452,UTIB0799980,Umang Jaggi,Axis Bank,individual,dev-0ed8934d6c19,,True,2024-06-29
edwin3463@oksbi,1293868414,SBIN0945275,"Edwin, Saraf and Wadhwa Utilities",State Bank of India,merchant,dev-ab97baffce20,,True,2026-07-14
gabriel3464@okhdfcbank,735875080022759,HDFC0121986,Gabriel Bajwa,HDFC Bank,individual,dev-b6f345fac866,,False,2025-01-10
samar3465@cnrb,370692575982,CNRB0393351,Samar Bandi,Canara Bank,individual,dev-f474c1abbbc7,innocent_bystander,True,2026-04-20
abdul3466@okaxis,31833399362,UTIB0459718,Abdul Parsa,Axis Bank,individual,dev-89c087b86c46,,True,2025-09-30
ekbal3467@idfcfirst,7810012219813380,IDFB0857224,Ekbal Oak,IDFC First Bank,individual,dev-a32c04143682,,True,2026-01-03
watika3468@pnb,8398541183932534,PUNB0464293,Watika Gupta,Punjab National Bank,individual,dev-66c47ad11d20,innocent_bystander,True,2025-03-27
urvi3469@barodampay,40571421145500,BARB0120205,Urvi Tella,Bank of Baroda,individual,dev-18d986caa7d3,,True,2024-10-20
ishanvi3470@kotak,1699177647501,KKBK0724179,Ishanvi Devi,Kotak Mahindra Bank,individual,dev-bc6ceb670df9,innocent_bystander,True,2023-11-15
reva3471@kotak,27066756156,KKBK0247618,Reva Sane,Kotak Mahindra Bank,individual,dev-1c2c922d8938,innocent_bystander,True,2024-05-27
ekavir3472@kotak,7084434439579,KKBK0609976,Ekavir Brar,Kotak Mahindra Bank,individual,dev-64075d56078b,innocent_bystander,True,2026-02-01
zansi3473@okicici,71095638046490,ICIC0732755,Zansi Misra,ICICI Bank,individual,dev-465f95e12ec0,,True,2026-02-20
jacob3474@ybl,39161088918423,YESB0175841,Jacob Tara,Yes Bank,individual,dev-d2bac09d39fb,,True,2024-04-03
charan3475@okhdfcbank,9576063557,HDFC0224197,Charan Zachariah,HDFC Bank,individual,dev-c06545f86b01,,True,2025-12-13
arin3476@barodampay,9337992251932989,BARB0501230,Arin Kapur,Bank of Baroda,individual,dev-0281f2cad2b3,,True,2026-02-15
zayan3477@okicici,75641114611669,ICIC0999021,Zayan Ramakrishnan,ICICI Bank,individual,dev-6a69ddfc0e59,,True,2025-07-08
ekansh3478@ybl,832277302243,YESB0175918,Ekansh Dugar,Yes Bank,individual,dev-ca46b8fc9112,,True,2026-05-09
falan3479@kotak,15924605653825,KKBK0317018,Falan Warrior,Kotak Mahindra Bank,individual,dev-91e031da3f82,,True,2025-03-02
zarna3480@barodampay,1141110522990905,BARB0583135,Zarna Tella,Bank of Baroda,individual,dev-6a6f609e2dfe,,True,2024-01-29
mohini3481@pnb,537703901,PUNB0934267,Mohini Bhandari,Punjab National Bank,individual,dev-b7666375497a,,True,2025-07-25
urishilla3482@okicici,0789916215674,ICIC0126986,Urishilla Lall,ICICI Bank,individual,dev-f4ae7611e473,,True,2026-04-26
bachittar3483@okaxis,83063937776082,UTIB0548644,Bachittar Nigam,Axis Bank,individual,dev-329aca41e7ff,,True,2024-06-07
advika3484@idfcfirst,4362135973759697,IDFB0515461,Advika Iyer,IDFC First Bank,individual,dev-436883c80a1c,,True,2025-07-17
daniel3485@kotak,381800894252306,KKBK0158422,Daniel Dewan,Kotak Mahindra Bank,individual,dev-e0b13ec27b39,,True,2023-08-18
forum3486@ybl,687392260,YESB0756659,Forum Bhatia,Yes Bank,individual,dev-e92e804d2c53,,True,2023-10-01
wakeeta3487@idfcfirst,03051838927097,IDFB0679874,Wakeeta Bora,IDFC First Bank,individual,dev-49e39694d2d2,,True,2025-03-04
hiral3488@ybl,2876715209,YESB0413775,Hiral Bobal,Yes Bank,individual,dev-cf38dc331331,,True,2026-03-14
faris3489@okicici,32173172482,ICIC0183890,Faris Srinivas,ICICI Bank,individual,dev-6fb761b3e35f,,True,2024-04-19
anika3490@pnb,704332680037,PUNB0077279,Anika Barman,Punjab National Bank,individual,dev-dd3f96c17608,,True,2025-09-22
balendra3491@okaxis,00449256638,UTIB0345961,Balendra Taneja,Axis Bank,individual,dev-4822c66eca64,,True,2024-07-16
inaya3492@ybl,72469023878654,YESB0540107,Inaya Sankar,Yes Bank,individual,dev-1d5a1a1a7e4e,,True,2023-09-30
chavvi3493@idfcfirst,4600203396151,IDFB0973224,Chavvi Kari,IDFC First Bank,individual,dev-cabec20d8ff7,,True,2026-04-18
christopher3494@pnb,6078375355,PUNB0342139,Christopher Bal,Punjab National Bank,individual,dev-009903541e36,,True,2026-07-16
ladli3495@oksbi,02731417117,SBIN0706347,Ladli Badami,State Bank of India,individual,dev-74bcba3edf97,,True,2025-01-08
charles3496@pnb,808846785071,PUNB0884361,Charles Ram,Punjab National Bank,individual,dev-9aef02d206fc,,True,2024-08-15
jeremiah3497@idfcfirst,5763828907677913,IDFB0485413,Jeremiah Sani,IDFC First Bank,individual,dev-cf7f22e3bd57,,True,2025-11-24
lakshit3498@kotak,2140500942,KKBK0152364,Lakshit D’Alia,Kotak Mahindra Bank,individual,dev-ce78f4722ca2,,True,2023-11-06
jacob3499@kotak,33022904195,KKBK0325358,Jacob Pillai,Kotak Mahindra Bank,individual,dev-c53664ed6e6e,innocent_bystander,True,2024-11-03
harioza3500@okhdfcbank,126612805470,HDFC0164233,Hari-Oza Utilities,HDFC Bank,merchant,dev-8b7f42d22677,,True,2024-07-19
dalbir3501@oksbi,66662387780,SBIN0001772,Dalbir Khanna,State Bank of India,individual,dev-dff7a609c459,,True,2025-06-09
george3502@cnrb,40453469374957,CNRB0290011,George Anne,Canara Bank,individual,dev-ff711ea92d50,,True,2024-01-19
nitara3503@pnb,798524829245213,PUNB0003310,Nitara Yadav,Punjab National Bank,individual,dev-32462fa31d9f,,True,2024-12-28
alexander3504@okaxis,9635969663,UTIB0525234,Alexander Krish,Axis Bank,individual,dev-3cabb49a54e0,innocent_bystander,True,2025-04-14
faraj3505@idfcfirst,1088024139,IDFB0387674,Faraj Bhandari,IDFC First Bank,individual,dev-edbb4b82a6c5,,True,2024-02-28
reva3506@idfcfirst,3648262599,IDFB0760648,Reva Gole,IDFC First Bank,individual,dev-e8ac78a2a00d,,True,2025-08-10
caleb3507@ybl,77641506215,YESB0248463,Caleb Murthy,Yes Bank,individual,dev-fa62c8e91fc8,innocent_bystander,True,2026-05-21
yash3508@ybl,58579845861,YESB0953905,Yash Master,Yes Bank,individual,dev-97135dc4b406,,True,2024-04-03
mitali3509@ybl,4874143232891204,YESB0623841,Mitali Srinivas,Yes Bank,individual,dev-54a4864359be,,False,2023-10-07
faraj3510@ybl,64031444191,YESB0293056,Faraj Bose,Yes Bank,individual,dev-e1da30533a22,,True,2024-10-23
samesh3511@kotak,9463709150077300,KKBK0934642,Samesh Talwar,Kotak Mahindra Bank,individual,dev-1b2090c0059d,,True,2025-01-31
thomas3512@okicici,29383920453,ICIC0266642,Thomas Sawhney,ICICI Bank,individual,dev-1585f1d3af52,,True,2026-02-03
jeevika3513@okhdfcbank,109138946514,HDFC0781989,Jeevika Master,HDFC Bank,individual,dev-1f2c38a070a3,,True,2025-02-12
amara3514@oksbi,342764453,SBIN0772853,Amara Nagar,State Bank of India,individual,dev-e2bb29cd9a9d,,True,2026-05-26
chatura3515@idfcfirst,7450302793677,IDFB0082913,Chatura Pal,IDFC First Bank,individual,dev-4509214c07d3,,True,2023-12-26
vedika3516@kotak,98211230931518,KKBK0997747,Vedika Mammen,Kotak Mahindra Bank,individual,dev-cd58e9e930e5,,True,2024-02-26
samar3517@cnrb,0854680057903,CNRB0780048,Samar Devan,Canara Bank,individual,dev-4c4c5af48d9f,,True,2023-08-01
dalaja3518@idfcfirst,471229327668939,IDFB0552133,Dalaja Kade,IDFC First Bank,individual,dev-02c58de3d26e,innocent_bystander,True,2026-01-27
kashish3519@okaxis,0102485208,UTIB0181096,Kashish Dhar,Axis Bank,individual,dev-f68c6dc4aa4c,,True,2025-05-08
keer3520@pnb,361201916702438,PUNB0175523,Keer Ltd Pharmacy,Punjab National Bank,merchant,dev-1dc18db965e8,,True,2026-03-07
sudiksha3521@barodampay,1259695017,BARB0616495,Sudiksha Comar,Bank of Baroda,individual,dev-2f9854d71827,,True,2023-08-23
tara3522@kotak,908612871032,KKBK0625555,Tara Inc Travel,Kotak Mahindra Bank,merchant,dev-523ae3beb49f,,True,2025-12-04
arunima3523@okaxis,7673057716632115,UTIB0314230,Arunima Rajagopalan,Axis Bank,individual,dev-d4dad4a84519,,True,2025-11-28
frado3524@pnb,08341773839945,PUNB0837875,Frado Bhasin,Punjab National Bank,individual,dev-ae8f161a19f4,,True,2023-08-12
leena3525@idfcfirst,5913010521,IDFB0880254,Leena Tandon,IDFC First Bank,individual,dev-f70f30713aa5,,True,2025-01-03
lavanya3526@barodampay,44580429107225,BARB0929074,Lavanya Rajagopalan,Bank of Baroda,individual,dev-46bac622df32,,True,2025-08-06
chaitanya3527@okaxis,5071007941,UTIB0824503,Chaitanya Kapur,Axis Bank,individual,dev-871b530044af,gambling_network,True,2024-03-12
ladli3528@idfcfirst,9725357974882147,IDFB0243741,Ladli Gour,IDFC First Bank,individual,dev-222454fded10,,True,2024-06-30
charles3529@oksbi,69504686228206,SBIN0520782,Charles Mody,State Bank of India,individual,dev-81968ea73c5c,,True,2025-07-21
ijaya3530@barodampay,75668824570,BARB0917711,Ijaya Bal,Bank of Baroda,individual,dev-a4cbc0500232,,True,2025-04-26
adweta3531@okaxis,5946871901278534,UTIB0683968,Adweta Kalita,Axis Bank,individual,dev-61f08a37134b,,True,2024-06-10
harita3532@oksbi,2016495307354,SBIN0081738,Harita Saraf,State Bank of India,individual,dev-a509baee07a5,,True,2024-04-10
dakshesh3533@barodampay,253307384730669,BARB0744102,Dakshesh Chopra,Bank of Baroda,individual,dev-6c085fa10cb1,,True,2023-10-10
bhavna3534@ybl,82903395885,YESB0722560,Bhavna Warrior,Yes Bank,individual,dev-dce14abf0969,,True,2024-06-26
panini3535@idfcfirst,6160641300,IDFB0813260,Panini Venkataraman,IDFC First Bank,individual,dev-f11118df9be3,,True,2024-08-15
nicholas3536@okhdfcbank,7296959881838007,HDFC0065050,Nicholas Raj,HDFC Bank,individual,dev-e4c65153d665,,True,2024-05-09
wazir3537@okicici,682594240,ICIC0996963,Wazir Deo,ICICI Bank,individual,dev-5789c8e9fdc9,,True,2023-08-10
avni3538@okaxis,52059959082332,UTIB0286187,Avni Mahal,Axis Bank,individual,dev-dda0d08b0e73,,True,2025-02-22
zaid3539@kotak,08767806982,KKBK0589520,Zaid Merchant,Kotak Mahindra Bank,individual,dev-57b72c436157,,True,2025-04-22
megha3540@okaxis,73432308867459,UTIB0056108,Megha Barad,Axis Bank,individual,dev-578a6f2d161d,account_takeover,True,2026-05-28
janaki3541@oksbi,939933865,SBIN0864030,Janaki Luthra,State Bank of India,individual,dev-6cbfd24160b3,gambling_network,True,2025-04-06
krishna3542@idfcfirst,018311844309238,IDFB0050030,"Krishna, Arora and Dash Food & Dining",IDFC First Bank,merchant,dev-330b59963fb5,,True,2026-05-03
ekani3543@okaxis,56568859307,UTIB0769120,Ekani Lalla,Axis Bank,individual,dev-5f04e30cda8a,,True,2025-12-30
sachi3544@okicici,649099320128783,ICIC0298592,Sachi Shere,ICICI Bank,individual,dev-fa6cccd1d4ae,,True,2026-02-21
sarraf3545@idfcfirst,50604103590,IDFB0515434,Sarraf Inc Travel,IDFC First Bank,merchant,dev-23c95ec3d1fd,,True,2025-08-30
balhaar3546@kotak,316638815621132,KKBK0704363,Balhaar Parmer,Kotak Mahindra Bank,individual,dev-ffcb11eb4149,,True,2025-05-30
tejas3547@ybl,0653289947873860,YESB0162924,Tejas Rege,Yes Bank,individual,dev-ecf7567bf71b,,True,2026-01-27
fariq3548@cnrb,993776107184,CNRB0803365,Fariq Malhotra,Canara Bank,individual,dev-f4a92f2054bb,,True,2024-10-05
devansh3549@okhdfcbank,458589543,HDFC0869655,Devansh Sastry,HDFC Bank,individual,dev-475635c8b79f,,True,2025-01-25
aarna3550@oksbi,4483255814592659,SBIN0428674,Aarna Majumdar,State Bank of India,individual,dev-5f71532e0c80,,True,2026-07-06
warda3551@cnrb,5219493654421,CNRB0668679,Warda Datta,Canara Bank,individual,dev-77786d4796a4,,True,2024-06-27
ghosh3552@pnb,332122945619452,PUNB0299043,Ghosh and Sons Travel,Punjab National Bank,merchant,dev-6a7e2f2b190f,,True,2023-10-24
viraj3553@idfcfirst,4142371364804004,IDFB0251121,Viraj Contractor,IDFC First Bank,individual,dev-8e297e26f004,,True,2025-10-05
qarin3554@cnrb,942169667237,CNRB0648112,Qarin Toor,Canara Bank,individual,dev-7990b83e24fd,,True,2026-03-03
edhitha3555@cnrb,8532682489488241,CNRB0005587,Edhitha Barman,Canara Bank,individual,dev-d4c0ae9ef224,,True,2025-08-22
darsh3556@okaxis,6231516784947,UTIB0976747,Darsh Lad,Axis Bank,individual,dev-641b8c87a497,,True,2025-11-10
amol3557@barodampay,141290543880220,BARB0503388,Amol Pandit,Bank of Baroda,individual,dev-cebd11654d53,,True,2024-04-13
wahab3558@cnrb,3380813798733,CNRB0329272,Wahab Palla,Canara Bank,individual,dev-661964d5f766,innocent_bystander,True,2024-09-30
faras3559@idfcfirst,06991914367679,IDFB0511809,Faras Tripathi,IDFC First Bank,individual,dev-6b66d19306e6,,True,2024-12-12
chowdhuryvaidya3560@okaxis,467965264962,UTIB0938888,Chowdhury-Vaidya Food & Dining,Axis Bank,merchant,dev-5bd427749ceb,,True,2025-07-16
warjas3561@cnrb,5178821041753,CNRB0290839,Warjas Jani,Canara Bank,individual,dev-7ac70e739376,,True,2024-01-12
kamya3562@ybl,8174488183,YESB0376284,Kamya Sagar,Yes Bank,individual,dev-9d6a73d46763,,True,2024-09-06
pooja3563@pnb,4415548376,PUNB0971289,Pooja Mandal,Punjab National Bank,individual,dev-6104e2a2de20,,True,2026-05-08
aryan3564@pnb,2718138107,PUNB0809918,Aryan Narain,Punjab National Bank,individual,dev-a19a17c1829c,,True,2025-08-19
gautami3565@okhdfcbank,659609258603,HDFC0010132,Gautami Reddy,HDFC Bank,individual,dev-d1a0e56b44bc,innocent_bystander,True,2024-10-24
upma3566@pnb,194384635144296,PUNB0870500,Upma Menon,Punjab National Bank,individual,dev-450762272524,,True,2026-06-10
balasubramanian3567@ybl,3657588931178240,YESB0579502,"Balasubramanian, Dyal and Pillay Pharmacy",Yes Bank,merchant,dev-ef1597b39f0b,,True,2023-10-03
bina3568@oksbi,0635424752262595,SBIN0280590,Bina Doctor,State Bank of India,individual,dev-28ed55abdd77,innocent_bystander,True,2024-11-18
bal3569@oksbi,6380647022599617,SBIN0849402,"Bal, Cherian and Kakar Fashion",State Bank of India,merchant,dev-d8c6638a4dcc,,True,2024-12-21
yasti3570@okhdfcbank,815351628837,HDFC0546409,Yasti Trivedi,HDFC Bank,individual,dev-716618dafa9d,,True,2023-12-30
tanveer3571@ybl,482805936140,YESB0115714,Tanveer Radhakrishnan,Yes Bank,individual,dev-ba3c3153d5ec,,True,2024-08-17
mason3572@idfcfirst,7100252504126,IDFB0013232,Mason Raj,IDFC First Bank,individual,dev-3bc825c54af1,account_takeover,True,2025-01-21
faras3573@kotak,10705370017775,KKBK0175253,Faras Kapur,Kotak Mahindra Bank,individual,dev-7804393a49cc,innocent_bystander,True,2024-01-06
jairaj3574@okhdfcbank,1978150410873456,HDFC0577495,Jairaj Wable,HDFC Bank,individual,dev-5f52254eb33f,,True,2025-06-25
urmi3575@okicici,798188087947769,ICIC0142706,Urmi Vohra,ICICI Bank,individual,dev-bc50935b1d2d,,True,2024-01-05
edhitha3576@barodampay,78413465854,BARB0120073,Edhitha Luthra,Bank of Baroda,individual,dev-02b0aeef2f0f,,True,2024-03-16
chaaya3577@kotak,572790119,KKBK0291425,Chaaya Kohli,Kotak Mahindra Bank,individual,dev-01d328f26be1,,True,2026-05-15
kibepathak3578@idfcfirst,335369343564096,IDFB0721355,Kibe-Pathak Electronics,IDFC First Bank,merchant,dev-33058ccc9b1b,,True,2025-06-05
tamanna3579@ybl,870077801025315,YESB0325118,Tamanna Murty,Yes Bank,individual,dev-4a1a85497eb7,,True,2025-09-08
wridesh3580@pnb,912902377802,PUNB0466740,Wridesh Saxena,Punjab National Bank,individual,dev-633ff9ba4189,,True,2025-11-21
janaki3581@barodampay,63801974221,BARB0897164,Janaki Buch,Bank of Baroda,individual,dev-84fc69561f4a,,True,2024-04-03
yashasvi3582@cnrb,92786089670785,CNRB0524063,Yashasvi Bose,Canara Bank,individual,dev-f10a5dcf985a,,True,2025-11-06
veda3583@oksbi,62713589665459,SBIN0650857,Veda Karpe,State Bank of India,individual,dev-ea7fa4d14039,,True,2023-12-16
omya3584@cnrb,92973855714,CNRB0024879,Omya Karpe,Canara Bank,individual,dev-3ad7226dca64,,True,2025-01-26
dass3585@oksbi,9146440498701,SBIN0527870,"Dass, Yogi and Konda Fuel",State Bank of India,merchant,dev-5392234c1ea1,,True,2024-05-28
lakshit3586@kotak,9176106066,KKBK0646524,Lakshit Lad,Kotak Mahindra Bank,individual,dev-5eb0dbf91d34,,True,2025-07-20
harita3587@kotak,743607485310618,KKBK0494547,Harita Murthy,Kotak Mahindra Bank,individual,dev-bf904bdeec6c,,True,2025-11-28
finn3588@okaxis,0000747760169160,UTIB0198868,Finn Rege,Axis Bank,individual,dev-c84e7898632a,,True,2024-12-21
yashasvi3589@pnb,59255194480,PUNB0662657,Yashasvi Divan,Punjab National Bank,individual,dev-58770105b2f4,,True,2025-09-04
rudra3590@okicici,96386725835217,ICIC0421245,Rudra Gole,ICICI Bank,individual,dev-365a9c34fcb5,,True,2025-11-03
auroraganesan3591@kotak,1956703821628,KKBK0731754,Aurora-Ganesan Travel,Kotak Mahindra Bank,merchant,dev-2a38f9c4bfdc,,True,2026-06-23
sahota3592@idfcfirst,40467859671,IDFB0202599,Sahota LLC Food & Dining,IDFC First Bank,merchant,dev-2b317a9614a0,,True,2025-08-18
singhal3593@pnb,49049536286,PUNB0286330,"Singhal, Chaudhuri and Date Food & Dining",Punjab National Bank,merchant,dev-0f4d6c1338da,,True,2023-08-23
raagini3594@ybl,0302146137,YESB0240199,Raagini Bajwa,Yes Bank,individual,dev-ea0d65550791,account_takeover,True,2024-09-08
elijah3595@idfcfirst,901211425955969,IDFB0924072,Elijah Deo,IDFC First Bank,individual,dev-7d1b760a94bd,gambling_network,True,2024-11-08
pahal3596@okhdfcbank,22795165407,HDFC0601672,Pahal Pandya,HDFC Bank,individual,dev-dbcd113cd0c9,,True,2024-12-03
ratti3597@pnb,977103346,PUNB0098635,Ratti Ltd Grocery,Punjab National Bank,merchant,dev-d8bb9f1a8586,,True,2024-01-13
chaaya3598@ybl,7608104004319228,YESB0704730,Chaaya Dani,Yes Bank,individual,dev-b43a0d5b245b,account_takeover,True,2025-06-19
nayarchokshi3599@oksbi,06914019218,SBIN0270458,Nayar-Chokshi Grocery,State Bank of India,merchant,dev-b5e73c47d0b2,,True,2025-03-24
ethan3600@cnrb,580188540,CNRB0911775,Ethan Pant,Canara Bank,individual,dev-37a01f8fdf22,,True,2025-07-14
regesengupta3601@okaxis,23377073354958,UTIB0887958,Rege-Sengupta Electronics,Axis Bank,merchant,dev-f3cb77fb2675,,True,2024-07-16
bimala3602@ybl,6245411069,YESB0640234,Bimala Sood,Yes Bank,individual,dev-3167038fd0fb,,True,2024-06-14
qadim3603@pnb,5744994201,PUNB0520588,Qadim Upadhyay,Punjab National Bank,individual,dev-8345d0fa2730,,True,2023-10-19
max3604@pnb,6555832252963248,PUNB0994224,Max Amble,Punjab National Bank,individual,dev-ba9443889de9,,True,2023-10-06
sudiksha3605@ybl,81491124843823,YESB0248946,Sudiksha Raghavan,Yes Bank,individual,dev-1402361c3cf0,,True,2023-09-05
reva3606@okhdfcbank,4622759967858014,HDFC0078148,Reva Goda,HDFC Bank,individual,dev-2d9d3476424a,,True,2023-09-09
gunbir3607@cnrb,7264957119664646,CNRB0632953,Gunbir Kata,Canara Bank,individual,dev-ac44933874b3,,True,2025-05-22
takom3608@ybl,66753467404,YESB0595039,Tak-Om Electronics,Yes Bank,merchant,dev-3df704c6c666,,True,2026-06-22
zarna3609@okhdfcbank,4790089312401,HDFC0034877,Zarna Vohra,HDFC Bank,individual,dev-f8f5b9b55828,,True,2025-07-24
bhavika3610@idfcfirst,06868987186261,IDFB0833675,Bhavika Naidu,IDFC First Bank,individual,dev-11addaa3129d,,True,2024-02-08
eiravati3611@okicici,73223269249903,ICIC0349100,Eiravati Gokhale,ICICI Bank,individual,dev-327aa8495054,,True,2026-06-29
benjamin3612@cnrb,980130008478,CNRB0165722,Benjamin Kade,Canara Bank,individual,dev-2db1c4ab6654,,True,2025-09-15
zilmil3613@idfcfirst,2024244941400,IDFB0631681,Zilmil Mall,IDFC First Bank,individual,dev-fb847340b93d,,True,2025-04-17
hardik3614@pnb,471573366540,PUNB0162255,Hardik Palan,Punjab National Bank,individual,dev-5e32be7cca1f,account_takeover,True,2025-04-30
noah3615@ybl,725264302458,YESB0740007,Noah Dani,Yes Bank,individual,dev-4ecca28ba5b2,innocent_bystander,True,2026-05-05
anusha3616@pnb,710931745635669,PUNB0391178,Anusha Sur,Punjab National Bank,individual,dev-7ff74f816317,innocent_bystander,True,2024-09-01
udarsh3617@cnrb,79044475127,CNRB0238936,Udarsh Gara,Canara Bank,individual,dev-182d337f19c0,,True,2024-03-08
aashi3618@cnrb,70135511975349,CNRB0307401,Aashi Cherian,Canara Bank,individual,dev-09939554439e,,True,2026-07-14
arya3619@okaxis,152444201705366,UTIB0183872,Arya Dhaliwal,Axis Bank,individual,dev-4c59a9ad5c80,,True,2025-04-02
samuel3620@okicici,84241220188,ICIC0905410,Samuel Trivedi,ICICI Bank,individual,dev-f87f5f067375,,True,2024-11-21
ayaan3621@idfcfirst,96985276796,IDFB0666993,Ayaan Baral,IDFC First Bank,individual,dev-ee073b6c4856,innocent_bystander,True,2025-08-24
yogi3622@okhdfcbank,302602865590,HDFC0877965,"Yogi, Hayer and Ahuja Home Services",HDFC Bank,merchant,dev-b6655e7a2aa7,,True,2023-12-11
atharv3623@okaxis,88962391754,UTIB0160231,Atharv Pingle,Axis Bank,individual,dev-8911e4f24603,,True,2026-07-09
baghyawati3624@pnb,62335095663830,PUNB0560950,Baghyawati Sandhu,Punjab National Bank,individual,dev-8e33a11e2c6e,,True,2025-06-14
jonathan3625@oksbi,8097345732,SBIN0132306,Jonathan Setty,State Bank of India,individual,dev-0f5186702877,,True,2026-02-28
imaran3626@barodampay,8584850158,BARB0147011,Imaran Dar,Bank of Baroda,individual,dev-0a5c66c1295e,,True,2024-01-12
rachana3627@okhdfcbank,276182596968,HDFC0463783,Rachana Tak,HDFC Bank,individual,dev-2e731e2bcdb9,,True,2024-11-20
chadhadevan3628@pnb,082911597,PUNB0609422,Chadha-Devan Home Services,Punjab National Bank,merchant,dev-2a04e3438603,,True,2023-10-07
jackson3629@cnrb,2977426926,CNRB0858545,Jackson Pandya,Canara Bank,individual,dev-90c644747939,,True,2026-02-20
tristan3630@idfcfirst,2806385789,IDFB0801490,Tristan Borde,IDFC First Bank,individual,dev-85232260d0f5,,True,2025-08-28
dugartripathi3631@okaxis,1861354051,UTIB0310539,Dugar-Tripathi Travel,Axis Bank,merchant,dev-ee0fc1aa20c8,,True,2024-12-27
anya3632@ybl,769710288776,YESB0312396,Anya Setty,Yes Bank,individual,dev-7a3b42ae14d5,,True,2024-10-07
divya3633@okicici,069397735268,ICIC0648436,Divya Barad,ICICI Bank,individual,dev-f2d5b5dfd82d,,True,2025-07-30
chaudhryverma3634@okaxis,23468594561130,UTIB0414857,Chaudhry-Verma Fuel,Axis Bank,merchant,dev-30c5185945f3,,True,2025-02-14
ranveer3635@idfcfirst,3462707019879,IDFB0690153,Ranveer Banik,IDFC First Bank,individual,dev-c36e2b1b70fe,,True,2026-01-18
yatan3636@oksbi,1056016082873724,SBIN0958719,Yatan Devan,State Bank of India,individual,dev-e494a2e3c442,,True,2025-11-28
thomas3637@cnrb,32957767948003,CNRB0498793,Thomas Hayre,Canara Bank,individual,dev-dd0174549b7a,,True,2026-03-08
singhaldoshi3638@okhdfcbank,312822218928249,HDFC0626040,Singhal-Doshi Home Services,HDFC Bank,merchant,dev-e93428cfc77e,,True,2025-12-27
rachit3639@okhdfcbank,435220466284,HDFC0802331,Rachit Taneja,HDFC Bank,individual,dev-6003fbd15961,account_takeover,True,2025-03-06
karan3640@barodampay,7635781311293,BARB0919226,Karan Issac,Bank of Baroda,individual,dev-70e8bb82b067,,True,2025-05-12
chakrabarti3641@okaxis,3255143574,UTIB0277569,"Chakrabarti, Varty and Kala Utilities",Axis Bank,merchant,dev-c8fb4ae747b7,,True,2025-02-07
radha3642@ybl,1198257437020,YESB0890783,Radha Bhavsar,Yes Bank,individual,dev-ed91b4253970,,True,2024-02-15
sathvik3643@kotak,76472247926488,KKBK0172691,Sathvik Gokhale,Kotak Mahindra Bank,individual,dev-7fb2edaf1d87,innocent_bystander,True,2026-06-23
omya3644@pnb,2821241557919,PUNB0830762,Omya Lall,Punjab National Bank,individual,dev-e142c20d4856,innocent_bystander,True,2026-02-01
rai3645@okhdfcbank,215213460107525,HDFC0809565,"Rai, Keer and Palla Utilities",HDFC Bank,merchant,dev-bc87dec2e595,,True,2023-10-16
pranit3646@okhdfcbank,3688431492,HDFC0948077,Pranit Mital,HDFC Bank,individual,dev-ec358c478405,,True,2025-08-28
brinda3647@okhdfcbank,15474670456,HDFC0039968,Brinda Sundaram,HDFC Bank,individual,dev-70f9fc198d64,innocent_bystander,False,2025-03-09
manya3648@cnrb,213880107891549,CNRB0936633,Manya Parikh,Canara Bank,individual,dev-144944d621a5,,True,2025-07-31
chakrika3649@oksbi,4886803062587606,SBIN0336034,Chakrika Char,State Bank of India,individual,dev-129a5ffd5467,account_takeover,True,2024-10-03
isaiah3650@okicici,02541152239,ICIC0842928,Isaiah Mani,ICICI Bank,individual,dev-53db6751dc53,account_takeover,False,2025-02-18
sanya3651@idfcfirst,48832537644,IDFB0101337,Sanya Nanda,IDFC First Bank,individual,dev-4c1e9db1c947,,True,2023-11-10
pavani3652@okicici,5006818772,ICIC0878159,Pavani D’Alia,ICICI Bank,individual,dev-3ee9fd9b7742,,True,2025-11-04
ucchal3653@okaxis,1250304224174,UTIB0902795,Ucchal Nagar,Axis Bank,individual,dev-0ddce43976fd,,True,2025-06-24
idika3654@kotak,1772444760,KKBK0224131,Idika Rao,Kotak Mahindra Bank,individual,dev-440de1f4a31d,,True,2024-11-29
veda3655@kotak,1584758763448612,KKBK0311573,Veda Suresh,Kotak Mahindra Bank,individual,dev-68724a9bb819,,True,2025-04-23
sabharwal3656@okhdfcbank,645345678310,HDFC0676428,"Sabharwal, Keer and Balakrishnan Electronics",HDFC Bank,merchant,dev-66624b6eb0e4,,True,2025-11-13
amrita3657@cnrb,4258116678781378,CNRB0366183,Amrita Tripathi,Canara Bank,individual,dev-97d3d994e20b,,True,2025-07-01
nilima3658@okicici,134827093276594,ICIC0539660,Nilima Bhat,ICICI Bank,individual,dev-a0408679f701,,True,2024-11-28
advika3659@okaxis,722405987181497,UTIB0145719,Advika Nadkarni,Axis Bank,individual,dev-a049a985dd49,,True,2025-06-27
mahika3660@pnb,164607017,PUNB0347617,Mahika Sathe,Punjab National Bank,individual,dev-c3a12e35112f,,True,2024-02-09
mohini3661@barodampay,28821568870013,BARB0738614,Mohini Lad,Bank of Baroda,individual,dev-939742dafe74,,True,2024-02-09
loyal3662@ybl,1682467106043,YESB0438586,Loyal Group Home Services,Yes Bank,merchant,dev-5119c4ded49c,,True,2024-10-02
harinakshi3663@barodampay,01019419475,BARB0112530,Harinakshi Bath,Bank of Baroda,individual,dev-bee3d2b540ce,innocent_bystander,True,2026-02-28
sara3664@idfcfirst,14641451535,IDFB0006079,Sara Rout,IDFC First Bank,individual,dev-f722a8d329d3,,True,2025-03-12
ganesan3665@kotak,15474692161276,KKBK0022398,Ganesan PLC Fashion,Kotak Mahindra Bank,merchant,dev-f4b1ba96f56b,,True,2024-05-27
imaran3666@okicici,968377124679,ICIC0101432,Imaran Narayan,ICICI Bank,individual,dev-30ba02a43372,,True,2024-05-27
anmol3667@okicici,416646172042549,ICIC0416284,Anmol Bail,ICICI Bank,individual,dev-8869a118b883,,True,2024-02-17
gautam3668@ybl,84173103154,YESB0657592,Gautam Nath,Yes Bank,individual,dev-fa4564467648,,True,2024-01-15
dev3669@pnb,2459927179,PUNB0608448,Dev Bawa,Punjab National Bank,individual,dev-d256d98908c0,,True,2024-08-21
kade3670@ybl,79384828749,YESB0393052,"Kade, Pathak and Wason Home Services",Yes Bank,merchant,dev-4cb91cbe4ea9,,True,2024-08-13
naksh3671@ybl,7402687683306120,YESB0848880,Naksh Wason,Yes Bank,individual,dev-2ee4c734107b,innocent_bystander,True,2023-12-02
veer3672@cnrb,067149577479307,CNRB0313748,Veer Mannan,Canara Bank,individual,dev-adaf08a4ccf7,,True,2023-11-06
kashvi3673@okicici,5459874712,ICIC0464324,Kashvi Narula,ICICI Bank,individual,dev-93f6c5d52ea3,,True,2024-12-13
tanveer3674@kotak,2940329630334,KKBK0196313,Tanveer Kothari,Kotak Mahindra Bank,individual,dev-e63a27895d98,,True,2025-08-13
balendra3675@okhdfcbank,90068690576019,HDFC0350822,Balendra Bahri,HDFC Bank,individual,dev-d9f5fc2e6c1b,,True,2025-02-23
yachana3676@kotak,79475742530,KKBK0741095,Yachana Rao,Kotak Mahindra Bank,individual,dev-bfbdfa8bd341,,True,2023-08-18
brijesh3677@pnb,359447635434,PUNB0016142,Brijesh Dugar,Punjab National Bank,individual,dev-9a1e627cbd2f,,True,2026-02-24
mitrabajwa3678@ybl,7995663300,YESB0332569,Mitra-Bajwa Fuel,Yes Bank,merchant,dev-3dec3d5e3f82,,True,2025-01-09
yug3679@pnb,006328200950239,PUNB0538990,Yug Bandi,Punjab National Bank,individual,dev-de9eedd5c64f,gambling_network,True,2026-06-29
dasguptapurohit3680@cnrb,42005357557,CNRB0182725,Dasgupta-Purohit Food & Dining,Canara Bank,merchant,dev-c562683a914d,,True,2025-07-19
karan3681@okicici,425135928,ICIC0408762,Karan Madan,ICICI Bank,individual,dev-346a43e46534,,True,2024-10-25
faraj3682@okhdfcbank,7179329918839,HDFC0190114,Faraj Borah,HDFC Bank,individual,dev-767ead92368d,,True,2024-01-19
anmol3683@oksbi,5464751945,SBIN0662553,Anmol Aurora,State Bank of India,individual,dev-ef5f61e3adbc,,True,2024-08-25
girish3684@okhdfcbank,60221632275,HDFC0875152,Girish Raman,HDFC Bank,individual,dev-c5303e8104fe,,True,2026-01-31
devika3685@ybl,387661713,YESB0084867,Devika Naik,Yes Bank,individual,dev-9df273827b78,,True,2026-05-19
yauvani3686@ybl,378049957280,YESB0513560,Yauvani Bajaj,Yes Bank,individual,dev-3ad68c8f7c4b,,True,2024-05-20
anusha3687@pnb,4142130701364,PUNB0037961,Anusha Shanker,Punjab National Bank,individual,dev-4af8d8556ac3,,True,2025-08-28
harish3688@pnb,334491246,PUNB0081556,Harish Lalla,Punjab National Bank,individual,dev-60431cbf1083,,True,2024-02-10
krisha3689@okicici,14103898986,ICIC0182620,Krisha Manne,ICICI Bank,individual,dev-1361b1cf7007,,True,2026-07-15
girik3690@oksbi,41595807044,SBIN0468305,Girik Kapadia,State Bank of India,individual,dev-9bf0f78e9bb2,,True,2025-09-15
arya3691@cnrb,52789418617,CNRB0705473,Arya Subramanian,Canara Bank,individual,dev-efc81bd5faee,,True,2026-04-19
yashawini3692@ybl,4733393701,YESB0367314,Yashawini Konda,Yes Bank,individual,dev-b3567688e4b7,,True,2024-03-05
anay3693@okhdfcbank,07346069193,HDFC0007988,Anay Taneja,HDFC Bank,individual,dev-efa72b75df3d,,True,2024-01-22
kashish3694@kotak,980930285,KKBK0163705,Kashish Chokshi,Kotak Mahindra Bank,individual,dev-ad9c57cca5d8,,True,2024-03-03
udarsh3695@okhdfcbank,605761592154,HDFC0653726,Udarsh Bakshi,HDFC Bank,individual,dev-6445829a54d9,,True,2024-06-04
vincent3696@okaxis,6661721313,UTIB0219579,Vincent Sekhon,Axis Bank,individual,dev-d1c059143bde,,True,2025-06-15
vansha3697@cnrb,9363138090,CNRB0713054,Vansha Chopra,Canara Bank,individual,dev-8cdbdcb094b7,,True,2024-03-24
gaurangi3698@cnrb,5718390271,CNRB0992292,Gaurangi Dhawan,Canara Bank,individual,dev-f25dd5f0ab2f,,True,2026-02-12
girish3699@okaxis,7821676674271,UTIB0057149,Girish Gara,Axis Bank,individual,dev-6f485404ad12,,True,2023-08-18
vrishti3700@kotak,4833727087543,KKBK0336297,Vrishti Krish,Kotak Mahindra Bank,individual,dev-984a734fb489,innocent_bystander,True,2024-05-30
lohit3701@okicici,7279556101,ICIC0429829,Lohit Rau,ICICI Bank,individual,dev-4e9202d70989,gambling_network,True,2024-11-05
viraj3702@okhdfcbank,477208890614823,HDFC0491141,Viraj Bhargava,HDFC Bank,individual,dev-6ce69c75335d,,True,2025-02-08
zayyan3703@okaxis,97204767591898,UTIB0280347,Zayyan Sabharwal,Axis Bank,individual,dev-96472cf5c91b,,True,2024-09-09
geetika3704@ybl,593792016274865,YESB0215092,Geetika Dora,Yes Bank,individual,dev-f1014a533e1f,,True,2024-04-25
ekanta3705@okicici,57096180178068,ICIC0098552,Ekanta Ray,ICICI Bank,individual,dev-665f2213cf47,gambling_network,True,2024-08-20
amrita3706@pnb,22985555608,PUNB0755452,Amrita Kadakia,Punjab National Bank,individual,dev-f8a227f53095,,True,2024-07-17
xalak3707@oksbi,6750186794,SBIN0897296,Xalak Munshi,State Bank of India,individual,dev-40edea6c0311,,False,2023-10-11
ekanta3708@barodampay,1542332726,BARB0737863,Ekanta Shenoy,Bank of Baroda,individual,dev-3e5f7c54b165,gambling_network,True,2026-02-16
yoshita3709@oksbi,301802930878,SBIN0675941,Yoshita Bumb,State Bank of India,individual,dev-20ccd083eaa2,,True,2024-05-25
pavani3710@oksbi,84374582688,SBIN0872006,Pavani Brahmbhatt,State Bank of India,individual,dev-cc8439360e6d,,True,2026-05-05
joshua3711@pnb,4932893898576,PUNB0034894,Joshua Arya,Punjab National Bank,individual,dev-bb30fd1f6103,,True,2025-05-25
zinal3712@okicici,401780330496,ICIC0910872,Zinal Dara,ICICI Bank,individual,dev-b05d606a4d22,,True,2025-11-26
rudra3713@idfcfirst,3900892098779,IDFB0659698,Rudra Sarma,IDFC First Bank,individual,dev-c16dac195868,,True,2026-07-02
balvan3714@pnb,4508228980941168,PUNB0402334,Balvan Samra,Punjab National Bank,individual,dev-9c8aed99de0d,innocent_bystander,True,2024-07-19
onkar3715@kotak,46263128265,KKBK0692302,Onkar Vohra,Kotak Mahindra Bank,individual,dev-992eac99fcd3,,True,2025-01-15
logan3716@idfcfirst,3789578011220666,IDFB0784625,Logan Sahota,IDFC First Bank,individual,dev-f8641c23f986,,True,2025-01-02
aditya3717@kotak,85807674758,KKBK0801988,Aditya Minhas,Kotak Mahindra Bank,individual,dev-809f0ed82b28,,True,2024-03-14
radhika3718@okhdfcbank,784169770,HDFC0899674,Radhika Menon,HDFC Bank,individual,dev-2f61769c2d84,,True,2025-10-06
ekantika3719@okaxis,7832930722790638,UTIB0899960,Ekantika Prabhu,Axis Bank,individual,dev-1e7bc11aa7ec,,True,2024-03-14
lohit3720@kotak,8658292892,KKBK0651737,Lohit Mannan,Kotak Mahindra Bank,individual,dev-9d1c91d54458,innocent_bystander,True,2025-08-31
kamya3721@pnb,587496612009275,PUNB0172695,Kamya Venkataraman,Punjab National Bank,individual,dev-80f30ad06d2f,,True,2025-01-23
urmi3722@okhdfcbank,0965446623139,HDFC0250367,Urmi Shere,HDFC Bank,individual,dev-02283edda399,,True,2024-11-19
narayanan3723@idfcfirst,302310161,IDFB0034121,Narayanan Ltd Fuel,IDFC First Bank,merchant,dev-aa0a29b61b35,,True,2025-06-04
deshmukh3724@idfcfirst,3361287169229954,IDFB0219863,"Deshmukh, Gala and Viswanathan Home Services",IDFC First Bank,merchant,dev-1259540e63df,,True,2024-03-15
advaith3725@kotak,7465100785599,KKBK0715256,Advaith Nadkarni,Kotak Mahindra Bank,individual,dev-016032847cd0,,True,2024-06-20
praneel3726@pnb,22654289098,PUNB0873863,Praneel Doctor,Punjab National Bank,individual,dev-2d24af700e3e,,True,2023-08-14
ekalinga3727@idfcfirst,08056275316191,IDFB0099985,Ekalinga Ahluwalia,IDFC First Bank,individual,dev-3a988f3411b5,gambling_network,True,2024-09-16
raghav3728@idfcfirst,77581020854,IDFB0496792,Raghav Iyengar,IDFC First Bank,individual,dev-ebd471180287,account_takeover,True,2023-09-11
tara3729@idfcfirst,839807739,IDFB0787482,Tara Narayanan,IDFC First Bank,individual,dev-2c8102448819,gambling_network,True,2024-05-20
darsh3730@okicici,8874898774739,ICIC0883577,Darsh Sidhu,ICICI Bank,individual,dev-e836fc9a47af,,True,2025-01-25
ekalinga3731@ybl,6135705234134,YESB0771089,Ekalinga Palla,Yes Bank,individual,dev-aac36249eee9,innocent_bystander,True,2023-12-30
kara3732@okaxis,3610148989774,UTIB0283814,"Kara, Pai and Atwal Food & Dining",Axis Bank,merchant,dev-a3eb20a1f1ba,,True,2025-10-18
anvi3733@cnrb,92769983446,CNRB0144542,Anvi Mane,Canara Bank,individual,dev-852b7bd8c77d,,False,2025-07-26
damini3734@okicici,424486283277,ICIC0006783,Damini Pillai,ICICI Bank,individual,dev-166e6ff09110,,True,2023-12-29
rau3735@kotak,03891380553,KKBK0319160,"Rau, Kumar and Jain Pharmacy",Kotak Mahindra Bank,merchant,dev-199bf6f04c67,,True,2025-09-02
michael3736@barodampay,8164655505,BARB0149721,Michael Chauhan,Bank of Baroda,individual,dev-c64f6570b8cf,,True,2024-02-13
ati3737@cnrb,773792482,CNRB0691157,Ati Gokhale,Canara Bank,individual,dev-fa3f60077a51,innocent_bystander,True,2024-07-10
harsh3738@okicici,402084327632,ICIC0945722,Harsh Date,ICICI Bank,individual,dev-7ee30c0f5c83,,True,2025-05-30
ganga3739@idfcfirst,8837115924948683,IDFB0833586,Ganga Malhotra,IDFC First Bank,individual,dev-9e93e4d244c3,innocent_bystander,True,2023-09-23
shaurya3740@oksbi,998307522,SBIN0674480,Shaurya Ganguly,State Bank of India,individual,dev-e1a103e0ef7b,,True,2026-04-06
kata3741@idfcfirst,5591337685801,IDFB0609092,Kata and Sons Food & Dining,IDFC First Bank,merchant,dev-cf2ec93c9dc9,,True,2024-07-30
din3742@okicici,286354092,ICIC0863222,Din and Sons Travel,ICICI Bank,merchant,dev-20ecd13d29df,,True,2025-02-27
vaishnavi3743@kotak,4067660636,KKBK0643239,Vaishnavi Acharya,Kotak Mahindra Bank,individual,dev-3cb4354ce697,,True,2026-02-19
faras3744@okhdfcbank,266857497071054,HDFC0401059,Faras Ben,HDFC Bank,individual,dev-3538606ac85c,,True,2024-04-14
yasti3745@cnrb,436924285292123,CNRB0258701,Yasti Sarraf,Canara Bank,individual,dev-562ce20ec900,,True,2025-02-13
urmi3746@okaxis,830599458121,UTIB0589012,Urmi Narain,Axis Bank,individual,dev-adff1de6cbd1,,True,2025-07-04
xiti3747@ybl,4994322598,YESB0289718,Xiti Dalal,Yes Bank,individual,dev-394c3cd52dda,,True,2025-03-06
maya3748@barodampay,5529234428693455,BARB0172643,Maya Purohit,Bank of Baroda,individual,dev-cdee74d6e9b4,,True,2024-04-14
sompant3749@pnb,4076110150,PUNB0008102,Som-Pant Fuel,Punjab National Bank,merchant,dev-fce52592ae1f,,True,2024-03-05
edhitha3750@ybl,487103412,YESB0512315,Edhitha Wali,Yes Bank,individual,dev-d2990dcbe229,,True,2024-09-04
tanish3751@pnb,640419412,PUNB0643835,Tanish Ganesan,Punjab National Bank,individual,dev-0f4f75734aa0,,True,2023-11-20
luke3752@barodampay,1721296425544750,BARB0351359,Luke Sarkar,Bank of Baroda,individual,dev-22b2f00f727e,,True,2025-09-20
vrishti3753@kotak,28553489836960,KKBK0721252,Vrishti Krishna,Kotak Mahindra Bank,individual,dev-cbde46921108,,True,2026-04-14
radhika3754@okicici,121440643,ICIC0242946,Radhika Pall,ICICI Bank,individual,dev-d203ba61c784,gambling_network,True,2025-12-29
aryan3755@ybl,46026466340742,YESB0533928,Aryan Pau,Yes Bank,individual,dev-7de34b0385c1,,True,2024-09-25
hiral3756@idfcfirst,275389829305,IDFB0955629,Hiral Samra,IDFC First Bank,individual,dev-6873da000420,innocent_bystander,True,2024-03-14
halder3757@oksbi,4953690940,SBIN0959374,Halder Group Travel,State Bank of India,merchant,dev-431cf591e4d0,,True,2025-10-27
praneel3758@okaxis,323936824,UTIB0813222,Praneel Anne,Axis Bank,individual,dev-ea28d554f966,,True,2025-03-08
riya3759@okhdfcbank,391972235970,HDFC0589155,Riya Patel,HDFC Bank,individual,dev-7f3306531084,,True,2023-12-20
abdul3760@kotak,68506116933,KKBK0668435,Abdul Mukherjee,Kotak Mahindra Bank,individual,dev-035c1e50dc32,,True,2023-09-05
girindra3761@idfcfirst,2455578365458600,IDFB0701793,Girindra Pillay,IDFC First Bank,individual,dev-ae2c2188e95a,,True,2024-07-18
yadavi3762@cnrb,6143383822,CNRB0235585,Yadavi Arya,Canara Bank,individual,dev-c47488bf5d4c,,True,2026-07-02
bahadurjit3763@okhdfcbank,545050656326,HDFC0055495,Bahadurjit Maharaj,HDFC Bank,individual,dev-5fffbb7b754d,innocent_bystander,True,2024-03-07
mitali3764@okhdfcbank,403194839964951,HDFC0070452,Mitali Bassi,HDFC Bank,individual,dev-a0d54a88f6d1,,True,2024-12-26
anusha3765@cnrb,65628091974422,CNRB0313462,Anusha Bhandari,Canara Bank,individual,dev-49102edce217,,True,2024-02-22
urishilla3766@kotak,08717399968408,KKBK0047752,Urishilla Sha,Kotak Mahindra Bank,individual,dev-87528ea37774,,True,2024-01-24
oscar3767@okaxis,977113332257815,UTIB0479207,Oscar Solanki,Axis Bank,individual,dev-b82bb7cc2a85,,True,2026-04-18
balvan3768@pnb,5684522961478603,PUNB0419011,Balvan Pingle,Punjab National Bank,individual,dev-85a7a32e7891,account_takeover,True,2023-08-24
michael3769@ybl,17201723521,YESB0070183,Michael Goel,Yes Bank,individual,dev-bef7d5124f3a,,True,2024-09-29
fitan3770@idfcfirst,85851151826272,IDFB0516683,Fitan Saini,IDFC First Bank,individual,dev-aff9a0403d56,,True,2024-11-12
daksh3771@pnb,370493732,PUNB0327793,Daksh Sawhney,Punjab National Bank,individual,dev-0d46514a0b84,,True,2023-09-13
dipta3772@ybl,992578197472313,YESB0309025,Dipta Chatterjee,Yes Bank,individual,dev-882008968eee,,True,2024-09-16
rishi3773@okicici,751615306620,ICIC0881447,Rishi Badal,ICICI Bank,individual,dev-2f49dc6aa0af,,True,2024-05-02
edhitha3774@kotak,626797871771125,KKBK0783686,Edhitha Gara,Kotak Mahindra Bank,individual,dev-30db5fe1d6a3,innocent_bystander,True,2023-09-25
zaitra3775@kotak,0737091629883102,KKBK0636876,Zaitra Atwal,Kotak Mahindra Bank,individual,dev-3ed93a575aca,,True,2026-06-11
omaja3776@kotak,1908948598,KKBK0676639,Omaja Bhat,Kotak Mahindra Bank,individual,dev-b400f492a142,,True,2024-04-02
reyansh3777@kotak,56618494718,KKBK0026988,Reyansh Thaker,Kotak Mahindra Bank,individual,dev-39e84791a74e,gambling_network,True,2024-10-14
amara3778@okaxis,346397680,UTIB0197140,Amara Chacko,Axis Bank,individual,dev-e2be2fd4154c,,True,2025-08-29
sachi3779@oksbi,3086821233790,SBIN0534022,Sachi Basu,State Bank of India,individual,dev-022c32a0063e,,True,2026-01-31
rushil3780@kotak,8816740711,KKBK0284433,Rushil Tiwari,Kotak Mahindra Bank,individual,dev-da7a5e154a4b,,False,2024-07-08
ghoseaggarwal3781@pnb,22356487238790,PUNB0087959,Ghose-Aggarwal Grocery,Punjab National Bank,merchant,dev-2ace67810709,,True,2025-09-09
mahalpanchal3782@okaxis,065645374897545,UTIB0778517,Mahal-Panchal Food & Dining,Axis Bank,merchant,dev-1c49b0dc0392,,True,2024-09-22
harita3783@idfcfirst,12211901596,IDFB0131071,Harita Shukla,IDFC First Bank,individual,dev-64b4159d97ff,,True,2024-10-08
ubika3784@cnrb,67524577101224,CNRB0714290,Ubika Chakrabarti,Canara Bank,individual,dev-33fd076a7f9e,,True,2024-04-24
chana3785@idfcfirst,685607934,IDFB0517583,Chana and Sons Utilities,IDFC First Bank,merchant,dev-cc8c2725b7a3,,True,2024-12-07
quincy3786@oksbi,09545363311,SBIN0910349,Quincy Nadkarni,State Bank of India,individual,dev-da078c336263,innocent_bystander,True,2023-10-07
bahri3787@okicici,910124798909,ICIC0654569,"Bahri, Gara and Anne Electronics",ICICI Bank,merchant,dev-54267b20aec7,,True,2026-02-20
prasad3788@cnrb,6226335114,CNRB0158752,Prasad Group Fashion,Canara Bank,merchant,dev-2b8356bc0437,,True,2025-07-22
koshy3789@barodampay,371740958,BARB0088048,Koshy LLC Electronics,Bank of Baroda,merchant,dev-7b249d739fe1,,True,2025-09-15
kevin3790@okicici,31715359896,ICIC0428357,Kevin Mukherjee,ICICI Bank,individual,dev-f01683f86d45,,True,2024-05-09
ladli3791@okaxis,897513106202,UTIB0066192,Ladli Mangat,Axis Bank,individual,dev-32130821b5fe,,True,2025-01-06
mallick3792@barodampay,544491677,BARB0085204,Mallick and Sons Electronics,Bank of Baroda,merchant,dev-ae3dc655e137,,True,2024-07-09
odika3793@cnrb,88290572951919,CNRB0979434,Odika Kara,Canara Bank,individual,dev-380038f23133,,True,2026-01-17
anjali3794@kotak,83741384764276,KKBK0313619,Anjali Iyengar,Kotak Mahindra Bank,individual,dev-81c0d81275ac,,True,2024-09-10
chakrika3795@oksbi,164766688500084,SBIN0470423,Chakrika Lad,State Bank of India,individual,dev-af1a79483652,,True,2026-04-14
aishani3796@barodampay,6564844429,BARB0044179,Aishani Chanda,Bank of Baroda,individual,dev-88ba8906ce5d,,True,2026-05-04
isha3797@okicici,12028071404913,ICIC0263511,Isha Patla,ICICI Bank,individual,dev-b7ac07b4c976,,True,2025-06-13
virksengupta3798@ybl,365978348285492,YESB0680863,Virk-Sengupta Fashion,Yes Bank,merchant,dev-b6f90f5bad2b,,True,2025-11-19
garde3799@idfcfirst,7663940574495337,IDFB0746714,"Garde, Bansal and Rajan Pharmacy",IDFC First Bank,merchant,dev-8d8592179269,,True,2025-07-10
shivansh3800@okaxis,0048862938152,UTIB0460374,Shivansh Saraf,Axis Bank,individual,dev-00a118c8b300,,True,2025-01-30
bhavya3801@idfcfirst,882211758690613,IDFB0454135,Bhavya Johal,IDFC First Bank,individual,dev-fad4bb8251ef,,True,2024-07-16
yahvi3802@okhdfcbank,131983530204436,HDFC0734807,Yahvi Luthra,HDFC Bank,individual,dev-1d56358d0554,innocent_bystander,True,2024-07-24
yochana3803@cnrb,474700953,CNRB0645878,Yochana Kade,Canara Bank,individual,dev-e696eec19fc0,,False,2024-07-01
kamdarsibal3804@idfcfirst,5937060058,IDFB0703123,Kamdar-Sibal Pharmacy,IDFC First Bank,merchant,dev-2a8bab6970ab,,True,2024-02-10
azad3805@pnb,768232183,PUNB0005125,Azad D’Alia,Punjab National Bank,individual,dev-bff6ec0f633c,,True,2026-02-19
vaishnavi3806@oksbi,49162989023969,SBIN0866752,Vaishnavi Dey,State Bank of India,individual,dev-e5379e470081,,True,2023-09-08
ekantika3807@barodampay,8624214679603,BARB0437757,Ekantika Pradhan,Bank of Baroda,individual,dev-f6875afb86cd,,True,2025-11-19
bahadurjit3808@idfcfirst,2776129945,IDFB0055459,Bahadurjit Naidu,IDFC First Bank,individual,dev-3ae8d6a7d14b,innocent_bystander,True,2024-05-31
jagrati3809@kotak,74286424838210,KKBK0143571,Jagrati Anand,Kotak Mahindra Bank,individual,dev-0b10be4238df,,True,2025-01-31
oviya3810@barodampay,711752383382,BARB0456215,Oviya Soman,Bank of Baroda,individual,dev-7732d74f5e56,,True,2025-01-25
gayathri3811@barodampay,6015144407,BARB0300716,Gayathri Chaudhry,Bank of Baroda,individual,dev-02dc5db70150,,True,2025-12-11
ishita3812@okhdfcbank,759965991,HDFC0598264,Ishita Mohan,HDFC Bank,individual,dev-3e74a1c4420f,,True,2024-04-14
unni3813@kotak,833755932090449,KKBK0483592,Unni Grewal,Kotak Mahindra Bank,individual,dev-df9dd00175c9,,True,2025-04-16
reva3814@okhdfcbank,8092986494131,HDFC0262557,Reva Shan,HDFC Bank,individual,dev-2a26a20a5810,,True,2024-02-08
mohini3815@pnb,182703204,PUNB0245128,Mohini Solanki,Punjab National Bank,individual,dev-a2ac1b40b40f,account_takeover,True,2024-07-08
zayyan3816@kotak,040789087846467,KKBK0293114,Zayyan Prakash,Kotak Mahindra Bank,individual,dev-367eed519db4,,True,2026-05-06
vasudha3817@ybl,5526817592673574,YESB0660515,Vasudha Rattan,Yes Bank,individual,dev-fb8716be1d20,,True,2024-03-07
bariakaur3818@cnrb,36203631484424,CNRB0299483,Baria-Kaur Fashion,Canara Bank,merchant,dev-94b709f5e9a3,,True,2024-04-14
oviya3819@idfcfirst,657825017857,IDFB0965627,Oviya Sandhu,IDFC First Bank,individual,dev-4c1bee1390bb,,True,2024-02-10
nandini3820@ybl,8803511394,YESB0675877,Nandini Balakrishnan,Yes Bank,individual,dev-111e079be294,,True,2025-01-12
yauvani3821@kotak,1219540199373910,KKBK0350952,Yauvani Ganesan,Kotak Mahindra Bank,individual,dev-ee269b2d4325,,True,2024-11-14
rushil3822@oksbi,57140075703155,SBIN0742375,Rushil Dewan,State Bank of India,individual,dev-f342e5168554,,True,2024-01-27
gauri3823@kotak,7142713650904,KKBK0060322,Gauri Bhagat,Kotak Mahindra Bank,individual,dev-64a788936d22,,True,2024-10-07
dayamai3824@barodampay,9978618683540,BARB0645344,Dayamai Dhaliwal,Bank of Baroda,individual,dev-fb50974d411e,,True,2024-07-23
tara3825@okaxis,065372627485060,UTIB0733244,Tara Randhawa,Axis Bank,individual,dev-a0616c39d740,,True,2025-12-30
triveni3826@okicici,26196602331,ICIC0043656,Triveni Acharya,ICICI Bank,individual,dev-480579985bee,innocent_bystander,True,2026-06-16
sai3827@ybl,03529834430,YESB0384242,Sai Gera,Yes Bank,individual,dev-45bd3292a81a,innocent_bystander,False,2024-05-05
damyanti3828@okicici,7281860246,ICIC0734710,Damyanti Buch,ICICI Bank,individual,dev-cec9c48bc417,,True,2026-06-09
warinder3829@okaxis,8578556855290,UTIB0853191,Warinder Jani,Axis Bank,individual,dev-ef172462c2d7,,True,2026-04-13
chanakonda3830@kotak,30189994017,KKBK0693793,Chana-Konda Travel,Kotak Mahindra Bank,merchant,dev-a9d918fde79a,,True,2026-02-23
kavya3831@idfcfirst,9950913852017,IDFB0716706,Kavya Ahluwalia,IDFC First Bank,individual,dev-11c29f2aca71,,True,2025-04-07
duttapadmanabhan3832@kotak,5469044385069,KKBK0187873,Dutta-Padmanabhan Fashion,Kotak Mahindra Bank,merchant,dev-9f12657c602e,,True,2025-11-21
urishilla3833@oksbi,5529323337752267,SBIN0401953,Urishilla Ramesh,State Bank of India,individual,dev-46ec674472a6,,True,2025-06-07
urmi3834@pnb,239188349330312,PUNB0512707,Urmi Puri,Punjab National Bank,individual,dev-a9935ac5df9d,,True,2026-01-14
xavier3835@okaxis,1595384289,UTIB0287741,Xavier Char,Axis Bank,individual,dev-1f5614fb4436,,True,2026-04-30
kabir3836@okaxis,853051512,UTIB0125925,Kabir Nadkarni,Axis Bank,individual,dev-2962492c0e22,,True,2026-03-23
ratta3837@cnrb,5550715502223,CNRB0292740,Ratta LLC Food & Dining,Canara Bank,merchant,dev-2dff6f92d028,,True,2025-10-17
samraramesh3838@okhdfcbank,901506306,HDFC0074788,Samra-Ramesh Food & Dining,HDFC Bank,merchant,dev-68c28d9b2120,,True,2024-07-04
idika3839@okaxis,2338570090615,UTIB0822841,Idika Suresh,Axis Bank,individual,dev-658b8979135e,,True,2024-01-18
tristan3840@kotak,4233051488,KKBK0974850,Tristan Gokhale,Kotak Mahindra Bank,individual,dev-d3722a2686f6,,True,2025-06-30
jyoti3841@idfcfirst,9373968640328,IDFB0567437,Jyoti Pathak,IDFC First Bank,individual,dev-328680967053,,True,2025-01-25
yachana3842@ybl,053093258137,YESB0666790,Yachana Agarwal,Yes Bank,individual,dev-250dd930dea3,,True,2026-07-04
faras3843@cnrb,555356638374,CNRB0943155,Faras Karpe,Canara Bank,individual,dev-5ba8dcb59aa5,,True,2024-11-25
tata3844@barodampay,690620913531260,BARB0060197,Tata and Sons Food & Dining,Bank of Baroda,merchant,dev-70a60f497669,,True,2024-01-09
siddharth3845@okhdfcbank,390211979885,HDFC0523474,Siddharth Mittal,HDFC Bank,individual,dev-296a485890ed,,True,2026-04-21
girik3846@ybl,207122093850,YESB0184623,Girik Nori,Yes Bank,individual,dev-cbbed103e36e,,True,2023-12-16
pranit3847@pnb,4178847417430247,PUNB0395571,Pranit Sandal,Punjab National Bank,individual,dev-1b34932f4418,,True,2024-08-05
mane3848@oksbi,93109117350485,SBIN0223742,Mane LLC Fashion,State Bank of India,merchant,dev-fffcec26c0e8,,True,2025-11-29
vasana3849@oksbi,1745760088206,SBIN0984255,Vasana Banerjee,State Bank of India,individual,dev-e53e321dd159,innocent_bystander,True,2025-11-28
oviya3850@okaxis,42911198910,UTIB0395192,Oviya Gola,Axis Bank,individual,dev-cb2bec790197,,True,2026-07-04
mitali3851@oksbi,971460889226723,SBIN0347709,Mitali Varughese,State Bank of India,individual,dev-39ec209f35a9,,True,2024-05-25
udyati3852@pnb,056325172,PUNB0699487,Udyati Butala,Punjab National Bank,individual,dev-cc2fa5ac1d11,,True,2024-08-15
chaudhuriravel3853@okhdfcbank,108761778050,HDFC0335113,Chaudhuri-Ravel Home Services,HDFC Bank,merchant,dev-6c87e257b174,,True,2023-11-11
naveen3854@okicici,143076092318,ICIC0953443,Naveen Nagar,ICICI Bank,individual,dev-ed202bf730e0,,True,2026-06-17
yashica3855@idfcfirst,16626353601,IDFB0456549,Yashica Rajagopalan,IDFC First Bank,individual,dev-c8f487ac2187,innocent_bystander,True,2025-02-21
advay3856@oksbi,011292815335,SBIN0963617,Advay Sunder,State Bank of India,individual,dev-fd2381b12b7a,,True,2025-05-11
pahal3857@pnb,8093729562,PUNB0525677,Pahal Bhagat,Punjab National Bank,individual,dev-44b11cc3c21f,,True,2025-03-08
sandalkuruvilla3858@barodampay,268356554166,BARB0415760,Sandal-Kuruvilla Fashion,Bank of Baroda,merchant,dev-9e6dd40684d0,,True,2024-12-05
dalia3859@ybl,790656327,YESB0647902,"D’Alia, Seshadri and Thakkar Electronics",Yes Bank,merchant,dev-971d9ea3790a,,True,2024-04-23
urvashi3860@pnb,107283652649,PUNB0380431,Urvashi Nayak,Punjab National Bank,individual,dev-a368d546500c,gambling_network,True,2024-09-09
isaac3861@pnb,9390405219617,PUNB0063000,Isaac Gola,Punjab National Bank,individual,dev-2d74e6832b1b,,True,2024-04-02
walirajagopal3862@kotak,990785116,KKBK0559054,Wali-Rajagopal Utilities,Kotak Mahindra Bank,merchant,dev-18ffaf2c6d09,,True,2025-03-06
mason3863@kotak,1579969001065,KKBK0545173,Mason Amble,Kotak Mahindra Bank,individual,dev-61dc2886dc30,,True,2025-03-30
aarna3864@ybl,7139288097,YESB0497747,Aarna Hora,Yes Bank,individual,dev-2bf46756eb1d,,True,2024-08-01
radhika3865@okicici,151400710055,ICIC0582374,Radhika Bava,ICICI Bank,individual,dev-7b012ea4608f,,True,2023-09-08
baghyawati3866@cnrb,998675702015,CNRB0762489,Baghyawati Baral,Canara Bank,individual,dev-9f2ff8e0f660,,False,2023-09-29
vrishti3867@barodampay,08054781918,BARB0514509,Vrishti Sharma,Bank of Baroda,individual,dev-954dba0b096e,innocent_bystander,True,2023-12-12
chandresh3868@ybl,18475853359,YESB0189362,Chandresh Pingle,Yes Bank,individual,dev-c0a5e32320a7,gambling_network,True,2025-07-13
pavani3869@idfcfirst,8059827376,IDFB0481933,Pavani Nazareth,IDFC First Bank,individual,dev-8f7fcc0454b9,,True,2025-06-03
arjun3870@pnb,7554622423,PUNB0081395,Arjun Loke,Punjab National Bank,individual,dev-98cfe93fc301,,True,2026-03-30
chaaya3871@kotak,007288495,KKBK0991477,Chaaya Parikh,Kotak Mahindra Bank,individual,dev-3b674b0d9d68,,True,2024-11-08
anay3872@cnrb,590418699149,CNRB0029094,Anay Sekhon,Canara Bank,individual,dev-ebd6fade07f1,,True,2025-06-28
chameli3873@idfcfirst,4252733782530207,IDFB0468772,Chameli Banik,IDFC First Bank,individual,dev-f1c3498bb757,,True,2023-12-18
choudhury3874@okhdfcbank,562114891,HDFC0069139,"Choudhury, Parikh and Bansal Grocery",HDFC Bank,merchant,dev-0bebfa767b3e,,True,2025-03-14
yuvraj3875@oksbi,7097128593509,SBIN0833631,Yuvraj Gill,State Bank of India,individual,dev-b659edd07d37,,True,2024-01-06
girindra3876@okaxis,9060402430717,UTIB0968073,Girindra Date,Axis Bank,individual,dev-bf1b673f521c,account_takeover,True,2026-02-14
wakeeta3877@okhdfcbank,9660900639,HDFC0882793,Wakeeta Sankar,HDFC Bank,individual,dev-9a29c78bbe78,,True,2024-08-12
hemani3878@kotak,441721391166,KKBK0166121,Hemani Shanker,Kotak Mahindra Bank,individual,dev-b0386ea68df8,innocent_bystander,True,2025-10-25
tara3879@oksbi,00335017773628,SBIN0008051,Tara Baria,State Bank of India,individual,dev-21a7dc9cbef1,,True,2025-05-20
eta3880@ybl,139653794928424,YESB0406238,Eta Pradhan,Yes Bank,individual,dev-2515a89ff509,gambling_network,True,2024-01-01
din3881@idfcfirst,7376850121,IDFB0551651,Din PLC Food & Dining,IDFC First Bank,merchant,dev-06ac117675d1,,True,2025-09-07
lavanya3882@ybl,54384424698,YESB0004134,Lavanya Vala,Yes Bank,individual,dev-0d1e4305e1e8,,True,2024-10-29
geetika3883@okicici,67254310968,ICIC0292943,Geetika Mittal,ICICI Bank,individual,dev-dd972936b257,,True,2023-12-12
nandini3884@pnb,78839980628,PUNB0224475,Nandini Bains,Punjab National Bank,individual,dev-cebbc063f6d0,,True,2024-04-19
aarini3885@ybl,4393552818,YESB0594876,Aarini Buch,Yes Bank,individual,dev-baa95559f81e,,True,2025-05-10
jackson3886@cnrb,1832282744300121,CNRB0279143,Jackson Handa,Canara Bank,individual,dev-0652f5c206c8,,True,2024-05-06
chavvi3887@barodampay,63277662635,BARB0549460,Chavvi Varkey,Bank of Baroda,individual,dev-73d08acb7f86,account_takeover,True,2024-05-09
chandran3888@kotak,20461061839044,KKBK0293445,Chandran Prasad,Kotak Mahindra Bank,individual,dev-e83d775cc1bc,,True,2025-05-03
tanveer3889@okicici,152962976,ICIC0074472,Tanveer Sarkar,ICICI Bank,individual,dev-5cd77d3e7bbf,,True,2023-12-11
quincy3890@kotak,76115359680287,KKBK0357901,Quincy Malhotra,Kotak Mahindra Bank,individual,dev-76615b54ec1b,,True,2026-05-06
mohini3891@oksbi,20454967253,SBIN0365821,Mohini Golla,State Bank of India,individual,dev-8c6a111a0d6c,,True,2024-12-21
anjali3892@cnrb,542164359,CNRB0869606,Anjali Ahluwalia,Canara Bank,individual,dev-26c8ed43c26c,,True,2023-09-09
sarthak3893@ybl,7415702325,YESB0986139,Sarthak Bahl,Yes Bank,individual,dev-c48267b143f3,,True,2026-06-16
kai3894@idfcfirst,1103909000711,IDFB0825540,Kai Maharaj,IDFC First Bank,individual,dev-3e2309a48692,,True,2026-04-25
turvi3895@okaxis,30404806256762,UTIB0364654,Turvi Nadkarni,Axis Bank,individual,dev-d667be9234e9,,True,2026-02-17
timothy3896@okaxis,58383104428,UTIB0835444,Timothy Kar,Axis Bank,individual,dev-de82aea057b3,,True,2025-09-03
ekta3897@pnb,3580232021,PUNB0878430,Ekta Kant,Punjab National Bank,individual,dev-3645265af23a,,True,2023-11-20
mani3898@barodampay,748367637138634,BARB0405685,Mani Ltd Electronics,Bank of Baroda,merchant,dev-9d41096e6e73,,True,2024-09-26
osha3899@cnrb,4435070936039543,CNRB0688864,Osha Narasimhan,Canara Bank,individual,dev-2d5c57a7c4be,,True,2025-12-03
vamakshi3900@idfcfirst,23393268446,IDFB0651680,Vamakshi Arora,IDFC First Bank,individual,dev-6dead81b4c85,,True,2025-04-21
harini3901@okhdfcbank,52316839197080,HDFC0968032,Harini Nagarajan,HDFC Bank,individual,dev-cf69b8adb9aa,,True,2023-08-25
sai3902@ybl,9580224846,YESB0486901,Sai Doshi,Yes Bank,individual,dev-1a66a6f45643,account_takeover,True,2026-05-01
wishi3903@okaxis,25586849997,UTIB0375677,Wishi Kade,Axis Bank,individual,dev-7ab0462827b4,,True,2024-03-22
madhavi3904@okaxis,4839816772,UTIB0710934,Madhavi Kumer,Axis Bank,individual,dev-f0268c8572db,gambling_network,True,2023-11-02
bachittar3905@okhdfcbank,08302571312351,HDFC0609558,Bachittar Brar,HDFC Bank,individual,dev-a77584c616d2,,True,2023-11-23
sur3906@pnb,061307964,PUNB0398015,"Sur, Pai and Chacko Electronics",Punjab National Bank,merchant,dev-a675860baa88,,True,2024-03-19
kala3907@kotak,6182282633,KKBK0912902,Kala Modi,Kotak Mahindra Bank,individual,dev-75d4a5061873,,True,2026-03-11
divya3908@okhdfcbank,17266209701,HDFC0556275,Divya Seth,HDFC Bank,individual,dev-69a093e2aad5,gambling_network,True,2023-08-06
ayushman3909@kotak,5744042396154726,KKBK0756847,Ayushman Dugal,Kotak Mahindra Bank,individual,dev-305259b86999,account_takeover,True,2024-02-16
indira3910@pnb,75606547676,PUNB0783902,Indira Sankar,Punjab National Bank,individual,dev-1c0767e31a77,,True,2025-01-19
arin3911@idfcfirst,17992697205,IDFB0606728,Arin Mander,IDFC First Bank,individual,dev-6a933f30cf06,,True,2025-08-02
wahab3912@ybl,532578092233138,YESB0025707,Wahab Prashad,Yes Bank,individual,dev-f49d84ac6ee0,innocent_bystander,True,2024-05-26
kritika3913@barodampay,25141280301753,BARB0089723,Kritika Dasgupta,Bank of Baroda,individual,dev-6f3e5ab5a3ea,,True,2026-01-30
meghana3914@pnb,9367423434,PUNB0153806,Meghana Kamdar,Punjab National Bank,individual,dev-3f2b814e55f4,,True,2024-12-19
indrajit3915@okaxis,6209205622144,UTIB0357019,Indrajit Mann,Axis Bank,individual,dev-c39192ecb64d,,True,2025-05-24
nathan3916@cnrb,9236838615,CNRB0962299,Nathan Rattan,Canara Bank,individual,dev-db05ebfbcd8e,,True,2025-05-08
indira3917@kotak,912178809888,KKBK0818043,Indira Kalla,Kotak Mahindra Bank,individual,dev-80705c091106,,True,2025-07-23
mallicknagarajan3918@pnb,934464793255,PUNB0425489,Mallick-Nagarajan Travel,Punjab National Bank,merchant,dev-87ca99274588,,True,2025-03-24
cheriannadkarni3919@kotak,8474196763737864,KKBK0727742,Cherian-Nadkarni Travel,Kotak Mahindra Bank,merchant,dev-34944812bedd,,True,2025-08-20
wason3920@okaxis,22315750845560,UTIB0243638,"Wason, Walia and Ramanathan Home Services",Axis Bank,merchant,dev-9368d59834af,,True,2023-08-01
netra3921@okhdfcbank,9408601282805,HDFC0952101,Netra Talwar,HDFC Bank,individual,dev-33eb4fa634a7,,True,2024-03-24
bhavini3922@oksbi,641941026351,SBIN0904197,Bhavini Sengupta,State Bank of India,individual,dev-ae83e7f804a8,innocent_bystander,True,2024-04-14
goel3923@kotak,6564762946530,KKBK0213383,Goel Group Travel,Kotak Mahindra Bank,merchant,dev-e13c12f5c95e,,True,2025-12-06
aarush3924@barodampay,4791183126339942,BARB0827100,Aarush Walia,Bank of Baroda,individual,dev-e74f3fc08042,,True,2023-08-22
ucchal3925@oksbi,89519262404,SBIN0674792,Ucchal Gera,State Bank of India,individual,dev-709a4ee1f5f7,,True,2026-02-04
leela3926@idfcfirst,535451946,IDFB0943365,Leela Sahota,IDFC First Bank,individual,dev-4ac4de1654bd,,True,2024-01-13
roygulati3927@barodampay,6840438093330672,BARB0124361,Roy-Gulati Fashion,Bank of Baroda,merchant,dev-f755b6d281d0,,True,2023-08-03
udarsh3928@okicici,18258942792382,ICIC0564026,Udarsh Devi,ICICI Bank,individual,dev-e707ff617363,,True,2024-02-10
thakur3929@pnb,659698505962887,PUNB0157206,"Thakur, Buch and Rege Home Services",Punjab National Bank,merchant,dev-3d7373b874f6,,True,2024-08-10
ekta3930@kotak,7332360609,KKBK0739149,Ekta Krish,Kotak Mahindra Bank,individual,dev-f6a1e9f9811b,,True,2024-10-15
sodhi3931@kotak,326701648,KKBK0787860,Sodhi Ltd Home Services,Kotak Mahindra Bank,merchant,dev-08b869b9409b,,True,2026-06-18
kamala3932@kotak,71359354022,KKBK0453863,Kamala Bajaj,Kotak Mahindra Bank,individual,dev-d6a2662ff638,,True,2024-06-05
yasti3933@okicici,95737580928363,ICIC0843097,Yasti Hans,ICICI Bank,individual,dev-d071c2b904be,,True,2025-05-24
tanvi3934@okaxis,76497051438847,UTIB0618399,Tanvi Pillay,Axis Bank,individual,dev-e8a8d38d6712,,True,2024-03-24
parth3935@ybl,7201047675483523,YESB0061760,Parth Sodhi,Yes Bank,individual,dev-8f91a19b7af7,,True,2023-12-22
ekantika3936@oksbi,3679647844,SBIN0067517,Ekantika Deo,State Bank of India,individual,dev-936817045476,gambling_network,True,2025-03-01
bhattacharyyabalasubramanian3937@idfcfirst,26447887177015,IDFB0304770,Bhattacharyya-Balasubramanian Fashion,IDFC First Bank,merchant,dev-bb730cc90c5c,,True,2025-02-08
triya3938@okicici,141110974854444,ICIC0840270,Triya Sharaf,ICICI Bank,individual,dev-3cf296f8a5dc,,True,2025-01-19
sachi3939@cnrb,958847696790136,CNRB0438713,Sachi Khurana,Canara Bank,individual,dev-68f0e1dc3f7d,,True,2025-03-02
triya3940@okaxis,350095033,UTIB0006868,Triya Tella,Axis Bank,individual,dev-8fa12e92815f,account_takeover,True,2025-05-14
garima3941@barodampay,73697352460,BARB0399624,Garima Dutta,Bank of Baroda,individual,dev-f77ca0f9f420,,True,2025-09-19
turvi3942@ybl,2363275633539,YESB0853876,Turvi Boase,Yes Bank,individual,dev-5d4c59f70b62,gambling_network,True,2024-04-04
bachittar3943@kotak,1736466547194,KKBK0982126,Bachittar Ray,Kotak Mahindra Bank,individual,dev-b2d107884f43,,True,2024-12-23
lekha3944@barodampay,6688249840297,BARB0788489,Lekha Bobal,Bank of Baroda,individual,dev-6bbf53c67b30,,True,2025-11-04
abha3945@okicici,6951218074589299,ICIC0817990,Abha Yogi,ICICI Bank,individual,dev-1b04c51ff373,,True,2026-06-14
arjun3946@pnb,2510880515357043,PUNB0393328,Arjun Sarna,Punjab National Bank,individual,dev-e3993fee03d3,,True,2025-04-01
darpan3947@kotak,24972683992,KKBK0602695,Darpan Master,Kotak Mahindra Bank,individual,dev-4bfebb3ada0d,,True,2024-07-23
balveer3948@oksbi,641117933,SBIN0046339,Balveer Patla,State Bank of India,individual,dev-9c6bde2a57d4,,True,2026-07-10
vaidyasarraf3949@okhdfcbank,1536596681,HDFC0872615,Vaidya-Sarraf Electronics,HDFC Bank,merchant,dev-e224fe720431,,True,2024-02-12
jeet3950@cnrb,032749580933543,CNRB0162870,Jeet Chawla,Canara Bank,individual,dev-a9e0586bb596,,True,2026-03-08
lala3951@okaxis,5299531802527180,UTIB0333550,Lala PLC Food & Dining,Axis Bank,merchant,dev-4107556a4520,,True,2024-06-08
omkaar3952@cnrb,2260898912,CNRB0866844,Omkaar Peri,Canara Bank,individual,dev-0723143d7a31,,True,2023-08-16
harinakshi3953@pnb,356134058962,PUNB0708681,Harinakshi Dhar,Punjab National Bank,individual,dev-d3b440a69d55,,True,2025-02-24
vasudha3954@oksbi,8770365347,SBIN0846036,Vasudha Kade,State Bank of India,individual,dev-29f83ef7f88d,,True,2023-10-27
gunbir3955@okicici,5217536093168,ICIC0971588,Gunbir Narayan,ICICI Bank,individual,dev-e937c8c0947c,,True,2025-03-18
tara3956@ybl,50950659720,YESB0438794,Tara Swamy,Yes Bank,individual,dev-1eefbbd27acf,innocent_bystander,True,2025-07-08
abha3957@ybl,8090756787,YESB0541776,Abha Oommen,Yes Bank,individual,dev-0aaada8cf046,,True,2023-11-07
sai3958@cnrb,787853496,CNRB0141502,Sai Narayanan,Canara Bank,individual,dev-79533f63367d,,True,2025-09-11
aarna3959@ybl,7855116411682,YESB0543247,Aarna Maharaj,Yes Bank,individual,dev-c3976943fdcd,,True,2026-06-11
logan3960@barodampay,67909723633569,BARB0850193,Logan Divan,Bank of Baroda,individual,dev-e25cba41333d,,True,2024-12-31
atharv3961@idfcfirst,35016858878783,IDFB0393984,Atharv Kant,IDFC First Bank,individual,dev-4d77237ef38b,,True,2025-05-23
janani3962@barodampay,512772097,BARB0657962,Janani Manne,Bank of Baroda,individual,dev-d995a0dfa97b,,True,2023-08-18
nathan3963@cnrb,756320144442645,CNRB0588703,Nathan Mody,Canara Bank,individual,dev-a3eab37e53ce,,True,2024-09-03
ria3964@kotak,8223861897,KKBK0482836,Ria Menon,Kotak Mahindra Bank,individual,dev-c53790ff2c35,,True,2023-10-30
dave3965@oksbi,3933800832,SBIN0499890,Dave and Sons Pharmacy,State Bank of India,merchant,dev-545ebd0954b3,,True,2025-07-13
leena3966@okhdfcbank,3985648041096490,HDFC0930285,Leena Kurian,HDFC Bank,individual,dev-ea9d087c9315,,True,2025-12-10
ayaan3967@okhdfcbank,9242130744559,HDFC0585569,Ayaan Kakar,HDFC Bank,individual,dev-c6b4bfcaf558,innocent_bystander,True,2024-10-15
mitter3968@oksbi,54374599693,SBIN0370332,"Mitter, Divan and Arora Grocery",State Bank of India,merchant,dev-aa7417efb0e9,,True,2023-08-01
januja3969@okhdfcbank,9385120186,HDFC0159609,Januja Trivedi,HDFC Bank,individual,dev-0d59846b8d72,,True,2026-07-03
vansha3970@barodampay,8697858202564418,BARB0231970,Vansha Garde,Bank of Baroda,individual,dev-fee5df16f7d3,,True,2026-06-11
nachiket3971@oksbi,15082918854885,SBIN0332169,Nachiket Thaker,State Bank of India,individual,dev-229ec712e358,innocent_bystander,False,2026-04-17
kavya3972@idfcfirst,255621306,IDFB0265682,Kavya Radhakrishnan,IDFC First Bank,individual,dev-65c87b513ed7,,True,2024-11-03
omkaar3973@barodampay,3839976389,BARB0864453,Omkaar Vohra,Bank of Baroda,individual,dev-bbbaaf583fa6,,False,2026-07-15
parth3974@cnrb,3184686470566273,CNRB0589385,Parth Sule,Canara Bank,individual,dev-9ab5a0b4a261,,True,2025-04-28
akshay3975@okicici,01388646386556,ICIC0573717,Akshay Bhattacharyya,ICICI Bank,individual,dev-deba00afb43c,,True,2026-03-02
karmore3976@oksbi,63736627883221,SBIN0879383,Kar-More Grocery,State Bank of India,merchant,dev-f8b815fbac4d,,True,2025-02-09
kapur3977@oksbi,43510719558254,SBIN0499482,Kapur and Sons Food & Dining,State Bank of India,merchant,dev-ee0980ece27d,,True,2024-12-29
jagdish3978@kotak,08110118410244,KKBK0481054,Jagdish Hegde,Kotak Mahindra Bank,individual,dev-600538335a3f,,True,2023-10-06
wishi3979@barodampay,15041388995892,BARB0131400,Wishi Sharaf,Bank of Baroda,individual,dev-2ead65656c5c,,True,2025-06-28
vedant3980@okaxis,84150636141505,UTIB0430603,Vedant Jain,Axis Bank,individual,dev-d21e52201661,,True,2025-10-02
bachittar3981@okicici,352549103,ICIC0800327,Bachittar Rastogi,ICICI Bank,individual,dev-60db19ed3144,,True,2023-07-29
forum3982@barodampay,084985419,BARB0643066,Forum Tripathi,Bank of Baroda,individual,dev-395f836a2202,,True,2024-08-05
anika3983@barodampay,916566832659,BARB0712935,Anika Warrior,Bank of Baroda,individual,dev-f878a83cc5ba,,True,2023-10-31
daksh3984@okaxis,626395751661,UTIB0957734,Daksh Sekhon,Axis Bank,individual,dev-5aa54a16c916,,True,2025-12-19
yash3985@ybl,4235785496067715,YESB0761213,Yash Kunda,Yes Bank,individual,dev-30ad4eefac7b,,True,2024-11-07
yash3986@oksbi,3801057987,SBIN0803038,Yash Kari,State Bank of India,individual,dev-660d6ceb5b27,innocent_bystander,True,2023-11-28
peter3987@pnb,9890645498761190,PUNB0724366,Peter Baria,Punjab National Bank,individual,dev-d8369e95b5f1,,True,2025-07-13
lata3988@okaxis,57946352276,UTIB0787503,"Lata, Mall and Chand Food & Dining",Axis Bank,merchant,dev-238964b95956,,True,2026-01-04
devansh3989@barodampay,7480764823,BARB0373783,Devansh Deo,Bank of Baroda,individual,dev-f27ee27a9396,,True,2025-07-12
mitter3990@kotak,8553122509,KKBK0117971,"Mitter, Bhat and Johal Grocery",Kotak Mahindra Bank,merchant,dev-19701459a97c,,True,2025-06-10
yagnesh3991@ybl,0037192600516,YESB0392955,Yagnesh Sood,Yes Bank,individual,dev-65341d3b1a07,,True,2023-12-25
guneet3992@kotak,15075220065,KKBK0126395,Guneet Yadav,Kotak Mahindra Bank,individual,dev-efccfeba831a,,True,2025-03-12
eiravati3993@barodampay,418783524038687,BARB0060472,Eiravati Bora,Bank of Baroda,individual,dev-8163c37afa87,,True,2025-12-24
vanya3994@barodampay,719402346,BARB0317509,Vanya Dada,Bank of Baroda,individual,dev-ee25514eeb7d,,True,2024-04-24
fiyaz3995@okhdfcbank,1743881491,HDFC0411328,Fiyaz Soni,HDFC Bank,individual,dev-d4db58310827,,True,2023-10-31
harish3996@ybl,09365251502,YESB0061301,Harish Kale,Yes Bank,individual,dev-020d24a07cfe,gambling_network,True,2026-04-23
charita3997@barodampay,5713462212,BARB0926854,Charita Andra,Bank of Baroda,individual,dev-9571febfdb52,,True,2025-11-19
isaac3998@idfcfirst,2609447271434562,IDFB0933113,Isaac Savant,IDFC First Bank,individual,dev-f8caffa86667,,True,2024-02-23
tanmayi3999@okicici,43948045005728,ICIC0240555,Tanmayi Acharya,ICICI Bank,individual,dev-7688220d6363,,True,2025-03-09
niharika4000@barodampay,6461361321892,BARB0853312,Niharika Madan,Bank of Baroda,individual,dev-eb79e37d0e54,,True,2023-08-20
patrick4001@idfcfirst,19805851930144,IDFB0622554,Patrick Narasimhan,IDFC First Bank,individual,dev-5e60492bf75c,,True,2024-06-08
yoshita4002@okicici,0666767192,ICIC0757501,Yoshita Mander,ICICI Bank,individual,dev-2116cbbc4463,,True,2024-01-05
mistry4003@kotak,679053786795812,KKBK0907828,"Mistry, Lalla and Wali Electronics",Kotak Mahindra Bank,merchant,dev-a9dee838b6e5,,True,2024-09-12
harita4004@idfcfirst,68950846820914,IDFB0790056,Harita Maharaj,IDFC First Bank,individual,dev-d83014c42e7a,,True,2023-08-08
ria4005@okicici,57636889093956,ICIC0782198,Ria Choudhury,ICICI Bank,individual,dev-8588bacb05a9,innocent_bystander,True,2026-02-13
vinaya4006@barodampay,9311970425,BARB0600005,Vinaya Ahuja,Bank of Baroda,individual,dev-7bb48580c0e5,innocent_bystander,True,2024-10-22
yashodhara4007@barodampay,29808139662,BARB0324415,Yashodhara Singhal,Bank of Baroda,individual,dev-7573dc17ab05,,True,2024-10-07
gadegola4008@oksbi,94589373213,SBIN0988702,Gade-Gola Grocery,State Bank of India,merchant,dev-a68a542b3bd7,,True,2024-07-04
rachana4009@idfcfirst,780533559496,IDFB0626187,Rachana Modi,IDFC First Bank,individual,dev-165cef8800a0,,True,2024-11-26
saanvi4010@ybl,9193296880229,YESB0526034,Saanvi Oommen,Yes Bank,individual,dev-7abd172edc9e,,True,2025-07-17
rishi4011@okaxis,866814397,UTIB0748231,Rishi Chopra,Axis Bank,individual,dev-e9286b18cf5b,,True,2025-10-07
tanay4012@barodampay,975457337,BARB0540012,Tanay Mohanty,Bank of Baroda,individual,dev-c45c2968f059,,True,2024-02-27
ekaja4013@ybl,66370457293,YESB0736702,Ekaja Wali,Yes Bank,individual,dev-4fdcf72d65a5,,True,2023-10-06
harshil4014@kotak,02412443853530,KKBK0446833,Harshil Mital,Kotak Mahindra Bank,individual,dev-d011be5c44ac,,True,2024-05-27
mohammed4015@okicici,67489013422097,ICIC0179605,Mohammed Naik,ICICI Bank,individual,dev-3a3191668c2c,,True,2023-08-17
rehaan4016@pnb,54720329294750,PUNB0915889,Rehaan Randhawa,Punjab National Bank,individual,dev-f156b4791c4f,,True,2025-03-19
nakul4017@okaxis,61689009708922,UTIB0757393,Nakul Dugar,Axis Bank,individual,dev-26d7744d6927,,True,2024-10-28
zaitra4018@kotak,43156557078,KKBK0151894,Zaitra Som,Kotak Mahindra Bank,individual,dev-9fa19bfc20b1,innocent_bystander,True,2024-03-22
amruta4019@okaxis,012792578217,UTIB0033571,Amruta Karnik,Axis Bank,individual,dev-f96dcde49e1e,,True,2025-09-09
sodhimitter4020@pnb,895940360882873,PUNB0924852,Sodhi-Mitter Fuel,Punjab National Bank,merchant,dev-c168d883d64b,,True,2024-03-31
maanav4021@pnb,1700361418,PUNB0733483,Maanav Mohan,Punjab National Bank,individual,dev-387198f15612,,True,2025-10-01
irya4022@pnb,73013862572,PUNB0753190,Irya Murty,Punjab National Bank,individual,dev-244deba4dfde,,True,2026-02-26
darika4023@okaxis,037567543,UTIB0039568,Darika Sandal,Axis Bank,individual,dev-1c9ca3527fcd,innocent_bystander,True,2026-04-27
omisha4024@okicici,852715887532453,ICIC0245408,Omisha Ahluwalia,ICICI Bank,individual,dev-0677d2c4d594,,True,2025-12-31
christopher4025@cnrb,1561376288106,CNRB0073473,Christopher Rege,Canara Bank,individual,dev-8b1beeae5646,,True,2024-05-08
logan4026@cnrb,8538171703,CNRB0883019,Logan Shan,Canara Bank,individual,dev-a70cc779fd80,,True,2025-12-23
anirudh4027@idfcfirst,67900915417728,IDFB0605111,Anirudh Jain,IDFC First Bank,individual,dev-f4cf6b349741,,True,2025-05-03
aahana4028@oksbi,9568685167,SBIN0447460,Aahana Menon,State Bank of India,individual,dev-d6e8bb80e183,,True,2024-06-14
arjun4029@kotak,300629868278159,KKBK0509758,Arjun Nagy,Kotak Mahindra Bank,individual,dev-9e0009d104d9,,True,2025-09-07
lavanya4030@okhdfcbank,92516360340184,HDFC0067091,Lavanya Nanda,HDFC Bank,individual,dev-5123db23a556,,True,2025-12-17
iyengar4031@ybl,96020845859927,YESB0189124,"Iyengar, Kale and Thakur Electronics",Yes Bank,merchant,dev-9aae55b026c2,,True,2025-12-27
anusha4032@ybl,086835069685412,YESB0657702,Anusha Chhabra,Yes Bank,individual,dev-990601665bc2,,True,2025-12-23
xavier4033@okhdfcbank,5793280163547,HDFC0170987,Xavier Dyal,HDFC Bank,individual,dev-4ba8f89925be,,True,2023-11-13
varsha4034@pnb,53658602338,PUNB0040700,Varsha Singhal,Punjab National Bank,individual,dev-458675be9faf,,True,2025-03-10
ramakrishnan4035@okaxis,8654910086501887,UTIB0876219,Ramakrishnan Ltd Home Services,Axis Bank,merchant,dev-0b256bb9d769,,True,2024-07-31
zaid4036@ybl,4321978311,YESB0976406,Zaid Mammen,Yes Bank,individual,dev-875721e18eab,,True,2024-02-13
prashad4037@okhdfcbank,807640897,HDFC0951917,"Prashad, Bhargava and Chaudhuri Fuel",HDFC Bank,merchant,dev-d83da5e3b515,,True,2025-02-04
oommen4038@okicici,7173353693290839,ICIC0767237,Oommen LLC Food & Dining,ICICI Bank,merchant,dev-193388240970,,True,2025-02-07
raksha4039@ybl,1615483012879,YESB0733393,Raksha Mane,Yes Bank,individual,dev-b44ed124c8e0,,True,2025-09-30
urmi4040@pnb,8491670570836,PUNB0217780,Urmi Desai,Punjab National Bank,individual,dev-912ff9232bb0,,True,2024-03-30
ekta4041@idfcfirst,3671844245836851,IDFB0737145,Ekta Sachdev,IDFC First Bank,individual,dev-788ef291a08d,innocent_bystander,True,2025-04-14
matthew4042@barodampay,0992733522590447,BARB0988392,Matthew Mistry,Bank of Baroda,individual,dev-f14b488f0120,,True,2025-06-24
gaurang4043@cnrb,8957247408,CNRB0914430,Gaurang Sarma,Canara Bank,individual,dev-c3a7b396b681,account_takeover,True,2023-10-20
falak4044@idfcfirst,175837506,IDFB0919922,Falak Lad,IDFC First Bank,individual,dev-f806c0356f21,,True,2023-09-18
anthony4045@okicici,057197637926,ICIC0421405,Anthony Dey,ICICI Bank,individual,dev-f1848f9c59b3,,True,2025-03-18
murthy4046@okicici,2895687798995553,ICIC0675754,Murthy LLC Travel,ICICI Bank,merchant,dev-24fc719a8343,,True,2026-02-08
tanish4047@barodampay,34551596770435,BARB0043192,Tanish Gour,Bank of Baroda,individual,dev-cc9d663a6f92,gambling_network,True,2023-11-14
upadhriti4048@cnrb,349189046213,CNRB0789434,Upadhriti Kari,Canara Bank,individual,dev-9dcccd7a1cf0,,True,2025-02-06
janaki4049@kotak,731104622,KKBK0971312,Janaki Nath,Kotak Mahindra Bank,individual,dev-dec5be0bd8c8,,True,2026-02-04
aashi4050@oksbi,192035149638,SBIN0330430,Aashi Kumer,State Bank of India,individual,dev-68111a00c53e,,True,2024-04-01
logan4051@oksbi,7870506707202920,SBIN0076318,Logan Dar,State Bank of India,individual,dev-bbd759e2ce57,,True,2024-02-11
prisha4052@okhdfcbank,0861771532,HDFC0805831,Prisha Randhawa,HDFC Bank,individual,dev-736fa30aecc7,,True,2025-11-19
chanakya4053@okicici,53586469050978,ICIC0571767,Chanakya Wadhwa,ICICI Bank,individual,dev-1237fe6909d0,,True,2025-03-05
yauvani4054@barodampay,516800571941,BARB0447268,Yauvani Prakash,Bank of Baroda,individual,dev-e8f3056f4adf,,True,2025-02-20
rajeshri4055@pnb,531365073167,PUNB0821857,Rajeshri Balay,Punjab National Bank,individual,dev-def4b000a6aa,,True,2025-12-30
vyanjana4056@okicici,047154093200,ICIC0196183,Vyanjana Mandal,ICICI Bank,individual,dev-1ce1c8bdfbf8,,True,2024-11-15
ekalinga4057@kotak,4255448175757674,KKBK0893975,Ekalinga Borra,Kotak Mahindra Bank,individual,dev-25a2404aa630,,True,2026-04-02
isaiah4058@okaxis,833877511030,UTIB0471181,Isaiah Wali,Axis Bank,individual,dev-676e0c079f5e,,True,2025-02-14
yochana4059@kotak,304075750300,KKBK0940190,Yochana Chahal,Kotak Mahindra Bank,individual,dev-ddc447ef757b,,True,2025-11-06
rayaan4060@kotak,566172156,KKBK0376766,Rayaan Bora,Kotak Mahindra Bank,individual,dev-2f617e0fb449,innocent_bystander,True,2025-12-23
aradhana4061@okaxis,31905163014158,UTIB0290402,Aradhana Shroff,Axis Bank,individual,dev-607de2ef0c34,,True,2024-02-26
max4062@kotak,115485288083210,KKBK0059783,Max Narayanan,Kotak Mahindra Bank,individual,dev-9cecb0c3b27e,,True,2024-08-15
qabil4063@idfcfirst,5813271133,IDFB0745204,Qabil Nori,IDFC First Bank,individual,dev-962dd4f05de6,,True,2024-09-28
rachana4064@okicici,464436570287644,ICIC0656738,Rachana Bail,ICICI Bank,individual,dev-767779c54628,,True,2025-01-27
chaaya4065@cnrb,7885779217,CNRB0640481,Chaaya Ahuja,Canara Bank,individual,dev-9874fbf966be,innocent_bystander,True,2025-03-01
anirudh4066@barodampay,6111912915,BARB0140003,Anirudh Anand,Bank of Baroda,individual,dev-77bd9b72cb05,,True,2025-09-19
ekantika4067@idfcfirst,050156174149,IDFB0532578,Ekantika Sane,IDFC First Bank,individual,dev-3976cbda24ec,,True,2024-09-04
aashi4068@okaxis,9215121009,UTIB0158097,Aashi Kapoor,Axis Bank,individual,dev-f124a538313a,gambling_network,True,2023-12-08
narain4069@kotak,18335269830,KKBK0122005,"Narain, Walia and Shankar Fuel",Kotak Mahindra Bank,merchant,dev-552def357bcd,,True,2024-01-30
isha4070@idfcfirst,8334183846776,IDFB0689676,Isha Dua,IDFC First Bank,individual,dev-28e9324f0f78,,True,2025-11-04
manbir4071@idfcfirst,667577253,IDFB0609917,Manbir Jhaveri,IDFC First Bank,individual,dev-9954982b548c,innocent_bystander,True,2023-10-15
pratyush4072@okaxis,26192067631,UTIB0873304,Pratyush Chaudhuri,Axis Bank,individual,dev-4740bc7d100d,,True,2025-09-04
balveer4073@okicici,4885137553,ICIC0969482,Balveer Datta,ICICI Bank,individual,dev-a85c53e99462,,True,2025-09-01
ekapad4074@ybl,687483993692754,YESB0643465,Ekapad Narang,Yes Bank,individual,dev-8981197a3095,,True,2024-04-09
victor4075@idfcfirst,910377369,IDFB0006984,Victor Joshi,IDFC First Bank,individual,dev-d2346edc0bd7,gambling_network,True,2026-01-30
chavvi4076@ybl,19874621259,YESB0123514,Chavvi Gade,Yes Bank,individual,dev-eb590d4e41c2,,True,2025-07-28
anika4077@okhdfcbank,2615831516267919,HDFC0321359,Anika Kaul,HDFC Bank,individual,dev-ba7a9127042a,,True,2023-07-23
isha4078@oksbi,87011702413,SBIN0304015,Isha Bala,State Bank of India,individual,dev-0a977f6ac3fa,,True,2026-02-13
ria4079@okaxis,0899718482,UTIB0686625,Ria Dasgupta,Axis Bank,individual,dev-fb6120912d5d,,True,2024-06-14
atharv4080@okaxis,95663741407,UTIB0678227,Atharv Sawhney,Axis Bank,individual,dev-6c0e70e57c40,,True,2025-02-02
lajita4081@idfcfirst,75410729874380,IDFB0945335,Lajita Bawa,IDFC First Bank,individual,dev-51fec3d2ed1c,,True,2024-01-21
reva4082@ybl,6067184428195,YESB0236219,Reva Rastogi,Yes Bank,individual,dev-87b825ae79fa,,False,2025-08-20
samesh4083@okicici,604657905521,ICIC0903920,Samesh Rai,ICICI Bank,individual,dev-0d869c2511cc,,True,2025-10-27
girik4084@barodampay,3433420209828,BARB0374514,Girik Gill,Bank of Baroda,individual,dev-a4c05f5f6fa7,,True,2025-12-19
nicholas4085@ybl,168086978735,YESB0153505,Nicholas Kadakia,Yes Bank,individual,dev-792e7dd63a2c,,True,2025-09-14
vrinda4086@barodampay,37207572248,BARB0736254,Vrinda Parmar,Bank of Baroda,individual,dev-c93d016d791d,account_takeover,True,2025-05-26
ojasvi4087@pnb,0688772970,PUNB0592214,Ojasvi Halder,Punjab National Bank,individual,dev-80b8ea6cf9b5,,True,2026-06-11
gautam4088@okaxis,966060175833,UTIB0825525,Gautam Tripathi,Axis Bank,individual,dev-fa64aa9169b8,,True,2024-04-06
vanya4089@pnb,373262617,PUNB0952762,Vanya Kumer,Punjab National Bank,individual,dev-30492be81c8c,,True,2025-07-04
tanmayi4090@ybl,26464133213556,YESB0196187,Tanmayi Babu,Yes Bank,individual,dev-80f339253a09,,True,2025-12-22
lajita4091@barodampay,4333233820,BARB0866809,Lajita Salvi,Bank of Baroda,individual,dev-81c016e74954,,True,2024-08-05
harish4092@idfcfirst,824589246,IDFB0411381,Harish Pant,IDFC First Bank,individual,dev-0574c2143119,,True,2023-12-06
dayita4093@pnb,424685699794756,PUNB0659698,Dayita Bhattacharyya,Punjab National Bank,individual,dev-383b1614c951,innocent_bystander,True,2024-12-20
mitalkarnik4094@oksbi,689878779102974,SBIN0301048,Mital-Karnik Food & Dining,State Bank of India,merchant,dev-0b1b1033decd,,True,2025-09-23
madhavi4095@pnb,759163037162,PUNB0456133,Madhavi Sinha,Punjab National Bank,individual,dev-54673c2536a0,,True,2023-11-10
anvi4096@idfcfirst,4511332450,IDFB0000643,Anvi Naik,IDFC First Bank,individual,dev-00b13c09244c,,True,2026-05-03
lohit4097@ybl,058148950914814,YESB0622696,Lohit Kothari,Yes Bank,individual,dev-43aa370f0e9d,gambling_network,True,2024-01-24
aditya4098@oksbi,063704061541,SBIN0192644,Aditya Dave,State Bank of India,individual,dev-c0989b926d12,,True,2023-12-05
logan4099@idfcfirst,263470620377,IDFB0256882,Logan Singhal,IDFC First Bank,individual,dev-bc1973652533,,True,2025-12-12
darsh4100@okaxis,47726732602640,UTIB0127207,Darsh Kadakia,Axis Bank,individual,dev-1a251619efe7,,True,2025-01-31
kamya4101@oksbi,233527060297951,SBIN0987405,Kamya Sachdeva,State Bank of India,individual,dev-3a2f93c27e9f,,True,2024-02-05
oni4102@okhdfcbank,50100109014,HDFC0601752,Oni Gera,HDFC Bank,individual,dev-436324b59541,,True,2023-08-18
zilmil4103@okhdfcbank,7058273123,HDFC0039517,Zilmil Doshi,HDFC Bank,individual,dev-0fd9465545d7,innocent_bystander,True,2025-04-24
janya4104@okhdfcbank,87422081839050,HDFC0001554,Janya Choudhary,HDFC Bank,individual,dev-1607335bfd16,,True,2025-01-29
ayushman4105@idfcfirst,215251941,IDFB0202451,Ayushman Tank,IDFC First Bank,individual,dev-5cb62caaf633,account_takeover,True,2024-05-17
damini4106@barodampay,0511210313358185,BARB0993575,Damini Raval,Bank of Baroda,individual,dev-8e4c5b687f03,,False,2025-12-09
alka4107@ybl,78983692154,YESB0694199,Alka Nagi,Yes Bank,individual,dev-35a3793225f2,account_takeover,True,2025-05-08
atharv4108@pnb,5673052988,PUNB0782553,Atharv Narula,Punjab National Bank,individual,dev-4a3639ff20e5,,True,2024-08-26
upma4109@okhdfcbank,0984876502317126,HDFC0519588,Upma Banerjee,HDFC Bank,individual,dev-c344ca8dd600,,True,2023-11-14
nikita4110@kotak,4423296965,KKBK0490291,Nikita Batra,Kotak Mahindra Bank,individual,dev-7ea701441515,,True,2025-03-09
omkaar4111@cnrb,8970247781573368,CNRB0454834,Omkaar Dugar,Canara Bank,individual,dev-61ffe76abfbb,,True,2025-07-21
alexander4112@okicici,064503884586,ICIC0417986,Alexander Palla,ICICI Bank,individual,dev-d483abef28be,,True,2024-03-08
george4113@okicici,081501708,ICIC0023551,George Saini,ICICI Bank,individual,dev-a79593a00847,account_takeover,True,2025-11-17
isaiah4114@idfcfirst,6382817822968,IDFB0948287,Isaiah Soni,IDFC First Bank,individual,dev-3153a1f2b02d,,True,2025-01-25
ojasvi4115@barodampay,14397484266,BARB0286344,Ojasvi Yadav,Bank of Baroda,individual,dev-029dd32b5022,,True,2024-07-23
krish4116@barodampay,12235895214,BARB0674698,Krish Acharya,Bank of Baroda,individual,dev-5b162c87ab8b,,True,2024-04-02
vamakshi4117@cnrb,288218461564855,CNRB0234579,Vamakshi Singh,Canara Bank,individual,dev-d0bafaaa5c45,,True,2025-02-13
kabir4118@okaxis,823252940,UTIB0552855,Kabir Naidu,Axis Bank,individual,dev-5b904b388315,,True,2024-09-07
gopal4119@idfcfirst,579488325,IDFB0495160,Gopal Sridhar,IDFC First Bank,individual,dev-8fb9565fb347,,True,2024-11-13
rohan4120@idfcfirst,3336065794,IDFB0146863,Rohan Dass,IDFC First Bank,individual,dev-8cf2af6f6e17,,True,2023-12-30
yutika4121@okaxis,636509448758756,UTIB0163863,Yutika Dayal,Axis Bank,individual,dev-219df1ed245e,,True,2024-02-10
umang4122@okaxis,7461241154303,UTIB0483415,Umang Butala,Axis Bank,individual,dev-6dc572fc859f,,False,2026-07-13
netra4123@kotak,828951495635,KKBK0295095,Netra Mandal,Kotak Mahindra Bank,individual,dev-3dfd8643c0b9,,True,2024-06-24
cheema4124@kotak,3184957886,KKBK0793957,"Cheema, Krish and Kara Fuel",Kotak Mahindra Bank,merchant,dev-df754dcd6353,,True,2025-05-27
qasim4125@pnb,907423925628,PUNB0072412,Qasim Mitra,Punjab National Bank,individual,dev-a1432cdde8d4,,True,2026-02-04
turvi4126@ybl,02193552340896,YESB0436321,Turvi Venkatesh,Yes Bank,individual,dev-691a11274c0f,,True,2024-08-04
karan4127@kotak,4692830486,KKBK0332467,Karan Narang,Kotak Mahindra Bank,individual,dev-94a391f3a4a4,,True,2025-01-31
kavya4128@idfcfirst,449609818,IDFB0370619,Kavya Dhillon,IDFC First Bank,individual,dev-368f4d5f9c9d,,True,2025-02-11
lekha4129@oksbi,329441128,SBIN0620740,Lekha Bava,State Bank of India,individual,dev-f47cd52d1457,,True,2025-05-03
qabil4130@okicici,64987556516,ICIC0249863,Qabil Atwal,ICICI Bank,individual,dev-ce9956bd677f,,True,2024-09-12
bahadurjit4131@okhdfcbank,4814828750946641,HDFC0599979,Bahadurjit Khanna,HDFC Bank,individual,dev-df9187996c30,,True,2024-06-18
mekhala4132@barodampay,184449192,BARB0898646,Mekhala Naidu,Bank of Baroda,individual,dev-2910017c5e00,,True,2023-11-17
srivastava4133@okhdfcbank,8532699246937,HDFC0840724,Srivastava Group Fuel,HDFC Bank,merchant,dev-3024452d5e25,,True,2025-01-22
raghav4134@kotak,302124274,KKBK0213721,Raghav Ravi,Kotak Mahindra Bank,individual,dev-a4d7dc9f1d25,,True,2024-09-10
tanish4135@kotak,09175691035,KKBK0066872,Tanish Setty,Kotak Mahindra Bank,individual,dev-8bcf9dcfec75,,True,2026-07-08
lall4136@idfcfirst,20836096494326,IDFB0437517,"Lall, Sarraf and Dalal Home Services",IDFC First Bank,merchant,dev-9b27ad911791,,True,2023-10-09
yoshita4137@cnrb,2766441209918631,CNRB0639293,Yoshita Nazareth,Canara Bank,individual,dev-1ae217074fd7,innocent_bystander,True,2026-01-12
quincy4138@ybl,055486035634,YESB0215895,Quincy Kumer,Yes Bank,individual,dev-ec6bab991908,,True,2024-05-20
vinaya4139@okicici,8460937214,ICIC0066827,Vinaya Shan,ICICI Bank,individual,dev-d268fe817220,,True,2023-09-05
hema4140@oksbi,914276476994194,SBIN0888588,Hema Venkataraman,State Bank of India,individual,dev-a53f70b2e348,innocent_bystander,True,2025-07-22
dev4141@ybl,70069562229730,YESB0859150,Dev Pau,Yes Bank,individual,dev-f04bd548e703,,True,2024-03-04
baldate4142@cnrb,2111077731189,CNRB0057372,Bal-Date Travel,Canara Bank,merchant,dev-afbf42b29831,,True,2026-06-28
utkarsh4143@ybl,00501846405,YESB0106726,Utkarsh Shankar,Yes Bank,individual,dev-802e01ac5389,,True,2025-07-31
jai4144@kotak,14655982217458,KKBK0477568,Jai Merchant,Kotak Mahindra Bank,individual,dev-9eb041a19c8d,,True,2026-05-08
idika4145@cnrb,4339693256034,CNRB0085395,Idika Mohanty,Canara Bank,individual,dev-53853f9514ab,,True,2023-11-11
rajata4146@ybl,23798332592,YESB0715473,Rajata Butala,Yes Bank,individual,dev-1e64d740ed00,,True,2024-11-10
mitali4147@barodampay,507790691,BARB0775949,Mitali Vaidya,Bank of Baroda,individual,dev-f8cdb6f8896d,,True,2026-02-07
lucky4148@kotak,296561579192897,KKBK0976365,Lucky Kapadia,Kotak Mahindra Bank,individual,dev-94f82a8ec974,,True,2025-12-02
rushil4149@kotak,4444315405828,KKBK0540567,Rushil Pandya,Kotak Mahindra Bank,individual,dev-36ac0c64582c,,True,2025-04-28
champak4150@idfcfirst,9881096576035081,IDFB0429903,Champak Walia,IDFC First Bank,individual,dev-9bd45e24e6d7,,True,2026-02-11
victor4151@kotak,686589372702774,KKBK0772364,Victor Wali,Kotak Mahindra Bank,individual,dev-4252767c0caf,,True,2024-08-31
kavya4152@oksbi,10470284193,SBIN0176833,Kavya Dutt,State Bank of India,individual,dev-20630d90ce79,,True,2026-06-23
noah4153@barodampay,7601467484,BARB0592919,Noah Kara,Bank of Baroda,individual,dev-e96bcb425fb4,,True,2025-07-19
panini4154@idfcfirst,134864806965,IDFB0531192,Panini Jain,IDFC First Bank,individual,dev-08df692a2fc6,,True,2025-04-10
chandran4155@okhdfcbank,8312945751092207,HDFC0506658,Chandran Rattan,HDFC Bank,individual,dev-c66eb4a37ddd,,True,2025-10-19
madhavi4156@pnb,978086188698494,PUNB0156250,Madhavi Vig,Punjab National Bank,individual,dev-fcfcb21d68a0,,True,2025-07-20
sonisidhu4157@okhdfcbank,6949742671,HDFC0315537,Soni-Sidhu Electronics,HDFC Bank,merchant,dev-6cfba4fa170b,,True,2025-08-28
deshpandemital4158@idfcfirst,94503531499310,IDFB0648526,Deshpande-Mital Food & Dining,IDFC First Bank,merchant,dev-f9283db0e20a,,True,2026-05-20
falan4159@okicici,56701474991607,ICIC0087486,Falan Krishnamurthy,ICICI Bank,individual,dev-b4eb131a8833,,True,2025-12-03
sathvik4160@barodampay,608448895443237,BARB0297562,Sathvik Bhavsar,Bank of Baroda,individual,dev-4d78379f5dff,,True,2025-09-22
nirja4161@ybl,93517562403,YESB0363211,Nirja Dey,Yes Bank,individual,dev-d642c5749bfd,,True,2024-07-15
vasana4162@barodampay,267198425701629,BARB0541789,Vasana Dyal,Bank of Baroda,individual,dev-03cec3a82bc8,,True,2023-08-17
mahika4163@barodampay,26722541003,BARB0136265,Mahika Dutta,Bank of Baroda,individual,dev-047fdbc154ae,,True,2025-11-02
mahika4164@okhdfcbank,8920916806992225,HDFC0898232,Mahika Hari,HDFC Bank,individual,dev-694d8ae9ee24,,True,2024-07-21
palla4165@ybl,293747853622,YESB0049270,Palla Inc Travel,Yes Bank,merchant,dev-e3cea184b9a8,,True,2025-06-14
majumdar4166@okaxis,4362013829198,UTIB0068207,Majumdar and Sons Home Services,Axis Bank,merchant,dev-271da88aeb28,,True,2025-12-21
jatin4167@kotak,15769040375,KKBK0206755,Jatin Doshi,Kotak Mahindra Bank,individual,dev-09e4d31103ca,,True,2025-05-15
sachi4168@okicici,324353262,ICIC0876190,Sachi Dhar,ICICI Bank,individual,dev-189f8cf6f5a8,account_takeover,True,2025-08-05
falak4169@okicici,45854408383281,ICIC0777890,Falak Apte,ICICI Bank,individual,dev-2009accf5103,,True,2024-04-07
dalal4170@okicici,00793094377,ICIC0737963,"Dalal, Verma and Mukhopadhyay Fuel",ICICI Bank,merchant,dev-985de1aed132,,True,2023-10-24
urishilla4171@okaxis,8450630948784,UTIB0712842,Urishilla Kata,Axis Bank,individual,dev-a5e9fdeffa33,,True,2026-03-21
chanchal4172@cnrb,544709169255069,CNRB0892537,Chanchal Dash,Canara Bank,individual,dev-786f91ed5db5,,True,2026-04-15
mitesh4173@cnrb,929137039958794,CNRB0298998,Mitesh Bobal,Canara Bank,individual,dev-1a6da3e068b0,innocent_bystander,True,2025-09-15
anita4174@okaxis,64671148344716,UTIB0648144,Anita Baria,Axis Bank,individual,dev-e90288348d8e,,True,2024-07-28
aadhya4175@oksbi,5150021965011676,SBIN0166968,Aadhya Chowdhury,State Bank of India,individual,dev-a747fd4275b8,,True,2023-08-28
pooja4176@okhdfcbank,182042655,HDFC0040364,Pooja Ganguly,HDFC Bank,individual,dev-d017df481be4,,True,2026-03-06
bishakha4177@idfcfirst,7213915149988506,IDFB0448466,Bishakha Kar,IDFC First Bank,individual,dev-9cc00e3db920,,True,2025-12-19
gaurang4178@oksbi,99121290598454,SBIN0667232,Gaurang Patil,State Bank of India,individual,dev-1f3553fc52da,,True,2025-12-08
warda4179@kotak,597176901892,KKBK0959422,Warda Sankaran,Kotak Mahindra Bank,individual,dev-97680a0a7724,,True,2025-07-02
dakshesh4180@okaxis,89344960740,UTIB0474301,Dakshesh Cheema,Axis Bank,individual,dev-11636710baf2,,True,2026-05-26
anya4181@ybl,674647886266,YESB0222314,Anya Krishnamurthy,Yes Bank,individual,dev-2f39b9da28b0,,True,2024-04-12
oni4182@cnrb,064618214,CNRB0818423,Oni Krishnamurthy,Canara Bank,individual,dev-1dda35190e7d,account_takeover,True,2024-10-11
fiyaz4183@ybl,5463902082,YESB0030280,Fiyaz Arya,Yes Bank,individual,dev-46d667c8c774,,True,2025-06-28
vedika4184@ybl,42221526348,YESB0668469,Vedika Kibe,Yes Bank,individual,dev-28037f4ab8c7,innocent_bystander,True,2025-11-03
timothy4185@ybl,352689248385598,YESB0918170,Timothy Saraf,Yes Bank,individual,dev-fe92a0132cae,,True,2025-06-29
hemang4186@okhdfcbank,0011047685188285,HDFC0385613,Hemang Sura,HDFC Bank,individual,dev-2db3ed248612,,True,2024-03-19
zilmil4187@barodampay,195648307274,BARB0358951,Zilmil Raja,Bank of Baroda,individual,dev-eb4446891330,,True,2024-03-10
hritik4188@kotak,06675309192,KKBK0568567,Hritik Chaudhari,Kotak Mahindra Bank,individual,dev-561acf17316e,,True,2026-06-16
jacob4189@kotak,10929656539076,KKBK0161989,Jacob Khare,Kotak Mahindra Bank,individual,dev-5d552eaa6c83,,True,2023-10-01
samaramesh4190@oksbi,885720933560557,SBIN0980260,Sama-Ramesh Electronics,State Bank of India,merchant,dev-fbd878b7a4ce,,True,2025-06-11
idika4191@idfcfirst,07016921538192,IDFB0333604,Idika Sarraf,IDFC First Bank,individual,dev-7c1ab1abeef9,gambling_network,True,2026-06-07
baljiwan4192@cnrb,7251831117,CNRB0062988,Baljiwan Rastogi,Canara Bank,individual,dev-89f6e39808bc,gambling_network,True,2023-12-01
atharv4193@oksbi,22079717237,SBIN0210402,Atharv Kalita,State Bank of India,individual,dev-9648b5fe2dd5,,True,2023-12-12
arjun4194@barodampay,471882177,BARB0640369,Arjun Narasimhan,Bank of Baroda,individual,dev-cd4cc325d2b6,,True,2025-06-27
brinda4195@okhdfcbank,1163951414946395,HDFC0710292,Brinda Sachar,HDFC Bank,individual,dev-f848f7cb767a,,True,2024-04-13
tanmayi4196@okicici,43510766328709,ICIC0556190,Tanmayi Kulkarni,ICICI Bank,individual,dev-0d7b594b5f3a,,True,2025-03-31
hemangini4197@idfcfirst,198802566902052,IDFB0616676,Hemangini Pandey,IDFC First Bank,individual,dev-5cdea6617f9f,,True,2024-10-07
aradhana4198@okaxis,2167898225278708,UTIB0287235,Aradhana Sehgal,Axis Bank,individual,dev-9d4026595f44,,True,2026-06-06
ekta4199@okhdfcbank,94083646799206,HDFC0203308,Ekta Shanker,HDFC Bank,individual,dev-e898035b1bcd,,True,2024-05-23
naveen4200@pnb,839628169758,PUNB0189435,Naveen Kadakia,Punjab National Bank,individual,dev-5276a0402e4c,,True,2024-02-18
nandini4201@cnrb,5208715799081659,CNRB0582579,Nandini Pall,Canara Bank,individual,dev-391f297d9c5d,gambling_network,True,2024-01-11
xalak4202@oksbi,211103478551224,SBIN0348410,Xalak Chakraborty,State Bank of India,individual,dev-049dd235600d,,True,2024-12-28
indira4203@okicici,1153683730856348,ICIC0557715,Indira Yohannan,ICICI Bank,individual,dev-0231ff25104a,,True,2025-05-03
edhitha4204@ybl,5348529720,YESB0150713,Edhitha Mohan,Yes Bank,individual,dev-17573034e1ba,,True,2023-10-24
gautam4205@oksbi,61779537622,SBIN0639603,Gautam Ravi,State Bank of India,individual,dev-882490dddbcd,,True,2024-11-29
widisha4206@idfcfirst,94671957139505,IDFB0851977,Widisha Grewal,IDFC First Bank,individual,dev-f3eb0b154a69,,True,2023-10-09
samaksh4207@kotak,996012437,KKBK0590023,Samaksh Lanka,Kotak Mahindra Bank,individual,dev-876ee94bc33e,,True,2025-05-03
indali4208@cnrb,81064040984890,CNRB0585321,Indali Nazareth,Canara Bank,individual,dev-4f35d638300b,,True,2024-01-11
janaki4209@ybl,55544995109167,YESB0824993,Janaki Dutta,Yes Bank,individual,dev-ebc4714e6326,gambling_network,True,2023-08-05
ekantika4210@pnb,860997928165856,PUNB0316694,Ekantika Babu,Punjab National Bank,individual,dev-0364017efd24,,True,2026-01-31
ranveer4211@idfcfirst,655691674357,IDFB0342737,Ranveer Mukherjee,IDFC First Bank,individual,dev-6ab83a286b57,,True,2025-05-31
pranav4212@oksbi,475752594760051,SBIN0412715,Pranav Rao,State Bank of India,individual,dev-b95c35726d45,,True,2025-02-11
rushil4213@ybl,5476101643,YESB0474985,Rushil Chander,Yes Bank,individual,dev-e7872700d336,,True,2024-08-09
nidhi4214@idfcfirst,46506161854992,IDFB0946415,Nidhi Lall,IDFC First Bank,individual,dev-78f15a6c2e64,,True,2025-06-25
harini4215@pnb,4031633561405331,PUNB0796698,Harini Walia,Punjab National Bank,individual,dev-c642ce47e0a7,,True,2026-06-18
mekhala4216@barodampay,23335723772131,BARB0632739,Mekhala Deol,Bank of Baroda,individual,dev-5da65db8f52e,innocent_bystander,True,2025-12-05
hemang4217@idfcfirst,995047777,IDFB0095496,Hemang Memon,IDFC First Bank,individual,dev-ba6ebaae02cb,,True,2026-03-31
ekiya4218@kotak,0944467617692,KKBK0802028,Ekiya Kar,Kotak Mahindra Bank,individual,dev-cf3b56e05895,,True,2026-07-03
banjeet4219@okicici,515387871812108,ICIC0133738,Banjeet Korpal,ICICI Bank,individual,dev-a65c3119157b,gambling_network,True,2023-08-27
anusha4220@barodampay,5494839154,BARB0888860,Anusha Bal,Bank of Baroda,individual,dev-e81af244c9ba,,True,2024-01-15
udarsh4221@okaxis,98151877338,UTIB0561670,Udarsh Kanda,Axis Bank,individual,dev-a5e3f29438ba,,True,2024-03-09
upkaar4222@cnrb,259257584730,CNRB0320764,Upkaar Sarraf,Canara Bank,individual,dev-3c14a324e974,,True,2024-01-11
maanav4223@idfcfirst,44890995545139,IDFB0532283,Maanav Arora,IDFC First Bank,individual,dev-31f0ef5cbb61,,True,2024-11-20
yagnesh4224@oksbi,8181462240927,SBIN0288254,Yagnesh Bail,State Bank of India,individual,dev-554abcce11bd,,True,2024-06-03
subramanian4225@cnrb,13008471155402,CNRB0148520,"Subramanian, Sarna and Sachdeva Home Services",Canara Bank,merchant,dev-ce387f2a7010,,True,2024-07-31
nitara4226@pnb,032976993550,PUNB0041349,Nitara Grewal,Punjab National Bank,individual,dev-7fb6c85635b0,,False,2025-12-21
ratta4227@kotak,58674351719011,KKBK0183558,"Ratta, Ram and Lal Home Services",Kotak Mahindra Bank,merchant,dev-2246e604873e,,True,2023-09-14
adya4228@barodampay,515518979973,BARB0208452,Adya Sankar,Bank of Baroda,individual,dev-bd1f80d8892a,,True,2024-09-23
janya4229@cnrb,248414180926819,CNRB0420511,Janya Keer,Canara Bank,individual,dev-b2f38782f01d,,True,2023-10-14
zachariahparikh4230@ybl,402098152540,YESB0793301,Zachariah-Parikh Fashion,Yes Bank,merchant,dev-b4da5fc5f49d,,True,2023-12-01
krish4231@okicici,8825132287,ICIC0850295,Krish Nagy,ICICI Bank,individual,dev-bf252f572c2f,,True,2025-06-09
kabir4232@ybl,3349466632,YESB0364819,Kabir Char,Yes Bank,individual,dev-07f6415d8a4d,,True,2026-05-14
dipta4233@kotak,0836394890,KKBK0421746,Dipta Cheema,Kotak Mahindra Bank,individual,dev-861ad3af9672,,True,2023-11-30
ijaya4234@cnrb,822262658641459,CNRB0250283,Ijaya Kapur,Canara Bank,individual,dev-7dffe8615d83,innocent_bystander,True,2023-09-03
luthrabera4235@okaxis,7840431673371945,UTIB0591246,Luthra-Bera Food & Dining,Axis Bank,merchant,dev-bd8fb0762b13,,True,2024-06-24
sarmatank4236@cnrb,3875818468,CNRB0794201,Sarma-Tank Home Services,Canara Bank,merchant,dev-8bc4a4fda076,,True,2024-11-07
dhruv4237@barodampay,7130002936,BARB0675835,Dhruv Garg,Bank of Baroda,individual,dev-b7d82ae0a62d,,True,2024-10-08
saumya4238@idfcfirst,060669876275,IDFB0502865,Saumya Bhandari,IDFC First Bank,individual,dev-59ae0d9f20ed,gambling_network,True,2025-09-22
vansha4239@oksbi,3324666473090859,SBIN0548272,Vansha Divan,State Bank of India,individual,dev-52eb830d3eb2,account_takeover,True,2024-12-17
irya4240@ybl,9802270928,YESB0685299,Irya Bhattacharyya,Yes Bank,individual,dev-74536861fa52,innocent_bystander,True,2025-03-02
zayyan4241@idfcfirst,273081460657180,IDFB0938642,Zayyan Bala,IDFC First Bank,individual,dev-91dfca53831f,,True,2023-08-16
raagini4242@okicici,104836176425,ICIC0604474,Raagini Deol,ICICI Bank,individual,dev-29b1f6b38eb9,,True,2024-01-12
tanveer4243@okaxis,41750835433,UTIB0410235,Tanveer Seth,Axis Bank,individual,dev-0c5e8011b643,,True,2023-10-15
daksha4244@okaxis,6967699376558,UTIB0911804,Daksha Narayanan,Axis Bank,individual,dev-6b7180e664a3,,True,2025-05-15
yashoda4245@okaxis,7496395337,UTIB0084728,Yashoda Ray,Axis Bank,individual,dev-10d94fc7b294,,True,2025-10-01
divya4246@barodampay,83726648918,BARB0659468,Divya Ahuja,Bank of Baroda,individual,dev-f43520866ae5,,True,2026-01-11
ishita4247@oksbi,47131585409,SBIN0463562,Ishita Dar,State Bank of India,individual,dev-df6eac8f0889,,True,2024-06-09
devansh4248@pnb,847278077234449,PUNB0931813,Devansh Wagle,Punjab National Bank,individual,dev-611fa2f1d452,,False,2024-10-27
neel4249@barodampay,57755719859744,BARB0609418,Neel Hayer,Bank of Baroda,individual,dev-962b2c40b186,,True,2023-10-30
gola4250@cnrb,2870175190,CNRB0403282,Gola and Sons Pharmacy,Canara Bank,merchant,dev-7a828003f869,,True,2024-02-17
warda4251@kotak,2114161524113643,KKBK0575449,Warda Dar,Kotak Mahindra Bank,individual,dev-9bc977f8d7aa,,True,2025-06-05
gaurav4252@kotak,0742542407,KKBK0936947,Gaurav Chandra,Kotak Mahindra Bank,individual,dev-ccec049378a4,,True,2026-02-14
lila4253@cnrb,48345644011,CNRB0728804,Lila Reddy,Canara Bank,individual,dev-245f465e14db,,True,2024-05-20
urvi4254@okaxis,9969981612756,UTIB0396986,Urvi Devi,Axis Bank,individual,dev-948bb3dce404,innocent_bystander,False,2025-04-14
qadim4255@barodampay,0606733799,BARB0621929,Qadim Char,Bank of Baroda,individual,dev-99e2133bfaac,,True,2024-02-17
isha4256@okhdfcbank,40625309622,HDFC0048201,Isha Goel,HDFC Bank,individual,dev-495facc68ac7,,True,2025-03-29
zayyan4257@pnb,154570832598455,PUNB0683877,Zayyan Tata,Punjab National Bank,individual,dev-4b99c9db8936,innocent_bystander,True,2025-12-30
qarin4258@kotak,8948591676,KKBK0494534,Qarin Lad,Kotak Mahindra Bank,individual,dev-bf7062354833,innocent_bystander,True,2025-11-12
sai4259@barodampay,45770804234501,BARB0689335,Sai Karan,Bank of Baroda,individual,dev-f0286b173f41,innocent_bystander,True,2026-02-21
finn4260@ybl,076776821311,YESB0044211,Finn Nori,Yes Bank,individual,dev-207dc98ab6fb,,True,2023-12-01
girindra4261@oksbi,0371592277,SBIN0487382,Girindra Viswanathan,State Bank of India,individual,dev-1b6ee0b9fff2,innocent_bystander,True,2025-07-23
anmol4262@okicici,537016249346793,ICIC0903491,Anmol Bhat,ICICI Bank,individual,dev-7aec5138f84b,,True,2025-02-23
kashvi4263@idfcfirst,60819453342964,IDFB0692764,Kashvi Chandran,IDFC First Bank,individual,dev-408be00e01f2,,True,2023-11-04
aarav4264@okhdfcbank,2789827311,HDFC0446798,Aarav Wadhwa,HDFC Bank,individual,dev-fb63c24742fc,,True,2023-10-06
aayush4265@okaxis,99960357056,UTIB0041359,Aayush Narain,Axis Bank,individual,dev-60c62782d6e0,,True,2024-06-24
mohanbala4266@kotak,1483022098853887,KKBK0152233,Mohan-Bala Utilities,Kotak Mahindra Bank,merchant,dev-6bb2bcd7f5f9,,True,2024-06-24
ekaraj4267@okaxis,73873725622,UTIB0125006,Ekaraj Gera,Axis Bank,individual,dev-1d9e263ec934,account_takeover,True,2024-01-15
wishi4268@okhdfcbank,84860587785209,HDFC0647980,Wishi Gopal,HDFC Bank,individual,dev-bf5ea7e2b778,,True,2025-06-11
hemani4269@okaxis,599237105981239,UTIB0843080,Hemani Chatterjee,Axis Bank,individual,dev-47a519e8b776,,True,2024-04-13
kavya4270@okicici,864472489078,ICIC0431281,Kavya Goel,ICICI Bank,individual,dev-6218a23b7d77,,True,2025-03-16
peter4271@barodampay,48716625272460,BARB0957101,Peter Tripathi,Bank of Baroda,individual,dev-1f29b10a7c7d,,True,2024-04-21
sai4272@cnrb,65000242589617,CNRB0807686,Sai Balasubramanian,Canara Bank,individual,dev-3d8eccc8c529,innocent_bystander,True,2024-09-22
jai4273@okaxis,06807779731974,UTIB0599189,Jai Muni,Axis Bank,individual,dev-caaf58881915,innocent_bystander,True,2024-04-11
hritik4274@kotak,589338134,KKBK0295853,Hritik Palla,Kotak Mahindra Bank,individual,dev-8d485973b410,,True,2025-03-03
zarna4275@idfcfirst,2762279577,IDFB0901297,Zarna Ganesh,IDFC First Bank,individual,dev-53aa0334b8a8,,True,2025-04-02
widisha4276@okhdfcbank,0975824229922,HDFC0094926,Widisha Hans,HDFC Bank,individual,dev-f4bb7227c330,,True,2023-08-14
geetika4277@cnrb,1489003775544,CNRB0125300,Geetika Sha,Canara Bank,individual,dev-9b647f6f3f6a,,True,2023-12-23
sara4278@pnb,553922532056,PUNB0568781,Sara Dada,Punjab National Bank,individual,dev-533a5bc48558,,True,2024-04-20
hamsini4279@barodampay,2085978434078086,BARB0553542,Hamsini Koshy,Bank of Baroda,individual,dev-02b50bb5cdb9,,True,2023-11-08
dhaliwalkhatri4280@idfcfirst,40735378786576,IDFB0218560,Dhaliwal-Khatri Food & Dining,IDFC First Bank,merchant,dev-bd87404b3d33,,True,2025-01-13
raghav4281@oksbi,07998213579448,SBIN0953441,Raghav Raval,State Bank of India,individual,dev-3460bd6d5242,gambling_network,True,2026-05-29
ishita4282@okicici,384295123196928,ICIC0676006,Ishita Bhargava,ICICI Bank,individual,dev-87ce1562bdfe,,True,2023-11-08
hardik4283@okhdfcbank,66972881722438,HDFC0195094,Hardik Venkatesh,HDFC Bank,individual,dev-e79ac9e4123d,,True,2025-05-26
ekani4284@okicici,5458455820,ICIC0958091,Ekani Vyas,ICICI Bank,individual,dev-a02459705af6,,True,2025-02-15
sai4285@kotak,680212917771018,KKBK0007027,Sai Mandal,Kotak Mahindra Bank,individual,dev-556a87b8928b,,True,2025-06-01
krishna4286@ybl,066019057926796,YESB0232980,Krishna Sem,Yes Bank,individual,dev-bdab20e2d703,,True,2025-11-02
brinda4287@okaxis,852520409926365,UTIB0743100,Brinda Sandhu,Axis Bank,individual,dev-87ddf2c12205,,True,2025-10-15
radhika4288@barodampay,415364455608,BARB0169553,Radhika Purohit,Bank of Baroda,individual,dev-ff84673be16b,,True,2025-09-11
vritti4289@ybl,701912416,YESB0310959,Vritti Bajwa,Yes Bank,individual,dev-474c3a4cb5c9,,True,2025-07-25
hemang4290@okaxis,1727422260183620,UTIB0447967,Hemang Nagy,Axis Bank,individual,dev-a899aa39d0a6,,True,2024-08-12
lopa4291@ybl,8263897335,YESB0947980,Lopa Mohan,Yes Bank,individual,dev-d1a61658631c,,True,2026-01-27
bhavna4292@cnrb,898808468,CNRB0085463,Bhavna Bhakta,Canara Bank,individual,dev-f48ff640f244,,True,2023-10-27
raghav4293@okicici,950436696211,ICIC0620452,Raghav Chakraborty,ICICI Bank,individual,dev-1f83e6984f64,,True,2024-05-15
oscar4294@okhdfcbank,19184603072311,HDFC0546718,Oscar Murthy,HDFC Bank,individual,dev-1d2bad575cdd,innocent_bystander,True,2026-03-29
bava4295@kotak,63700833467,KKBK0708763,"Bava, Warrior and Bala Pharmacy",Kotak Mahindra Bank,merchant,dev-01eb7adf4dfa,,True,2023-12-04
chavvi4296@oksbi,013949199,SBIN0087334,Chavvi Rajan,State Bank of India,individual,dev-742125025bcc,,True,2024-10-05
indira4297@okicici,726976413751,ICIC0235163,Indira Yogi,ICICI Bank,individual,dev-428d42679aee,,True,2026-02-20
radha4298@kotak,06312648956,KKBK0479776,Radha Trivedi,Kotak Mahindra Bank,individual,dev-2fbc5a6490d0,,True,2023-09-14
yashoda4299@oksbi,00843017722348,SBIN0413867,Yashoda Prabhakar,State Bank of India,individual,dev-352aa0c5b7b5,innocent_bystander,True,2024-01-11
tanish4300@barodampay,192958375659726,BARB0366071,Tanish Chaudhary,Bank of Baroda,individual,dev-3765acb2e8c6,,True,2026-07-15
quincy4301@okicici,001644740013817,ICIC0034352,Quincy Kant,ICICI Bank,individual,dev-6af5d41bde1f,innocent_bystander,True,2025-06-15
elijah4302@kotak,07900890647,KKBK0515876,Elijah Jani,Kotak Mahindra Bank,individual,dev-7de85038f0b1,innocent_bystander,True,2024-04-03
samuel4303@barodampay,4699448570813,BARB0173501,Samuel Aurora,Bank of Baroda,individual,dev-1803b4ed3024,,True,2025-12-08
lakshmi4304@oksbi,4094330283,SBIN0842673,Lakshmi Jha,State Bank of India,individual,dev-dd9cc62d2b77,innocent_bystander,True,2024-05-17
bina4305@kotak,3359082697,KKBK0044185,Bina Agrawal,Kotak Mahindra Bank,individual,dev-0421cc97ce8c,,True,2026-05-05
ganga4306@okicici,6896622563554,ICIC0045856,Ganga Goel,ICICI Bank,individual,dev-133d067d4058,,True,2026-05-12
vedant4307@okhdfcbank,3675084826,HDFC0244767,Vedant Prabhu,HDFC Bank,individual,dev-cead3c8d5c35,,True,2025-03-30
chaitanya4308@pnb,2791199982597,PUNB0525107,Chaitanya Dugal,Punjab National Bank,individual,dev-5ca9a99be159,,True,2026-01-14
koshy4309@kotak,734294951718953,KKBK0474989,Koshy PLC Utilities,Kotak Mahindra Bank,merchant,dev-d29184c60a41,,True,2024-12-07
kuruvilla4310@okaxis,7094474785587,UTIB0754767,"Kuruvilla, Sami and Mukherjee Pharmacy",Axis Bank,merchant,dev-c45f06b3657a,,True,2025-05-18
anjali4311@pnb,508017124959725,PUNB0335258,Anjali Rout,Punjab National Bank,individual,dev-2e23753793ad,,True,2026-02-09
ojasvi4312@ybl,744628054963,YESB0421159,Ojasvi Sachdev,Yes Bank,individual,dev-d16de63e6ca0,,True,2025-06-08
mallgupta4313@kotak,30742445559906,KKBK0216993,Mall-Gupta Travel,Kotak Mahindra Bank,merchant,dev-9ebf72110641,,True,2023-10-23
kulkarnianne4314@okicici,8394091046694,ICIC0126673,Kulkarni-Anne Home Services,ICICI Bank,merchant,dev-3ca3337488bb,,True,2025-05-12
benjamin4315@kotak,054366192516024,KKBK0098490,Benjamin Sen,Kotak Mahindra Bank,individual,dev-40742b7f53e9,,True,2024-01-15
udant4316@idfcfirst,324133947895596,IDFB0288523,Udant Bobal,IDFC First Bank,individual,dev-d8d63098f5c2,,True,2026-06-08
jack4317@okaxis,174767764871223,UTIB0702871,Jack Dutt,Axis Bank,individual,dev-135003034939,,True,2025-11-23
ekalinga4318@kotak,5995230141881282,KKBK0260409,Ekalinga Goswami,Kotak Mahindra Bank,individual,dev-a62425bf6b5e,,True,2024-07-17
oliver4319@ybl,958760707959,YESB0627379,Oliver Kunda,Yes Bank,individual,dev-3ce64f87d64f,,True,2024-11-18
bhavani4320@okhdfcbank,81512702523,HDFC0582646,Bhavani Yadav,HDFC Bank,individual,dev-081bc8e67877,,True,2025-06-14
manelal4321@cnrb,529839345261,CNRB0605004,Mane-Lal Food & Dining,Canara Bank,merchant,dev-1f464ef0d056,,True,2023-11-02
jagdish4322@okhdfcbank,82279297042,HDFC0081019,Jagdish Rana,HDFC Bank,individual,dev-05297dec3aea,,True,2023-09-23
gabriel4323@oksbi,75946949800,SBIN0092196,Gabriel Tank,State Bank of India,individual,dev-0858566b356c,,True,2023-12-28
datta4324@cnrb,82747397367,CNRB0986309,Datta PLC Electronics,Canara Bank,merchant,dev-270e555db13f,,True,2023-11-15
upasna4325@cnrb,568125618447524,CNRB0152685,Upasna Srinivas,Canara Bank,individual,dev-010dd3d700b9,,True,2023-09-22
isaac4326@oksbi,5229509832,SBIN0423564,Isaac Karnik,State Bank of India,individual,dev-1a2efdc58e03,,True,2025-08-19
lipika4327@pnb,68323756263,PUNB0885962,Lipika Gour,Punjab National Bank,individual,dev-e7074886849b,,True,2025-08-12
ekansh4328@barodampay,317071108785,BARB0595867,Ekansh Khurana,Bank of Baroda,individual,dev-51aa2509487d,,True,2026-05-12
prabhakarsarma4329@barodampay,030154588800,BARB0897193,Prabhakar-Sarma Fashion,Bank of Baroda,merchant,dev-4fd9d5de6e19,,True,2023-12-03
dhar4330@kotak,228630862870002,KKBK0405950,"Dhar, Sathe and Barman Food & Dining",Kotak Mahindra Bank,merchant,dev-12dee3ed2504,,True,2026-04-20
shivansh4331@idfcfirst,727411787991727,IDFB0431342,Shivansh Nadkarni,IDFC First Bank,individual,dev-3b55d0e6e3dc,,True,2025-06-27
akshay4332@okhdfcbank,30320210761482,HDFC0236256,Akshay Dua,HDFC Bank,individual,dev-f7d54cbaffc7,,True,2024-04-28
zashil4333@barodampay,57360782672138,BARB0368200,Zashil Gill,Bank of Baroda,individual,dev-7532bc3447e9,,True,2026-01-29
turvi4334@okicici,38446342750,ICIC0559580,Turvi Iyer,ICICI Bank,individual,dev-bb833b5ca42f,,True,2025-01-02
mahika4335@pnb,09602724180,PUNB0096217,Mahika Rai,Punjab National Bank,individual,dev-e9e7f83a934e,,True,2024-05-23
manne4336@okaxis,96004420969,UTIB0286797,Manne PLC Food & Dining,Axis Bank,merchant,dev-3f03ab912b73,,True,2024-08-21
umang4337@okaxis,4660175288231,UTIB0564257,Umang Gour,Axis Bank,individual,dev-3cde9cc4dc77,,False,2026-04-29
gautami4338@okaxis,57161533344,UTIB0260775,Gautami Sarna,Axis Bank,individual,dev-51029739d49c,,True,2025-09-07
ridhi4339@idfcfirst,5699866282184,IDFB0478073,Ridhi Boase,IDFC First Bank,individual,dev-66be58a18d7d,,True,2025-03-06
bhavna4340@barodampay,9147295103,BARB0278941,Bhavna Dyal,Bank of Baroda,individual,dev-3064ba0c98a8,,True,2024-10-23
eesha4341@pnb,266396392,PUNB0030244,Eesha Bhandari,Punjab National Bank,individual,dev-288fe8fb1df8,,True,2025-05-03
bhattacharyya4342@ybl,276511426310919,YESB0560345,Bhattacharyya Group Pharmacy,Yes Bank,merchant,dev-e8050cdee601,,True,2026-05-05
omkaar4343@okhdfcbank,9206760824,HDFC0023048,Omkaar Nagy,HDFC Bank,individual,dev-baf844c2c423,,True,2024-01-17
balvan4344@okhdfcbank,35694317362864,HDFC0988951,Balvan Dhar,HDFC Bank,individual,dev-31d85c7e762e,,True,2024-06-02
vivaan4345@oksbi,8683958796705,SBIN0806079,Vivaan Ahuja,State Bank of India,individual,dev-6a5475d1ed03,,True,2025-06-24
aarush4346@okicici,878347498035,ICIC0705857,Aarush Bhardwaj,ICICI Bank,individual,dev-8d421e8ad9a3,,True,2025-12-21
jagdish4347@okaxis,46170022688,UTIB0180507,Jagdish Kapur,Axis Bank,individual,dev-90fa81766c7e,gambling_network,True,2024-03-05
ethan4348@barodampay,6598663407125607,BARB0138536,Ethan Bahri,Bank of Baroda,individual,dev-07ef78a3f91c,,True,2023-07-25
libni4349@okhdfcbank,603692261995,HDFC0339241,Libni Mandal,HDFC Bank,individual,dev-2e61d96f5272,,True,2026-05-28
shivani4350@ybl,97653290928,YESB0850258,Shivani Khanna,Yes Bank,individual,dev-b269c8eaeeed,,True,2023-11-23
zashil4351@pnb,221525465003,PUNB0343005,Zashil Pai,Punjab National Bank,individual,dev-3acf9273d0ed,,True,2023-09-06
varenya4352@okaxis,63425044497,UTIB0573157,Varenya Dua,Axis Bank,individual,dev-a34f7ae36c12,,True,2024-04-12
jagvi4353@barodampay,253784030,BARB0223303,Jagvi Kapur,Bank of Baroda,individual,dev-4be6a26241cb,,True,2025-07-29
bhavini4354@okhdfcbank,0077296460720,HDFC0625366,Bhavini Ghosh,HDFC Bank,individual,dev-27525a00b9ff,,True,2025-02-20
aarini4355@okhdfcbank,24240193418224,HDFC0808201,Aarini Dyal,HDFC Bank,individual,dev-6ec0a8cb90cc,,True,2024-10-26
ansh4356@okhdfcbank,186383230474538,HDFC0997769,Ansh Sankaran,HDFC Bank,individual,dev-ca92dd8a2633,,True,2023-10-04
maanas4357@oksbi,4556745153029,SBIN0549166,Maanas Basak,State Bank of India,individual,dev-5550b9093e19,,True,2024-10-26
nirja4358@okhdfcbank,45376144462,HDFC0187780,Nirja Karan,HDFC Bank,individual,dev-ffff16757274,innocent_bystander,True,2026-02-09
jeremiah4359@barodampay,23889946012,BARB0169504,Jeremiah Pandit,Bank of Baroda,individual,dev-d7518dc07653,,True,2026-03-31
nidra4360@oksbi,551617633141518,SBIN0114443,Nidra Sama,State Bank of India,individual,dev-d18f2ab89584,,True,2023-12-30
triveni4361@barodampay,05367889018772,BARB0459871,Triveni Sethi,Bank of Baroda,individual,dev-34078ba45f0e,,True,2023-07-17
lipika4362@cnrb,5805110562,CNRB0668949,Lipika Sheth,Canara Bank,individual,dev-1a437d66d5b1,,True,2023-08-22
geetika4363@idfcfirst,5404198146417,IDFB0906947,Geetika Nanda,IDFC First Bank,individual,dev-d65a09cf990f,,True,2024-02-29
kiaan4364@ybl,09629369865210,YESB0016462,Kiaan Wagle,Yes Bank,individual,dev-bfbb1b7d9a3d,,True,2025-01-16
yatan4365@pnb,19268920494885,PUNB0869421,Yatan Kalla,Punjab National Bank,individual,dev-24f2f5f9a225,,True,2023-12-02
robert4366@cnrb,9125179234019957,CNRB0048846,Robert Patla,Canara Bank,individual,dev-9c2bd3098727,,True,2026-05-14
nilima4367@oksbi,0980569941865,SBIN0774003,Nilima Prasad,State Bank of India,individual,dev-42f73315b52c,,True,2025-02-23
tanay4368@kotak,31569494827201,KKBK0405631,Tanay Ramaswamy,Kotak Mahindra Bank,individual,dev-0e4f5e2130b4,,True,2023-09-17
upma4369@cnrb,92781591882,CNRB0707131,Upma Chopra,Canara Bank,individual,dev-8718c1fc496e,,True,2025-08-23
charita4370@oksbi,80791665796,SBIN0026361,Charita Sachar,State Bank of India,individual,dev-1ccb9c84a2c4,,True,2025-04-14
iyengar4371@cnrb,2486437202213,CNRB0715992,Iyengar and Sons Grocery,Canara Bank,merchant,dev-565c583f92f7,,True,2026-02-22
dugarrajagopalan4372@oksbi,251259822026530,SBIN0903897,Dugar-Rajagopalan Food & Dining,State Bank of India,merchant,dev-e824ea63630c,,True,2023-12-22
sankaran4373@okicici,411434973,ICIC0523406,"Sankaran, Gole and Savant Fashion",ICICI Bank,merchant,dev-d098ee5fa647,,True,2025-04-18
samuel4374@cnrb,658124819,CNRB0110687,Samuel Raju,Canara Bank,individual,dev-1419beef5e68,,True,2025-07-25
anjali4375@okhdfcbank,548551209724,HDFC0562127,Anjali Dugal,HDFC Bank,individual,dev-15688f3e90c8,,True,2024-07-27
rudra4376@idfcfirst,77683026527,IDFB0974618,Rudra Dora,IDFC First Bank,individual,dev-3f237d1f69a8,account_takeover,True,2025-05-21
edhitha4377@oksbi,4394525086476430,SBIN0212172,Edhitha Sidhu,State Bank of India,individual,dev-274dfe660fb4,account_takeover,True,2025-10-17
de4378@oksbi,15037060770549,SBIN0039698,De Group Pharmacy,State Bank of India,merchant,dev-275e7cae30d8,,True,2024-08-01
balendra4379@idfcfirst,3815824712703,IDFB0588639,Balendra Chatterjee,IDFC First Bank,individual,dev-e009b8d9e1a6,account_takeover,True,2026-02-01
frederick4380@kotak,384379193,KKBK0586617,Frederick Bail,Kotak Mahindra Bank,individual,dev-10d1934418e2,,True,2026-02-20
chatresh4381@okaxis,9517934953613,UTIB0827725,Chatresh Narula,Axis Bank,individual,dev-0e68fa17c574,,True,2025-11-08
dhriti4382@ybl,575539138401,YESB0887856,Dhriti Parikh,Yes Bank,individual,dev-e7ffd9fd4eb1,,True,2026-01-05
dora4383@oksbi,361410437,SBIN0006128,Dora and Sons Fuel,State Bank of India,merchant,dev-323dbe0c467c,,True,2026-06-23
dominic4384@barodampay,72166427753,BARB0504705,Dominic Patil,Bank of Baroda,individual,dev-61f607238447,,True,2024-04-05
sanya4385@okicici,1670367771685,ICIC0905005,Sanya Soman,ICICI Bank,individual,dev-1b3cd0d11d7a,,True,2024-06-18
parth4386@oksbi,5724399810578,SBIN0796626,Parth Mann,State Bank of India,individual,dev-1bf8b83dcaa6,,True,2023-09-24
harrison4387@idfcfirst,695104761696,IDFB0258695,Harrison Dutta,IDFC First Bank,individual,dev-16dd6104802d,,True,2025-07-04
nihal4388@cnrb,31905392910446,CNRB0524342,Nihal Sagar,Canara Bank,individual,dev-af541d8be5a2,,True,2024-02-16
nimrat4389@ybl,261161916,YESB0407529,Nimrat Dutt,Yes Bank,individual,dev-e0124a1387c2,,True,2024-11-11
avni4390@okicici,3397158414428,ICIC0038145,Avni Krish,ICICI Bank,individual,dev-8cc6e528334d,,True,2026-04-18
manan4391@oksbi,806597986968,SBIN0445627,Manan Saxena,State Bank of India,individual,dev-82356b1a75d8,,True,2024-04-10
balveer4392@okhdfcbank,6453140290,HDFC0056325,Balveer Deshmukh,HDFC Bank,individual,dev-e38d29fad33a,,True,2026-03-25
solankiraghavan4393@okicici,04610145693,ICIC0586592,Solanki-Raghavan Travel,ICICI Bank,merchant,dev-d8ac7226b6f1,,True,2023-12-27
onkar4394@okicici,82024660943,ICIC0929185,Onkar Bahri,ICICI Bank,individual,dev-43a9642f7474,,True,2023-09-13
ridhi4395@ybl,575583175537460,YESB0931636,Ridhi Gopal,Yes Bank,individual,dev-583810cbf015,,True,2026-06-27
anmol4396@okhdfcbank,04254247661,HDFC0093229,Anmol Swamy,HDFC Bank,individual,dev-674e88a2cc80,,True,2026-04-05
harinakshi4397@barodampay,01365352021,BARB0535004,Harinakshi Chada,Bank of Baroda,individual,dev-9422f5c417b2,,True,2026-06-28
ekapad4398@oksbi,11840641173071,SBIN0997048,Ekapad Goel,State Bank of India,individual,dev-bd4a1c97daf8,,True,2024-04-01
charita4399@cnrb,009485880955,CNRB0242739,Charita Ramesh,Canara Bank,individual,dev-459f09d14055,innocent_bystander,True,2025-04-04
indrajit4400@okhdfcbank,440632782905,HDFC0710072,Indrajit Hegde,HDFC Bank,individual,dev-eb947a3e39b2,,True,2025-03-09
brinda4401@cnrb,72638347083,CNRB0824900,Brinda Chacko,Canara Bank,individual,dev-9c739b5e29ed,,True,2025-03-21
warda4402@barodampay,374480400177795,BARB0198441,Warda Babu,Bank of Baroda,individual,dev-42f8a1798785,,True,2024-04-02
omkaar4403@cnrb,7289921526607155,CNRB0018952,Omkaar Patla,Canara Bank,individual,dev-31a44f2ee553,,True,2023-11-12
rehaan4404@kotak,496301661937769,KKBK0802596,Rehaan Varghese,Kotak Mahindra Bank,individual,dev-235b102a35a0,,True,2025-10-01
zinal4405@idfcfirst,25295452829835,IDFB0331824,Zinal Bajwa,IDFC First Bank,individual,dev-19da3f23ba27,,True,2025-07-22
eiravati4406@kotak,598804922635341,KKBK0833608,Eiravati Ganesan,Kotak Mahindra Bank,individual,dev-f94d3519b61e,,False,2025-06-05
william4407@okicici,2595467538,ICIC0304956,William Mohan,ICICI Bank,individual,dev-57d7f61ff811,,True,2025-01-03
saumya4408@cnrb,0831042211,CNRB0786040,Saumya Sant,Canara Bank,individual,dev-0f2d55633ab0,,True,2024-07-13
banjeet4409@pnb,12957168777,PUNB0988853,Banjeet Mahajan,Punjab National Bank,individual,dev-c01413633bef,,True,2026-01-04
shanker4410@cnrb,5949635462379530,CNRB0938522,"Shanker, Buch and Natarajan Fuel",Canara Bank,merchant,dev-5c592eebb593,,True,2024-07-05
kalpit4411@cnrb,815241313638696,CNRB0215028,Kalpit Anne,Canara Bank,individual,dev-f19f1791a838,,True,2024-07-25
chasmum4412@kotak,763872161,KKBK0525299,Chasmum Rai,Kotak Mahindra Bank,individual,dev-e60ddbfbaf83,,True,2026-01-30
singhal4413@okaxis,033388093120,UTIB0133721,Singhal Group Travel,Axis Bank,merchant,dev-429f4c4bd244,,True,2026-01-13
balendra4414@idfcfirst,10817643333,IDFB0268768,Balendra Madan,IDFC First Bank,individual,dev-b11f36f965fc,gambling_network,True,2026-06-18
gautami4415@ybl,01195815356508,YESB0908031,Gautami Peri,Yes Bank,individual,dev-a011e48be975,,True,2024-01-12
niharika4416@ybl,724066559,YESB0061109,Niharika Oommen,Yes Bank,individual,dev-983498b53340,,True,2025-11-22
hiral4417@okaxis,8001033618879174,UTIB0368204,Hiral Lal,Axis Bank,individual,dev-3cac1bae673d,,True,2025-08-19
hans4418@ybl,2736292974,YESB0684436,"Hans, Suresh and Manda Travel",Yes Bank,merchant,dev-3ac8c1eb8ee9,,True,2024-12-16
fiyaz4419@idfcfirst,6873492584183,IDFB0388266,Fiyaz Sengupta,IDFC First Bank,individual,dev-ac19b0d73c48,,True,2023-08-11
eiravati4420@oksbi,33680074402681,SBIN0409293,Eiravati Upadhyay,State Bank of India,individual,dev-d322b2bcec32,,True,2026-01-29
arin4421@cnrb,1873507482734,CNRB0320470,Arin Dave,Canara Bank,individual,dev-1b6e20da0e81,,True,2025-07-20
xavier4422@cnrb,0147949751,CNRB0843316,Xavier Borde,Canara Bank,individual,dev-8848c59e0f7e,,True,2024-10-07
kashvi4423@okhdfcbank,57818693513879,HDFC0858024,Kashvi Bhattacharyya,HDFC Bank,individual,dev-90f8553df425,,True,2023-08-21
warjas4424@okhdfcbank,913221564566,HDFC0944013,Warjas Chahal,HDFC Bank,individual,dev-c6913c2b4e9b,,True,2024-07-26
aditya4425@oksbi,041837038804,SBIN0876301,Aditya Arya,State Bank of India,individual,dev-ee22e3761cf9,innocent_bystander,True,2026-07-09
om4426@cnrb,4788309825,CNRB0948910,"Om, Bobal and Dugal Home Services",Canara Bank,merchant,dev-ea10335363ca,,True,2024-01-25
ganga4427@idfcfirst,832458137474,IDFB0115125,Ganga Cherian,IDFC First Bank,individual,dev-ba9b88dcbf0f,,True,2024-08-07
daksh4428@okicici,325983994,ICIC0487598,Daksh Dewan,ICICI Bank,individual,dev-e298247d0f11,,True,2026-03-07
finn4429@okhdfcbank,5255848786167366,HDFC0641931,Finn Grewal,HDFC Bank,individual,dev-5db389b06d45,account_takeover,True,2023-11-30
gavin4430@barodampay,60074325204,BARB0926931,Gavin Aggarwal,Bank of Baroda,individual,dev-8e2c4a833873,,True,2025-12-03
viraj4431@oksbi,8874309024695849,SBIN0188477,Viraj Kade,State Bank of India,individual,dev-61325d68655b,,True,2024-06-23
fariq4432@oksbi,041670262846,SBIN0745246,Fariq Ram,State Bank of India,individual,dev-86188d9a7256,,True,2026-05-02
reyansh4433@okaxis,1376510169,UTIB0976946,Reyansh Soni,Axis Bank,individual,dev-fc1ff9c3fca6,,True,2026-06-16
warhi4434@idfcfirst,10289680911891,IDFB0339939,Warhi Grewal,IDFC First Bank,individual,dev-c11a78d372d6,,True,2025-03-20
bhavna4435@pnb,999138342,PUNB0419576,Bhavna Bhat,Punjab National Bank,individual,dev-1b29ba79d45d,innocent_bystander,True,2024-04-29
qasim4436@okicici,8415495033210733,ICIC0433469,Qasim Tripathi,ICICI Bank,individual,dev-87f6dcf663cb,innocent_bystander,True,2023-10-04
fariq4437@idfcfirst,3324660065099000,IDFB0651221,Fariq Goda,IDFC First Bank,individual,dev-aed29cf1c968,,False,2025-01-06
adya4438@ybl,40323673830,YESB0262510,Adya Dhawan,Yes Bank,individual,dev-1638773df947,,True,2026-07-13
jatin4439@okicici,19723955724433,ICIC0439612,Jatin Borra,ICICI Bank,individual,dev-0bc187c9d2b2,gambling_network,False,2026-06-25
rachit4440@cnrb,24414109890,CNRB0677626,Rachit Nagy,Canara Bank,individual,dev-dfd52fe0faa9,,True,2025-05-14
gaba4441@idfcfirst,91589276589,IDFB0147476,Gaba Group Electronics,IDFC First Bank,merchant,dev-7462df7776f6,,True,2023-11-26
nitara4442@kotak,52211314712,KKBK0163013,Nitara Toor,Kotak Mahindra Bank,individual,dev-49d2b2cfaad6,account_takeover,True,2025-08-28
tejas4443@okhdfcbank,45528645237,HDFC0130599,Tejas Sandhu,HDFC Bank,individual,dev-3161cf280715,innocent_bystander,True,2023-12-23
hemani4444@idfcfirst,299131940513509,IDFB0429475,Hemani Khosla,IDFC First Bank,individual,dev-0f1c71a5a4d8,,True,2024-05-20
zayan4445@okhdfcbank,3122372706676,HDFC0316056,Zayan Manda,HDFC Bank,individual,dev-c0556a5133b2,,True,2024-11-05
dhruv4446@idfcfirst,562566543178,IDFB0986031,Dhruv Bhatia,IDFC First Bank,individual,dev-4c02296316aa,,True,2023-08-23
wakeeta4447@barodampay,61327185130260,BARB0523213,Wakeeta Padmanabhan,Bank of Baroda,individual,dev-72287dc40194,,True,2024-10-23
qushi4448@oksbi,976206931594,SBIN0338388,Qushi Buch,State Bank of India,individual,dev-4cf28bf4a685,,True,2025-04-21
advik4449@okaxis,599179741506,UTIB0410799,Advik Chakrabarti,Axis Bank,individual,dev-d478a010f8fb,,True,2025-12-08
janaki4450@kotak,15539969401811,KKBK0681492,Janaki Bhatti,Kotak Mahindra Bank,individual,dev-ce247278ba1c,,True,2024-02-08
eiravati4451@ybl,9471908696,YESB0192418,Eiravati Seshadri,Yes Bank,individual,dev-243337aee64b,,True,2024-03-31
varsha4452@kotak,028744403,KKBK0895060,Varsha Prabhakar,Kotak Mahindra Bank,individual,dev-0c510ca1d10d,,True,2025-01-19
charita4453@pnb,58828534402,PUNB0136970,Charita Suresh,Punjab National Bank,individual,dev-413d5eaf7d2a,,True,2026-05-22
ranveer4454@okhdfcbank,106977375305,HDFC0422012,Ranveer Kari,HDFC Bank,individual,dev-6749f38edecf,innocent_bystander,True,2026-06-30
brijesh4455@cnrb,5074134863969,CNRB0455498,Brijesh Pandit,Canara Bank,individual,dev-ee72d0d964cf,,True,2026-03-08
shroffshenoy4456@okaxis,65646757749309,UTIB0843326,Shroff-Shenoy Grocery,Axis Bank,merchant,dev-80fddf674227,,True,2024-04-30
neha4457@okicici,7215421801320,ICIC0243783,Neha Sheth,ICICI Bank,individual,dev-a54e345df952,,True,2024-08-17
sneha4458@kotak,8285080757314,KKBK0745587,Sneha Dua,Kotak Mahindra Bank,individual,dev-c7044591cc40,,True,2025-09-27
lekha4459@barodampay,1176978765165,BARB0974550,Lekha Saini,Bank of Baroda,individual,dev-8fcebfe817f0,gambling_network,True,2026-07-16
liam4460@ybl,44791605085226,YESB0257888,Liam Nadig,Yes Bank,individual,dev-f116c46266e8,,True,2026-04-18
manthan4461@okicici,929828934209515,ICIC0780268,Manthan Ratta,ICICI Bank,individual,dev-3033b9db32fb,innocent_bystander,True,2025-09-27
akshay4462@okaxis,843244885,UTIB0689772,Akshay Saraf,Axis Bank,individual,dev-ca3c0dbc81f1,,True,2026-07-08
matthew4463@pnb,770296780,PUNB0850128,Matthew Gour,Punjab National Bank,individual,dev-4b8672b65e91,innocent_bystander,True,2025-10-25
girish4464@okaxis,18403021931694,UTIB0182676,Girish Babu,Axis Bank,individual,dev-b31fc879b244,,True,2025-02-28
urmi4465@ybl,125104260028,YESB0552722,Urmi Doctor,Yes Bank,individual,dev-fb4c7a4805ad,,True,2023-08-02
geetika4466@barodampay,10030300557,BARB0454705,Geetika Hora,Bank of Baroda,individual,dev-5a8632dd6757,,True,2025-08-24
widisha4467@pnb,7517179560,PUNB0664834,Widisha Ramanathan,Punjab National Bank,individual,dev-9a14b6260059,,True,2026-06-11
chavvi4468@cnrb,8309380241491406,CNRB0417387,Chavvi Mall,Canara Bank,individual,dev-50528082ac9d,,True,2023-10-14
ranveer4469@ybl,8854859836,YESB0132956,Ranveer Sur,Yes Bank,individual,dev-78d1f60bfffa,,True,2023-10-01
rachita4470@okhdfcbank,6599582510,HDFC0767889,Rachita Saran,HDFC Bank,individual,dev-89a8af90f910,,True,2023-11-25
sura4471@okicici,273129752349,ICIC0324079,Sura Ltd Fashion,ICICI Bank,merchant,dev-c69ec6cfea33,,True,2023-09-13
ira4472@okhdfcbank,4015828103003,HDFC0597864,Ira Cherian,HDFC Bank,individual,dev-1d0179f6e19a,,True,2023-12-25
naik4473@okaxis,607794924743540,UTIB0860777,Naik Ltd Electronics,Axis Bank,merchant,dev-2369e5c2cf22,,True,2025-03-22
manndhaliwal4474@okaxis,13884732967,UTIB0233341,Mann-Dhaliwal Travel,Axis Bank,merchant,dev-c4020b05c2a0,,True,2024-05-22
zilmil4475@cnrb,7333105912021,CNRB0996155,Zilmil Talwar,Canara Bank,individual,dev-f306434453db,,True,2024-01-28
omaja4476@barodampay,26503112077642,BARB0615063,Omaja Swaminathan,Bank of Baroda,individual,dev-a11eb4b2c141,,True,2025-12-13
darika4477@okicici,5966230524,ICIC0424207,Darika Dutt,ICICI Bank,individual,dev-1e25060879e9,,True,2024-03-13
deepa4478@barodampay,000313273,BARB0973587,Deepa Sanghvi,Bank of Baroda,individual,dev-e0700f28cd1c,,True,2026-01-09
kai4479@ybl,222955453123,YESB0267870,Kai Wagle,Yes Bank,individual,dev-dccf9025871a,account_takeover,True,2024-03-11
harita4480@okicici,9910326127578996,ICIC0534875,Harita Prakash,ICICI Bank,individual,dev-d85d69a4438d,,True,2026-07-12
kala4481@ybl,30701177500587,YESB0549857,Kala Solanki,Yes Bank,individual,dev-1fcdca80ced5,,True,2024-08-10
andrew4482@okicici,27553991175736,ICIC0165113,Andrew Sekhon,ICICI Bank,individual,dev-a6e23df6b520,,True,2026-03-05
omisha4483@okhdfcbank,966506125,HDFC0517753,Omisha Koshy,HDFC Bank,individual,dev-686bb939d0d3,,True,2025-01-01
eta4484@okhdfcbank,97258395484,HDFC0063447,Eta Kaur,HDFC Bank,individual,dev-6e9aec256fc2,,True,2024-08-31
vamakshi4485@okaxis,73423165693133,UTIB0479891,Vamakshi Mand,Axis Bank,individual,dev-f88918d8acc8,innocent_bystander,True,2026-06-04
garima4486@ybl,776570080637437,YESB0980483,Garima Hayer,Yes Bank,individual,dev-c4a939c88968,innocent_bystander,True,2024-08-18
ekanta4487@ybl,8008818793336993,YESB0067422,Ekanta Karnik,Yes Bank,individual,dev-3e9d5b685108,,True,2025-05-29
zaid4488@oksbi,23835792682932,SBIN0796325,Zaid Suresh,State Bank of India,individual,dev-0aebb4601137,,True,2025-09-05
anirudh4489@cnrb,4170246207046616,CNRB0012444,Anirudh Munshi,Canara Bank,individual,dev-4a674a096dc4,,True,2024-01-30
leena4490@cnrb,7669874023290,CNRB0668241,Leena Divan,Canara Bank,individual,dev-134d127cf712,,True,2024-12-25
finn4491@okicici,100003666663,ICIC0314127,Finn Wadhwa,ICICI Bank,individual,dev-150add6c93db,,True,2026-04-25
turvi4492@barodampay,8408884600049,BARB0054450,Turvi Lata,Bank of Baroda,individual,dev-cc5cac91690e,,True,2025-05-21
shivani4493@kotak,671019465477903,KKBK0178484,Shivani Ramachandran,Kotak Mahindra Bank,individual,dev-1c09e48b0877,,True,2026-01-23
anya4494@idfcfirst,1539259718379,IDFB0979403,Anya Dhar,IDFC First Bank,individual,dev-c2b987ab16f4,,True,2025-07-25
bhargavasom4495@oksbi,66278056368877,SBIN0493138,Bhargava-Som Travel,State Bank of India,merchant,dev-0f0a8e18aac0,,True,2025-02-07
udant4496@oksbi,37799718048991,SBIN0714689,Udant Aggarwal,State Bank of India,individual,dev-17a12c15682f,,True,2026-02-11
ishani4497@okaxis,87820601219,UTIB0874401,Ishani Subramanian,Axis Bank,individual,dev-38429d8807e9,,True,2025-09-15
anjali4498@barodampay,94080183512,BARB0293424,Anjali Nagarajan,Bank of Baroda,individual,dev-48450d387244,,True,2025-01-25
dipta4499@cnrb,067181906267577,CNRB0331353,Dipta Yadav,Canara Bank,individual,dev-473ee8ded2aa,,True,2023-07-20
raghav4500@pnb,108487637,PUNB0100105,Raghav Dara,Punjab National Bank,individual,dev-1c9a7c4fdb61,,True,2026-07-02
darsh4501@cnrb,35322649806,CNRB0633628,Darsh Hayer,Canara Bank,individual,dev-a343970d2377,,True,2023-12-28
yuvraj4502@pnb,983613539802115,PUNB0752317,Yuvraj Puri,Punjab National Bank,individual,dev-8b639cba08da,,True,2025-11-01
advay4503@okaxis,31787818836,UTIB0073541,Advay Misra,Axis Bank,individual,dev-7275ecdb714c,,True,2024-02-04
samarth4504@oksbi,24279533662399,SBIN0389356,Samarth Dhawan,State Bank of India,individual,dev-734832cc1a89,,True,2023-08-07
aryan4505@ybl,53359027543,YESB0983965,Aryan Balakrishnan,Yes Bank,individual,dev-70dc3ee208d0,,True,2026-05-31
farhan4506@okicici,495486184387398,ICIC0173339,Farhan Pillay,ICICI Bank,individual,dev-d687e68ed48d,,True,2025-06-06
manbir4507@kotak,89119152161,KKBK0264779,Manbir Sekhon,Kotak Mahindra Bank,individual,dev-4106c4a51639,,True,2026-02-05
naksh4508@barodampay,628660703591855,BARB0910840,Naksh Sawhney,Bank of Baroda,individual,dev-2220cc723547,,True,2025-04-12
chokshimahal4509@oksbi,3047590010667,SBIN0207564,Chokshi-Mahal Grocery,State Bank of India,merchant,dev-3fbad2ac2a88,,True,2025-01-24
anya4510@idfcfirst,187115314457,IDFB0277325,Anya Hora,IDFC First Bank,individual,dev-dc1f5ab3d1f1,,True,2025-09-06
setty4511@cnrb,35884842939907,CNRB0866847,"Setty, Mane and Gaba Fuel",Canara Bank,merchant,dev-1caea734f9fe,,True,2025-09-13
ekantika4512@okhdfcbank,433026214837,HDFC0644116,Ekantika Badal,HDFC Bank,individual,dev-7a3c99532aba,,True,2026-05-31
charles4513@pnb,4011082749969,PUNB0402056,Charles Narain,Punjab National Bank,individual,dev-a9b9fe659c2d,innocent_bystander,True,2023-09-04
jyoti4514@pnb,343953353813492,PUNB0203551,Jyoti Dhar,Punjab National Bank,individual,dev-101e3c660d02,,True,2024-04-21
keya4515@okaxis,6545948077,UTIB0719651,Keya Bal,Axis Bank,individual,dev-67d4955e9c64,,True,2024-01-07
ekiya4516@oksbi,34591310722,SBIN0442525,Ekiya Randhawa,State Bank of India,individual,dev-38246c7a99f4,,True,2024-09-14
narain4517@ybl,69597431356811,YESB0633222,Narain PLC Utilities,Yes Bank,merchant,dev-14921704c7f0,,True,2025-11-23
mandal4518@ybl,762138425665333,YESB0900466,Mandal LLC Fashion,Yes Bank,merchant,dev-8454956e0939,,True,2026-05-14
yasti4519@okaxis,32000161340,UTIB0476206,Yasti Bhalla,Axis Bank,individual,dev-4b0422ee0b09,gambling_network,True,2025-07-03
watika4520@okicici,535745757481684,ICIC0544116,Watika Bhatt,ICICI Bank,individual,dev-6a474f9d14d9,,True,2024-07-29
logan4521@ybl,095326130777,YESB0959806,Logan Doshi,Yes Bank,individual,dev-c570ff7cb7be,,True,2026-02-01
nihal4522@cnrb,086897860392045,CNRB0498246,Nihal Keer,Canara Bank,individual,dev-c9a247da1232,innocent_bystander,True,2025-12-15
jagvi4523@kotak,3620207260722109,KKBK0937525,Jagvi Parikh,Kotak Mahindra Bank,individual,dev-9d339c0a8c71,,True,2026-03-11
finn4524@barodampay,51117535774,BARB0804459,Finn Sachar,Bank of Baroda,individual,dev-0c165452a964,,True,2024-06-25
ekaraj4525@ybl,5167625158973,YESB0345221,Ekaraj Tailor,Yes Bank,individual,dev-d40f5fc742f4,,True,2023-10-04
david4526@okaxis,1715003659,UTIB0054598,David Vohra,Axis Bank,individual,dev-7ffe33100a54,,True,2026-01-16
randhawadubey4527@okaxis,3049930638,UTIB0063467,Randhawa-Dubey Grocery,Axis Bank,merchant,dev-508dc3186696,,True,2026-04-18
sarthak4528@barodampay,7621881619,BARB0280983,Sarthak Sen,Bank of Baroda,individual,dev-c1d7f72b70b7,,True,2024-02-10
jack4529@okicici,5890834405974,ICIC0022957,Jack Lal,ICICI Bank,individual,dev-52d0aebdcb76,,True,2025-05-23
wriddhish4530@kotak,58853583947,KKBK0179796,Wriddhish Bhalla,Kotak Mahindra Bank,individual,dev-052b23fc3d32,,True,2024-01-10
charles4531@ybl,9722877094,YESB0719466,Charles Kar,Yes Bank,individual,dev-a207452e959c,,True,2025-03-29
brijesh4532@ybl,184821265623,YESB0666599,Brijesh Basak,Yes Bank,individual,dev-e5dbcf801338,,True,2023-07-18
viraj4533@okhdfcbank,963378792444,HDFC0020963,Viraj Dua,HDFC Bank,individual,dev-69e70039fe16,,True,2025-07-21
xiti4534@okaxis,0070116327,UTIB0221622,Xiti Nagarajan,Axis Bank,individual,dev-e59c0ef0bd91,,True,2024-03-14
lila4535@cnrb,821611995657567,CNRB0794136,Lila Randhawa,Canara Bank,individual,dev-41413b988f60,,True,2026-04-29
yashvi4536@okhdfcbank,183579587335777,HDFC0045654,Yashvi Mann,HDFC Bank,individual,dev-7f781c6c8269,,True,2025-11-28
arjun4537@ybl,832997152103,YESB0093497,Arjun Sachdeva,Yes Bank,individual,dev-898b34175138,,True,2024-06-13
banjeet4538@cnrb,58641665148,CNRB0953816,Banjeet Iyengar,Canara Bank,individual,dev-bba3f27c5074,,True,2026-05-11
banik4539@oksbi,363344745,SBIN0406715,"Banik, Joshi and Karpe Electronics",State Bank of India,merchant,dev-6659b0a427c6,,True,2026-06-19
abhimanyu4540@oksbi,1033685582458,SBIN0351298,Abhimanyu Palla,State Bank of India,individual,dev-bb682a80e6e0,,True,2026-01-18
jhalak4541@idfcfirst,0968018829,IDFB0153671,Jhalak Upadhyay,IDFC First Bank,individual,dev-ece33c4ee31c,innocent_bystander,True,2025-04-18
mekhala4542@pnb,122213636085746,PUNB0564413,Mekhala Kala,Punjab National Bank,individual,dev-b36e1729cc14,,False,2024-12-11
abhimanyu4543@ybl,738278544315670,YESB0660486,Abhimanyu Manda,Yes Bank,individual,dev-3943024a0236,,True,2026-02-05
kavya4544@cnrb,1360934625993,CNRB0991190,Kavya Vaidya,Canara Bank,individual,dev-55a1261d8f5f,,True,2024-02-28
duttajaggi4545@kotak,4378578488140770,KKBK0009981,Dutta-Jaggi Utilities,Kotak Mahindra Bank,merchant,dev-e7dc5b9b630d,,True,2023-09-07
gaurika4546@cnrb,6040545928744367,CNRB0031847,Gaurika Hayre,Canara Bank,individual,dev-05ffeefd6e9b,,True,2024-11-20
abha4547@okicici,8658685432,ICIC0062617,Abha Ramaswamy,ICICI Bank,individual,dev-e25a6a49583f,,True,2024-07-02
bhavika4548@pnb,1016700987,PUNB0690676,Bhavika Seth,Punjab National Bank,individual,dev-7966e46a6b5e,,True,2024-08-30
sanaya4549@idfcfirst,359792843081,IDFB0484065,Sanaya Vala,IDFC First Bank,individual,dev-cb94e8f8e6eb,gambling_network,True,2023-10-01
samarth4550@okicici,83502779151,ICIC0746441,Samarth Goyal,ICICI Bank,individual,dev-4e3dee256d0c,,True,2026-02-14
benjamin4551@ybl,21309821807,YESB0131806,Benjamin Ram,Yes Bank,individual,dev-2dcc61135559,,True,2023-12-22
samesh4552@pnb,750229358068853,PUNB0184559,Samesh Iyengar,Punjab National Bank,individual,dev-414d5497c607,,True,2023-08-20
tanish4553@pnb,9999884100,PUNB0704244,Tanish Mitter,Punjab National Bank,individual,dev-8f082a3290eb,,True,2024-08-14
ubika4554@ybl,26559598126174,YESB0308671,Ubika Bhagat,Yes Bank,individual,dev-4baadc8805b4,,True,2023-10-06
zayyan4555@kotak,8019756050656,KKBK0689076,Zayyan Kalla,Kotak Mahindra Bank,individual,dev-564efcff2221,,True,2025-12-25
dayita4556@kotak,40600741778,KKBK0813979,Dayita Arora,Kotak Mahindra Bank,individual,dev-d0237d8906a5,,True,2025-05-11
pratyush4557@pnb,60296901600369,PUNB0973976,Pratyush Nath,Punjab National Bank,individual,dev-0b44697145d6,,True,2025-12-11
tata4558@okaxis,357176587,UTIB0712585,Tata Ltd Food & Dining,Axis Bank,merchant,dev-ec32068041a7,,True,2026-05-13
falak4559@ybl,119254723891445,YESB0521635,Falak Shankar,Yes Bank,individual,dev-1f51910c5c81,,True,2024-08-29
noah4560@idfcfirst,228813082551,IDFB0356651,Noah Swamy,IDFC First Bank,individual,dev-5554731cfcb1,,True,2024-05-31
bhavika4561@ybl,927886265,YESB0662337,Bhavika Kothari,Yes Bank,individual,dev-289d375809ad,,True,2024-11-05
hredhaan4562@kotak,4292434563376,KKBK0585123,Hredhaan Acharya,Kotak Mahindra Bank,individual,dev-fc7ce484e6aa,,True,2025-04-07
chandresh4563@pnb,10924921732,PUNB0779435,Chandresh Apte,Punjab National Bank,individual,dev-a6f400445a75,,True,2025-02-19
aadi4564@ybl,36672740700705,YESB0335143,Aadi Mitter,Yes Bank,individual,dev-93077ef11c89,,True,2026-03-12
rajdutta4565@okhdfcbank,53275437917467,HDFC0322093,Raj-Dutta Fuel,HDFC Bank,merchant,dev-8a273a33a1bd,,True,2023-08-20
bera4566@idfcfirst,9415792200723,IDFB0446471,Bera LLC Electronics,IDFC First Bank,merchant,dev-be9ddb130955,,True,2024-05-29
rayaan4567@cnrb,170427271,CNRB0608366,Rayaan Sampath,Canara Bank,individual,dev-be9a4431a80a,innocent_bystander,True,2025-03-28
faqid4568@barodampay,8654766300,BARB0736629,Faqid Mammen,Bank of Baroda,individual,dev-f484b2d281fa,,True,2023-09-12
anthony4569@oksbi,97140862747045,SBIN0104602,Anthony Mishra,State Bank of India,individual,dev-77f50d671e94,,True,2026-03-20
jagdish4570@barodampay,9831659902563,BARB0282315,Jagdish Mittal,Bank of Baroda,individual,dev-81f9c273b5e7,,True,2025-12-31
adya4571@pnb,5173701221601,PUNB0615009,Adya Shan,Punjab National Bank,individual,dev-5342eda802b0,,True,2025-08-21
jai4572@ybl,689062000488766,YESB0017839,Jai Balasubramanian,Yes Bank,individual,dev-bf9d7ed260a7,account_takeover,True,2026-01-04
ghoshatwal4573@ybl,44430332149169,YESB0961694,Ghosh-Atwal Electronics,Yes Bank,merchant,dev-985f005187d7,,True,2025-02-19
gabriel4574@cnrb,302177031871,CNRB0693785,Gabriel Keer,Canara Bank,individual,dev-9e5b20d037f2,,True,2025-02-04
mahajanmadan4575@barodampay,25103154498412,BARB0746530,Mahajan-Madan Pharmacy,Bank of Baroda,merchant,dev-82caf6d70168,,True,2026-03-09
varsha4576@okhdfcbank,06271924009788,HDFC0650995,Varsha Bhatnagar,HDFC Bank,individual,dev-ecc57aa56495,,True,2024-05-12
tanveer4577@pnb,3086456019019,PUNB0784795,Tanveer Bhattacharyya,Punjab National Bank,individual,dev-e23d199f9f00,,True,2025-12-03
krishna4578@barodampay,64533143237,BARB0787000,Krishna Balan,Bank of Baroda,individual,dev-d86fefcdcf16,innocent_bystander,True,2024-08-06
widisha4579@ybl,691248242720,YESB0474698,Widisha Sankaran,Yes Bank,individual,dev-54455a0096f4,innocent_bystander,True,2026-06-19
nitara4580@ybl,041910744,YESB0265779,Nitara Gill,Yes Bank,individual,dev-aaff3f004290,,True,2023-09-15
chaitanya4581@pnb,8227162846413851,PUNB0067466,Chaitanya Bhatnagar,Punjab National Bank,individual,dev-a85a75158610,,True,2023-09-28
baghyawati4582@idfcfirst,55181647457,IDFB0009884,Baghyawati Srinivas,IDFC First Bank,individual,dev-9c914d369d8e,,True,2025-11-04
loke4583@cnrb,2428863124879452,CNRB0689280,Loke Inc Electronics,Canara Bank,merchant,dev-941ebda4e8e7,,True,2025-05-05
magar4584@kotak,3723105011649612,KKBK0225905,"Magar, Guha and Keer Home Services",Kotak Mahindra Bank,merchant,dev-e9ecbb749c47,,True,2026-04-03
aarav4585@okaxis,31311381880,UTIB0275603,Aarav Basu,Axis Bank,individual,dev-40179a93b8d5,,False,2023-08-03
vrinda4586@kotak,4447491455,KKBK0456889,Vrinda Kata,Kotak Mahindra Bank,individual,dev-bc5a0ff96c49,,True,2025-11-24
bhavini4587@okhdfcbank,141444442866,HDFC0407742,Bhavini Patla,HDFC Bank,individual,dev-3b60dacb104c,,True,2023-10-10
jhalak4588@okhdfcbank,9666102207031695,HDFC0559435,Jhalak Shan,HDFC Bank,individual,dev-a385a9942384,,True,2025-10-16
nihal4589@okaxis,488759117823220,UTIB0205035,Nihal Prakash,Axis Bank,individual,dev-1eea6db07de8,,True,2025-01-21
madhav4590@okaxis,2400781662420,UTIB0821429,Madhav Nagi,Axis Bank,individual,dev-7eb12f4d0758,gambling_network,True,2024-05-03
niharika4591@oksbi,2144980529209766,SBIN0725683,Niharika Ghosh,State Bank of India,individual,dev-c017503ef8da,,True,2026-03-09
kashish4592@okicici,00272491167,ICIC0373780,Kashish Sibal,ICICI Bank,individual,dev-d537f331c748,,True,2024-02-06
brinda4593@okhdfcbank,5671485256971567,HDFC0037371,Brinda Divan,HDFC Bank,individual,dev-9e222b488032,innocent_bystander,True,2024-05-22
nikita4594@pnb,4398932588,PUNB0514734,Nikita Parsa,Punjab National Bank,individual,dev-e2687f90e264,,True,2023-08-15
gabriel4595@ybl,7244843386103,YESB0820531,Gabriel Kulkarni,Yes Bank,individual,dev-3b3445deab2d,innocent_bystander,True,2025-05-11
natarajan4596@oksbi,008401889668906,SBIN0756903,Natarajan LLC Pharmacy,State Bank of India,merchant,dev-b8cf25fbd825,,True,2025-07-08
shravya4597@cnrb,488661331560,CNRB0460681,Shravya Zacharia,Canara Bank,individual,dev-f23da982a65e,innocent_bystander,True,2024-02-02
brijesh4598@okicici,45995754209,ICIC0891644,Brijesh Oza,ICICI Bank,individual,dev-879a9864653b,,True,2025-08-17
harita4599@barodampay,25804788491,BARB0816648,Harita Zachariah,Bank of Baroda,individual,dev-5aa3d231cf21,,True,2025-01-02
liam4600@ybl,90158062282,YESB0187006,Liam Jha,Yes Bank,individual,dev-e134cff6b707,,True,2024-12-31
finn4601@cnrb,8099142581613,CNRB0547624,Finn Saini,Canara Bank,individual,dev-97d8e076f424,,True,2024-08-13
yachana4602@kotak,646181162962,KKBK0973461,Yachana Barman,Kotak Mahindra Bank,individual,dev-237fb6e9d601,innocent_bystander,True,2026-05-27
aayush4603@barodampay,39101048408970,BARB0226205,Aayush Kumar,Bank of Baroda,individual,dev-4b30c81cdea2,,True,2026-04-05
utkarsh4604@okaxis,0585242659092124,UTIB0749492,Utkarsh Natt,Axis Bank,individual,dev-b93fa3973a1d,,True,2024-01-21
jackson4605@cnrb,176579817079,CNRB0931586,Jackson Nanda,Canara Bank,individual,dev-77682c724d7e,,True,2024-06-27
megha4606@okicici,8138615311238218,ICIC0491465,Megha Virk,ICICI Bank,individual,dev-a495dcfc250a,innocent_bystander,True,2025-11-03
theodore4607@okhdfcbank,2714291527548,HDFC0666240,Theodore Panchal,HDFC Bank,individual,dev-56753ba828f1,,True,2026-02-03
hitesh4608@okicici,6049128610153100,ICIC0353223,Hitesh Kara,ICICI Bank,individual,dev-dcccde3ae247,innocent_bystander,True,2024-05-28
nachiket4609@okhdfcbank,88096891953966,HDFC0616331,Nachiket Guha,HDFC Bank,individual,dev-ab69ada17f2c,innocent_bystander,True,2024-02-03
yamini4610@pnb,948703871294,PUNB0741293,Yamini Chokshi,Punjab National Bank,individual,dev-40f88c7cb299,innocent_bystander,True,2023-09-22
maanas4611@ybl,801298245,YESB0276721,Maanas Bora,Yes Bank,individual,dev-6642c9b22558,account_takeover,True,2024-03-24
wyatt4612@okaxis,774370416,UTIB0677106,Wyatt Ravi,Axis Bank,individual,dev-1d57f6d9ec54,,True,2024-06-24
shaurya4613@cnrb,913102636,CNRB0739037,Shaurya Char,Canara Bank,individual,dev-1626249e667d,,True,2024-04-05
bajwa4614@okicici,229585816263591,ICIC0726214,Bajwa Inc Fashion,ICICI Bank,merchant,dev-22e231ba7985,,True,2025-11-16
chakrika4615@pnb,62082935737,PUNB0288331,Chakrika Dara,Punjab National Bank,individual,dev-bf5287720c9c,,True,2023-11-18
quincy4616@oksbi,455211905768,SBIN0125454,Quincy Bora,State Bank of India,individual,dev-c3b9186417bc,,True,2024-10-06
zehaan4617@cnrb,883984175667,CNRB0970386,Zehaan Sethi,Canara Bank,individual,dev-a195855251d6,,True,2024-12-16
pahal4618@okhdfcbank,398696426,HDFC0528254,Pahal Parmar,HDFC Bank,individual,dev-ef58af52eb6c,,True,2026-01-14
rau4619@okicici,2605257147,ICIC0767119,"Rau, Anne and Mital Fuel",ICICI Bank,merchant,dev-b3c3b94db8cb,,True,2025-04-10
lipika4620@okicici,98175441905969,ICIC0919030,Lipika Prasad,ICICI Bank,individual,dev-a233cf063152,,True,2025-12-19
daksha4621@okhdfcbank,34110303326,HDFC0146600,Daksha Sangha,HDFC Bank,individual,dev-1da76a36fee3,,True,2023-11-22
benjamin4622@idfcfirst,69873369369,IDFB0769345,Benjamin Swamy,IDFC First Bank,individual,dev-ed80b0f57ed3,,True,2024-01-11
xalak4623@cnrb,111960545843,CNRB0361121,Xalak Nagarajan,Canara Bank,individual,dev-19fa79b47139,,True,2024-10-15
azaan4624@kotak,949455771818,KKBK0700292,Azaan Kumer,Kotak Mahindra Bank,individual,dev-33f2d0959835,,True,2026-03-26
leela4625@cnrb,977677708311,CNRB0941849,Leela Yohannan,Canara Bank,individual,dev-bf2e8dd3c65f,innocent_bystander,True,2024-03-30
pahal4626@okicici,58400762634,ICIC0205456,Pahal Panchal,ICICI Bank,individual,dev-ece2500c4f6d,,True,2026-02-05
avi4627@pnb,894742229048503,PUNB0626304,Avi Rai,Punjab National Bank,individual,dev-54c8831e9860,gambling_network,True,2023-08-22
vinaya4628@okaxis,979607645,UTIB0336950,Vinaya Chadha,Axis Bank,individual,dev-95ee16eee9b1,,True,2024-06-03
zayyan4629@pnb,805936313442956,PUNB0556238,Zayyan Chanda,Punjab National Bank,individual,dev-a7964059fb21,,True,2026-04-18
yatan4630@okaxis,77719159203,UTIB0013580,Yatan Chandra,Axis Bank,individual,dev-a619c59a8f45,,True,2024-02-02
ladli4631@barodampay,2213470333569011,BARB0283407,Ladli Nazareth,Bank of Baroda,individual,dev-c81d37093e29,,True,2024-08-20
upasna4632@okicici,9014504368,ICIC0581025,Upasna Banerjee,ICICI Bank,individual,dev-adc7a0efd85a,,True,2023-11-09
dayita4633@okaxis,79342918691112,UTIB0226197,Dayita Seth,Axis Bank,individual,dev-2977ff5ea2d2,,True,2024-12-08
nirja4634@cnrb,58496320077,CNRB0480540,Nirja Chandran,Canara Bank,individual,dev-be877e267cb8,,True,2024-08-02
kabir4635@okhdfcbank,9693753694625627,HDFC0755248,Kabir Bala,HDFC Bank,individual,dev-10d450da0d90,innocent_bystander,True,2023-12-13
ekapad4636@oksbi,2944008633,SBIN0445199,Ekapad Thakkar,State Bank of India,individual,dev-245ac3cdf736,account_takeover,True,2024-09-15
ubika4637@okaxis,42414766564,UTIB0941132,Ubika Maharaj,Axis Bank,individual,dev-cb0aa1a7db85,,True,2024-06-04
chanakya4638@barodampay,9704732515636724,BARB0589463,Chanakya Kulkarni,Bank of Baroda,individual,dev-b7321ba9c635,,True,2025-04-08
zansi4639@okicici,116293028148,ICIC0869004,Zansi Swaminathan,ICICI Bank,individual,dev-64e69029295e,,True,2025-12-07
siya4640@barodampay,30739783951,BARB0128132,Siya Memon,Bank of Baroda,individual,dev-67fa0eed53a1,,True,2026-03-19
balveer4641@ybl,601512738700200,YESB0496634,Balveer Mannan,Yes Bank,individual,dev-3071d01f4748,,True,2024-08-07
narula4642@okhdfcbank,4894370545474,HDFC0229954,"Narula, Sandhu and Choudhary Home Services",HDFC Bank,merchant,dev-062db776af8f,,True,2025-09-05
faraj4643@okaxis,68839174456,UTIB0868585,Faraj Issac,Axis Bank,individual,dev-e7c7344858b3,,True,2026-06-17
vedika4644@okicici,3295045435,ICIC0772409,Vedika Krish,ICICI Bank,individual,dev-bcd139bd6ce8,,True,2024-05-15
lila4645@kotak,0953591168980,KKBK0574807,Lila Goda,Kotak Mahindra Bank,individual,dev-15eabc40635d,innocent_bystander,True,2025-01-06
caleb4646@okaxis,39230748114069,UTIB0954640,Caleb Mittal,Axis Bank,individual,dev-186bc45b3845,,True,2026-07-14
udant4647@barodampay,70414855178,BARB0161291,Udant Oak,Bank of Baroda,individual,dev-8dc2e9b6cd48,,True,2026-01-26
veer4648@okaxis,5978162205968,UTIB0672978,Veer Saxena,Axis Bank,individual,dev-da359a179411,,True,2025-07-19
harrison4649@ybl,6899155407703,YESB0842701,Harrison Gala,Yes Bank,individual,dev-5943bf469321,,True,2026-07-09
deo4650@pnb,8368480935282011,PUNB0616632,Deo Ltd Grocery,Punjab National Bank,merchant,dev-af3fe9a1fd47,,True,2024-01-15
bajwa4651@okhdfcbank,9041548784,HDFC0326577,"Bajwa, Sarma and Taneja Electronics",HDFC Bank,merchant,dev-698363a6158e,,True,2024-11-26
qushi4652@oksbi,7829650524,SBIN0028345,Qushi Bail,State Bank of India,individual,dev-f48e75cacd71,,True,2024-07-10
hitesh4653@okhdfcbank,7365618467644558,HDFC0765952,Hitesh Sahota,HDFC Bank,individual,dev-c89fdca87ce7,account_takeover,True,2024-01-12
bahadurjit4654@barodampay,7984194733,BARB0567969,Bahadurjit Mallick,Bank of Baroda,individual,dev-ac1ca3b3d3c5,,True,2024-09-02
samibhavsar4655@barodampay,8217797988,BARB0772027,Sami-Bhavsar Home Services,Bank of Baroda,merchant,dev-d965e36c79c5,,True,2026-02-07
gagan4656@kotak,605314189333,KKBK0843592,Gagan Lall,Kotak Mahindra Bank,individual,dev-c143c3060b70,,True,2024-08-09
vaishnavi4657@oksbi,1861267702559721,SBIN0044034,Vaishnavi Rattan,State Bank of India,individual,dev-c494c0853a12,gambling_network,True,2024-09-25
laksh4658@pnb,97105193247314,PUNB0472245,Laksh Dara,Punjab National Bank,individual,dev-e10d81f11c16,,True,2026-02-02
neel4659@ybl,60496708373657,YESB0936553,Neel Chadha,Yes Bank,individual,dev-d0fe7986518f,,True,2025-06-11
ronith4660@okicici,1579536472,ICIC0305156,Ronith Sehgal,ICICI Bank,individual,dev-33533649094b,,True,2025-01-18
adya4661@kotak,839469174,KKBK0278841,Adya Sridhar,Kotak Mahindra Bank,individual,dev-9bcc566ab853,gambling_network,True,2023-12-04
qasim4662@ybl,2703289399324,YESB0865669,Qasim Sachdev,Yes Bank,individual,dev-1d05a6d81b3d,,True,2025-07-10
balveer4663@kotak,42019842122870,KKBK0008183,Balveer Kata,Kotak Mahindra Bank,individual,dev-6269c0b7f1fe,,True,2026-01-10
manan4664@barodampay,21889951457,BARB0433201,Manan Mital,Bank of Baroda,individual,dev-00560a0ad8e1,,True,2024-03-22
raman4665@pnb,29266730152,PUNB0310625,Raman Inc Travel,Punjab National Bank,merchant,dev-b7aa631c2a15,,True,2024-09-22
darpan4666@okaxis,77265582346,UTIB0697536,Darpan Uppal,Axis Bank,individual,dev-1779badc7291,innocent_bystander,True,2025-02-23
chowdhury4667@barodampay,4321347171,BARB0634723,Chowdhury PLC Travel,Bank of Baroda,merchant,dev-becb24611797,,True,2024-08-17
aditya4668@idfcfirst,8882818506981,IDFB0845885,Aditya Mitter,IDFC First Bank,individual,dev-a50929de74c2,,True,2023-11-11
ekaja4669@pnb,87146412537,PUNB0662689,Ekaja Kohli,Punjab National Bank,individual,dev-7d627b40a162,,True,2024-08-14
tanay4670@ybl,0681031122498187,YESB0372433,Tanay Gulati,Yes Bank,individual,dev-99ac2769111a,,True,2026-07-05
vanya4671@barodampay,9727139309,BARB0033156,Vanya Srinivas,Bank of Baroda,individual,dev-7f68e6fad185,gambling_network,True,2024-05-11
hardik4672@idfcfirst,06278324022074,IDFB0859722,Hardik Gera,IDFC First Bank,individual,dev-1977444adcf2,,True,2025-09-29
ekavir4673@barodampay,3638098023356180,BARB0587075,Ekavir Dhingra,Bank of Baroda,individual,dev-d0bfb8bf5f59,,False,2024-02-17
yashvi4674@okhdfcbank,67770883583163,HDFC0703855,Yashvi Dhillon,HDFC Bank,individual,dev-4dcda267fb63,,True,2025-03-24
vanya4675@ybl,149913603984431,YESB0691441,Vanya Varghese,Yes Bank,individual,dev-37a892267a27,,True,2024-12-20
nitesh4676@okaxis,076208508842262,UTIB0543928,Nitesh Koshy,Axis Bank,individual,dev-853fd904eabd,,True,2026-04-21
janaki4677@kotak,0530296199,KKBK0281402,Janaki Kar,Kotak Mahindra Bank,individual,dev-8827957abb05,,True,2024-03-08
niharika4678@ybl,309638027,YESB0919347,Niharika Bhasin,Yes Bank,individual,dev-bf97c155a19a,gambling_network,True,2025-08-20
brijesh4679@oksbi,6106713718,SBIN0610477,Brijesh Nagi,State Bank of India,individual,dev-723636b9d282,,True,2023-10-27
balahans4680@okicici,2307930603,ICIC0100641,Bala-Hans Fashion,ICICI Bank,merchant,dev-2d0c43a21aa9,,True,2026-05-15
mahika4681@barodampay,1495464461789795,BARB0413609,Mahika Sengupta,Bank of Baroda,individual,dev-acdc25b24423,,True,2026-06-02
kar4682@barodampay,9517694935,BARB0325131,"Kar, Datta and Srinivas Pharmacy",Bank of Baroda,merchant,dev-e5dbfa4fe572,,True,2025-11-02
nakul4683@pnb,3086923237810618,PUNB0103130,Nakul Khurana,Punjab National Bank,individual,dev-c6eff04ca8a8,,True,2026-02-24
widisha4684@kotak,1215819053931506,KKBK0147088,Widisha Borde,Kotak Mahindra Bank,individual,dev-6e61b6620746,,True,2025-01-29
azaan4685@ybl,81827994146,YESB0470697,Azaan Sahni,Yes Bank,individual,dev-78adc8c3a62e,,True,2024-07-16
chad4686@okicici,951501208657,ICIC0612614,Chad Ltd Home Services,ICICI Bank,merchant,dev-733d659d3c10,,True,2025-11-29
balveer4687@okaxis,8046013872314802,UTIB0295463,Balveer Pingle,Axis Bank,individual,dev-b94143024541,innocent_bystander,True,2024-04-02
maya4688@ybl,804064698737,YESB0540878,Maya Mand,Yes Bank,individual,dev-284272ab8c2b,,True,2023-12-21
harita4689@cnrb,4097335798001,CNRB0384753,Harita Mitter,Canara Bank,individual,dev-360d9a0b1671,,True,2023-10-04
darika4690@okaxis,9967476529016380,UTIB0699575,Darika Singhal,Axis Bank,individual,dev-819a193df25d,,True,2024-07-05
sura4691@ybl,4840641239812021,YESB0524082,"Sura, Raju and Devan Food & Dining",Yes Bank,merchant,dev-9f4625103ecf,,True,2023-11-07
geetika4692@okaxis,2338223471296,UTIB0338178,Geetika Chand,Axis Bank,individual,dev-3c2dfdf8141d,,True,2025-03-31
hema4693@okhdfcbank,8375425394403967,HDFC0672786,Hema Walia,HDFC Bank,individual,dev-2c73de79d516,,True,2025-01-19
zayan4694@okaxis,089718286514,UTIB0133551,Zayan Loyal,Axis Bank,individual,dev-253b0fb52d2f,,True,2025-05-31
bhavya4695@idfcfirst,280940903272,IDFB0646434,Bhavya Varghese,IDFC First Bank,individual,dev-1614fb160df5,,True,2023-09-24
dhriti4696@barodampay,643238744258,BARB0199759,Dhriti Naik,Bank of Baroda,individual,dev-47d1c6955838,,True,2023-10-25
rayaan4697@okaxis,66384265519,UTIB0362528,Rayaan Pall,Axis Bank,individual,dev-05a0ab8d8a5e,,True,2025-10-22
handanayak4698@oksbi,854796468,SBIN0283926,Handa-Nayak Food & Dining,State Bank of India,merchant,dev-58acf4abca02,,True,2026-04-01
arya4699@okicici,0264361904,ICIC0788187,Arya Lalla,ICICI Bank,individual,dev-ebe1cec29004,innocent_bystander,True,2024-08-31
raghav4700@kotak,6277522082405253,KKBK0768893,Raghav Dewan,Kotak Mahindra Bank,individual,dev-ccd206f453ba,,True,2023-09-02
merchant4701@ybl,625515254340,YESB0970770,"Merchant, Gupta and Pathak Grocery",Yes Bank,merchant,dev-c31c5495ac41,,False,2026-07-13
samarth4702@cnrb,385829852501,CNRB0532743,Samarth Shere,Canara Bank,individual,dev-032efcf7b6b3,innocent_bystander,True,2026-03-04
jacob4703@ybl,011429043177,YESB0053728,Jacob Manne,Yes Bank,individual,dev-75aa838aba19,account_takeover,True,2023-11-05
samesh4704@kotak,825097992,KKBK0410300,Samesh Nazareth,Kotak Mahindra Bank,individual,dev-3f940fe22312,,True,2025-01-06
watika4705@cnrb,236849912521,CNRB0789323,Watika Prasad,Canara Bank,individual,dev-95dfa9e228d1,,True,2025-01-11
manya4706@okicici,96271133944646,ICIC0415376,Manya Sule,ICICI Bank,individual,dev-c5db617ee0b3,,True,2024-02-08
tripti4707@barodampay,6929937202142,BARB0957535,Tripti Yogi,Bank of Baroda,individual,dev-83f601804df0,,True,2025-03-03
madhav4708@oksbi,747444046,SBIN0822497,Madhav Kumar,State Bank of India,individual,dev-c2feb0975364,,True,2025-04-01
zayyan4709@okicici,669977273294,ICIC0638993,Zayyan Dash,ICICI Bank,individual,dev-f319cda2aa34,,True,2026-01-19
ramaswamyaggarwal4710@ybl,753552558160286,YESB0228971,Ramaswamy-Aggarwal Fuel,Yes Bank,merchant,dev-74960ba4571a,,True,2025-09-07
ranbir4711@okaxis,7513857293,UTIB0954689,Ranbir Kumar,Axis Bank,individual,dev-b6478068199b,,True,2023-11-29
suhani4712@pnb,92153360440689,PUNB0945207,Suhani Malhotra,Punjab National Bank,individual,dev-835fb51cfa93,account_takeover,True,2024-04-26
rushil4713@kotak,9887307761976406,KKBK0379081,Rushil Lata,Kotak Mahindra Bank,individual,dev-d0cc7e0feff7,,True,2025-08-01
prisha4714@okhdfcbank,2847451723,HDFC0259632,Prisha Suri,HDFC Bank,individual,dev-9ca8a2b402c1,,True,2023-08-19
vamakshi4715@pnb,9037523420607799,PUNB0943905,Vamakshi Sarkar,Punjab National Bank,individual,dev-f8a82c97ce58,,True,2025-04-06
munshidar4716@ybl,6797269852,YESB0102050,Munshi-Dar Food & Dining,Yes Bank,merchant,dev-b8c7e657f2f7,,True,2024-07-31
pratyush4717@kotak,69612290265070,KKBK0083679,Pratyush Das,Kotak Mahindra Bank,individual,dev-2f91abd2c596,,True,2025-10-14
chatura4718@okaxis,3086587482,UTIB0635923,Chatura Barman,Axis Bank,individual,dev-e291ca7003d6,,True,2025-06-13
arunima4719@kotak,86347667035,KKBK0263825,Arunima Chokshi,Kotak Mahindra Bank,individual,dev-934081c34106,,True,2026-02-14
joshua4720@barodampay,0239021865832787,BARB0012061,Joshua Char,Bank of Baroda,individual,dev-2799a945e991,,True,2024-04-18
samarth4721@oksbi,869667489,SBIN0664023,Samarth Baral,State Bank of India,individual,dev-a26e2e5bb304,,True,2026-03-16
advaith4722@kotak,502775792273659,KKBK0082061,Advaith Choudhury,Kotak Mahindra Bank,individual,dev-5397c9d024cf,innocent_bystander,True,2026-06-18
aradhana4723@cnrb,071826100482231,CNRB0275562,Aradhana Mane,Canara Bank,individual,dev-168f935e21f7,,True,2026-05-01
wridesh4724@cnrb,7192721295,CNRB0502123,Wridesh Kashyap,Canara Bank,individual,dev-81f2fe9210e6,,True,2026-02-28
amara4725@okaxis,21129084887315,UTIB0514709,Amara Pandya,Axis Bank,individual,dev-6c9dfb41b9e9,,True,2026-03-04
max4726@kotak,89038912914808,KKBK0790886,Max Bajaj,Kotak Mahindra Bank,individual,dev-2de7bfe17bd4,,True,2024-12-23
thomas4727@oksbi,5502629033192,SBIN0906667,Thomas Garg,State Bank of India,individual,dev-0d39b3a293ed,,True,2024-12-05
samar4728@idfcfirst,44902495487,IDFB0763142,Samar Badal,IDFC First Bank,individual,dev-7c60d5a32b99,,True,2025-04-14
gavin4729@pnb,967196877123544,PUNB0534268,Gavin Madan,Punjab National Bank,individual,dev-6d95e863dae6,,True,2024-05-28
dashchandran4730@cnrb,5303681217387,CNRB0948794,Dash-Chandran Grocery,Canara Bank,merchant,dev-a2b1d00c79ca,,True,2024-08-02
niharika4731@okicici,71071284038,ICIC0657459,Niharika Kant,ICICI Bank,individual,dev-5dae1ec52b6c,,False,2024-11-23
tripti4732@ybl,91405476391,YESB0069319,Tripti Gandhi,Yes Bank,individual,dev-d35b382bb65c,,True,2026-06-19
thomas4733@idfcfirst,743057125285429,IDFB0716413,Thomas Mammen,IDFC First Bank,individual,dev-52bd2493d093,,True,2023-12-30
aarush4734@pnb,0228351758,PUNB0601228,Aarush Khare,Punjab National Bank,individual,dev-78df95ca6fb6,,True,2025-02-02
radhika4735@okaxis,2701156018370437,UTIB0648012,Radhika Raju,Axis Bank,individual,dev-f90a1e12524a,,False,2026-04-24
tanay4736@oksbi,6224527817412,SBIN0920396,Tanay Kata,State Bank of India,individual,dev-60f4a92781e7,,True,2025-09-14
finn4737@cnrb,71003389699424,CNRB0014683,Finn Rege,Canara Bank,individual,dev-3f7a6ba5a80a,gambling_network,True,2024-04-02
saanvi4738@ybl,759462315,YESB0368131,Saanvi Doctor,Yes Bank,individual,dev-423976b52eab,,True,2023-09-18
lajita4739@barodampay,64904325325,BARB0219807,Lajita Bajaj,Bank of Baroda,individual,dev-8849efc082cb,,True,2023-12-16
samesh4740@kotak,951895584,KKBK0080343,Samesh Swamy,Kotak Mahindra Bank,individual,dev-d2ea13bd743b,,True,2025-06-19
hema4741@okaxis,42336979107954,UTIB0509168,Hema Nagy,Axis Bank,individual,dev-5ad3b227fa77,,True,2025-03-31
xalak4742@cnrb,0833701999035,CNRB0312441,Xalak Tripathi,Canara Bank,individual,dev-e90ca21507ab,,True,2026-01-02
riya4743@cnrb,232191582,CNRB0328727,Riya Jha,Canara Bank,individual,dev-c9020e939f88,,True,2024-12-06
maanas4744@okaxis,0104728683523934,UTIB0745373,Maanas Brahmbhatt,Axis Bank,individual,dev-8f01fe460bea,innocent_bystander,True,2024-08-25
om4745@pnb,951623855,PUNB0558030,Om Raval,Punjab National Bank,individual,dev-59128a3e2e0a,,True,2025-08-27
tejas4746@pnb,7372972335381,PUNB0141593,Tejas Murthy,Punjab National Bank,individual,dev-2922fb0cda82,,True,2025-11-06
nidhi4747@okicici,8894054788884626,ICIC0548766,Nidhi Mahal,ICICI Bank,individual,dev-18b16b0b23d7,,True,2025-09-08
bina4748@oksbi,438880903262,SBIN0596310,Bina Kashyap,State Bank of India,individual,dev-e02339e48eec,,True,2023-07-17
upasna4749@okhdfcbank,447780728,HDFC0907915,Upasna Bajwa,HDFC Bank,individual,dev-497b3519b230,account_takeover,True,2024-02-11
dhruv4750@pnb,63254136122483,PUNB0127606,Dhruv Sethi,Punjab National Bank,individual,dev-efb9f70c4529,gambling_network,True,2025-08-25
lopa4751@cnrb,6773448898134807,CNRB0893559,Lopa Pai,Canara Bank,individual,dev-9aacbd2f3763,,True,2026-05-06
rajbahri4752@barodampay,7322293303,BARB0073622,Raj-Bahri Food & Dining,Bank of Baroda,merchant,dev-1f9e5a308cb5,,True,2025-03-07
rajata4753@okhdfcbank,9698090284629,HDFC0088884,Rajata Sehgal,HDFC Bank,individual,dev-da68353f31dc,gambling_network,True,2025-09-08
gaurav4754@cnrb,0412086203,CNRB0284338,Gaurav Sarkar,Canara Bank,individual,dev-252f3c165b90,,True,2026-02-03
ijaya4755@barodampay,91962839464941,BARB0877674,Ijaya Karnik,Bank of Baroda,individual,dev-e75f620ae80f,innocent_bystander,True,2024-07-27
jeevika4756@kotak,533770188,KKBK0934448,Jeevika Lad,Kotak Mahindra Bank,individual,dev-3059fe5a15dd,innocent_bystander,True,2024-02-06
dugarganguly4757@okhdfcbank,5431884696,HDFC0516573,Dugar-Ganguly Food & Dining,HDFC Bank,merchant,dev-5079efae40bc,,True,2023-09-05
varughese4758@ybl,179926799621,YESB0455657,Varughese PLC Travel,Yes Bank,merchant,dev-bbf217a468d9,,True,2024-09-08
balhaar4759@okaxis,77554580806,UTIB0346040,Balhaar Raj,Axis Bank,individual,dev-e0c50c2cdb14,,True,2026-03-22
chanakya4760@okicici,325220738025813,ICIC0271705,Chanakya Karnik,ICICI Bank,individual,dev-7066730840b5,,True,2024-11-15
nathan4761@pnb,859393858,PUNB0791675,Nathan Chanda,Punjab National Bank,individual,dev-30e9993c16ee,,True,2026-05-30
zashil4762@okhdfcbank,92568663319828,HDFC0677251,Zashil Buch,HDFC Bank,individual,dev-0fe06d25e620,,True,2024-03-05
sneha4763@cnrb,532437237583,CNRB0783857,Sneha Dixit,Canara Bank,individual,dev-ca0299f8f223,,True,2026-04-09
lucky4764@barodampay,48764836002,BARB0424853,Lucky Sarin,Bank of Baroda,individual,dev-1752cd4e10e5,,True,2024-06-17
quincy4765@cnrb,224423592125992,CNRB0304088,Quincy Karnik,Canara Bank,individual,dev-3a473da01ab5,innocent_bystander,True,2025-03-28
devika4766@barodampay,7020359342537,BARB0649440,Devika Ganesan,Bank of Baroda,individual,dev-6b61ca1c68a9,account_takeover,True,2024-01-19
vincent4767@pnb,14311863015716,PUNB0631959,Vincent Chanda,Punjab National Bank,individual,dev-c1df901138b8,,True,2023-12-17
patrick4768@ybl,596678575777,YESB0546418,Patrick Mani,Yes Bank,individual,dev-9f6f61e3b2f8,,True,2026-03-29
pallavi4769@idfcfirst,605246490383,IDFB0080875,Pallavi Ganesh,IDFC First Bank,individual,dev-9c674f9bf88b,,True,2024-11-12
anay4770@oksbi,6111926882939,SBIN0276941,Anay Hayre,State Bank of India,individual,dev-21adec1a3774,,True,2023-10-08
ekalinga4771@idfcfirst,93569487116407,IDFB0939076,Ekalinga Chaudhuri,IDFC First Bank,individual,dev-57940e02da42,,True,2026-05-28
praneel4772@barodampay,5585841763024473,BARB0079268,Praneel Walla,Bank of Baroda,individual,dev-55a171d0efe7,,True,2025-04-21
turvi4773@okicici,4628379355737,ICIC0650196,Turvi Pillay,ICICI Bank,individual,dev-e4138354321f,,True,2026-03-15
michael4774@okicici,36165853778686,ICIC0702134,Michael Walla,ICICI Bank,individual,dev-b01228ed1c40,,False,2024-09-30
korpal4775@okicici,47068116672,ICIC0307953,Korpal Inc Electronics,ICICI Bank,merchant,dev-88914e135176,,True,2025-05-27
gargmagar4776@ybl,4105004730712518,YESB0799765,Garg-Magar Fashion,Yes Bank,merchant,dev-9df8ef5d8d0c,,True,2023-08-24
bail4777@oksbi,838379865,SBIN0811295,"Bail, Tella and Thaman Electronics",State Bank of India,merchant,dev-adbb9ef448f5,,True,2024-02-08
meera4778@ybl,642343472934415,YESB0042117,Meera Deshmukh,Yes Bank,individual,dev-7c830cd19504,,True,2025-12-18
chanakya4779@idfcfirst,333599287991,IDFB0782591,Chanakya Singh,IDFC First Bank,individual,dev-48ef56c2e461,,True,2023-11-21
kevin4780@okaxis,7970356788,UTIB0197196,Kevin Khurana,Axis Bank,individual,dev-77e3fda9573f,,True,2025-02-08
arya4781@cnrb,91058279572748,CNRB0354150,Arya Shere,Canara Bank,individual,dev-5d1faa92883a,,True,2024-12-07
suhani4782@idfcfirst,12663517292051,IDFB0275691,Suhani Gill,IDFC First Bank,individual,dev-84543c86df32,innocent_bystander,True,2026-07-12
yuvraj4783@kotak,7064024078,KKBK0040738,Yuvraj Edwin,Kotak Mahindra Bank,individual,dev-ebb63e62f774,account_takeover,True,2024-06-14
ekalinga4784@okicici,024985195737846,ICIC0780363,Ekalinga Purohit,ICICI Bank,individual,dev-4e9bf35b9405,,True,2024-01-12
aadi4785@kotak,29616469288224,KKBK0287152,Aadi Mani,Kotak Mahindra Bank,individual,dev-8f2f1b30ec6b,innocent_bystander,True,2024-06-26
vrishti4786@cnrb,5974604949791822,CNRB0132310,Vrishti Rana,Canara Bank,individual,dev-3f485649f2b9,,True,2025-02-23
unnati4787@okaxis,9726932935069,UTIB0032626,Unnati Venkatesh,Axis Bank,individual,dev-2a5d874866e3,,True,2025-10-19
nidhi4788@kotak,09904315758678,KKBK0850520,Nidhi Krishnamurthy,Kotak Mahindra Bank,individual,dev-3483ee91cf74,,True,2023-09-03
ojas4789@oksbi,8394286625810,SBIN0765977,Ojas Thakur,State Bank of India,individual,dev-25b1f2b1f3dc,,True,2024-08-02
jonathan4790@pnb,507441050572,PUNB0285818,Jonathan Bansal,Punjab National Bank,individual,dev-358885f1ef65,gambling_network,True,2024-08-13
ethan4791@okaxis,601577860579651,UTIB0837625,Ethan Pillai,Axis Bank,individual,dev-819d18686564,,True,2025-05-09
daliasachar4792@idfcfirst,033236674953828,IDFB0741424,D’Alia-Sachar Utilities,IDFC First Bank,merchant,dev-35d5c5f332c0,,True,2026-02-18
keya4793@okhdfcbank,429683249589994,HDFC0948749,Keya Mistry,HDFC Bank,individual,dev-32f7ccaa2149,,True,2026-03-22
arjun4794@okaxis,752119786487,UTIB0256286,Arjun Murty,Axis Bank,individual,dev-f9d35aff9255,innocent_bystander,True,2025-05-25
issacbabu4795@pnb,88456350479,PUNB0895259,Issac-Babu Home Services,Punjab National Bank,merchant,dev-841e684f8d2a,,True,2026-05-30
radhika4796@okicici,236896716,ICIC0535284,Radhika Din,ICICI Bank,individual,dev-466843faaafe,innocent_bystander,True,2025-06-17
logan4797@ybl,265016864983,YESB0824954,Logan Mittal,Yes Bank,individual,dev-4b078ae7f11c,,True,2024-07-27
yash4798@ybl,637147779,YESB0361453,Yash Dhar,Yes Bank,individual,dev-17d595b55105,,True,2025-03-24
utkarsh4799@idfcfirst,7636996661390,IDFB0314851,Utkarsh Sarna,IDFC First Bank,individual,dev-af86ede6e094,,True,2026-03-06
vidhi4800@idfcfirst,819094121,IDFB0538788,Vidhi Rastogi,IDFC First Bank,individual,dev-90a1a2340c25,,True,2024-10-04
udyati4801@idfcfirst,1040172395104809,IDFB0475566,Udyati Prabhu,IDFC First Bank,individual,dev-edb4239afb28,,True,2025-10-22
ubika4802@kotak,8177394226999178,KKBK0218883,Ubika De,Kotak Mahindra Bank,individual,dev-0433937f4a6d,,True,2025-12-06
charan4803@barodampay,7530873297115,BARB0799552,Charan Korpal,Bank of Baroda,individual,dev-cc639c0dd81b,,True,2025-06-07
harrison4804@ybl,742098241366,YESB0276668,Harrison Merchant,Yes Bank,individual,dev-c101ad597f44,,True,2025-11-17
chatresh4805@okicici,213079598963625,ICIC0762006,Chatresh Palla,ICICI Bank,individual,dev-4e67a2692d0e,account_takeover,True,2024-03-14
libni4806@okaxis,5012786530286792,UTIB0603490,Libni Sant,Axis Bank,individual,dev-47eb70bebe37,,True,2023-09-24
chaitaly4807@ybl,571474653,YESB0674818,Chaitaly Pant,Yes Bank,individual,dev-8d1144744cd7,,True,2024-06-16
banjeet4808@okicici,4433172439,ICIC0506534,Banjeet Srinivas,ICICI Bank,individual,dev-e539b949c2c3,,True,2026-06-29
indira4809@okhdfcbank,035115141,HDFC0728020,Indira Narula,HDFC Bank,individual,dev-2893b7b66872,,True,2024-01-31
mukherjee4810@idfcfirst,342210460468,IDFB0823518,Mukherjee PLC Utilities,IDFC First Bank,merchant,dev-050cf18bafd0,,True,2024-07-12
advay4811@cnrb,0843899847762,CNRB0248146,Advay Chaudhuri,Canara Bank,individual,dev-0a7579be74e3,,True,2025-01-22
anamika4812@oksbi,29925014463,SBIN0383730,Anamika Bhasin,State Bank of India,individual,dev-852b87c30291,,True,2024-04-17
yashodhara4813@okicici,102168858,ICIC0400883,Yashodhara Kamdar,ICICI Bank,individual,dev-207ad7a01e34,,True,2023-11-11
arjun4814@kotak,956711419913,KKBK0225678,Arjun Sen,Kotak Mahindra Bank,individual,dev-20e0acf88195,,True,2025-08-17
gaurika4815@okicici,5414838166,ICIC0286900,Gaurika Sharma,ICICI Bank,individual,dev-1cff94279316,,True,2024-06-30
eta4816@barodampay,4017055161971,BARB0375521,Eta Mane,Bank of Baroda,individual,dev-37457be59914,,True,2024-09-15
charan4817@okhdfcbank,4298893332837,HDFC0967372,Charan Varughese,HDFC Bank,individual,dev-94a32a34d1c2,,True,2024-06-09
raksha4818@ybl,8853933542351571,YESB0236103,Raksha Sura,Yes Bank,individual,dev-336142e561b5,,True,2024-11-24
yoshita4819@okhdfcbank,445321064855,HDFC0973206,Yoshita Bansal,HDFC Bank,individual,dev-37eb5148998a,,True,2026-02-03
mitesh4820@idfcfirst,476372129818322,IDFB0070194,Mitesh Purohit,IDFC First Bank,individual,dev-04b09c348cd8,,True,2024-11-16
ria4821@okhdfcbank,4156227550,HDFC0730828,Ria Loke,HDFC Bank,individual,dev-a51e44904910,,True,2025-07-15
lucky4822@oksbi,2002417756022,SBIN0022044,Lucky Hegde,State Bank of India,individual,dev-f209ea70946f,gambling_network,True,2025-12-09
leena4823@kotak,39193323093,KKBK0861585,Leena Majumdar,Kotak Mahindra Bank,individual,dev-9a64b2c41a54,,True,2024-08-31
thomas4824@ybl,786490924,YESB0271286,Thomas Barman,Yes Bank,individual,dev-36c59fffd969,,True,2025-09-01
chavvi4825@okaxis,193309912,UTIB0146432,Chavvi Arora,Axis Bank,individual,dev-b1c11bb4881e,,True,2025-09-14
robert4826@kotak,845538457830,KKBK0662323,Robert Sahota,Kotak Mahindra Bank,individual,dev-dfe0c3199f05,gambling_network,True,2024-02-25
omisha4827@cnrb,09666542951,CNRB0167242,Omisha Doshi,Canara Bank,individual,dev-f297551e17bb,,True,2026-05-16
kumerkade4828@oksbi,071884294,SBIN0240552,Kumer-Kade Travel,State Bank of India,merchant,dev-201e8c942e21,,True,2025-05-08
dominic4829@cnrb,214774347207616,CNRB0373295,Dominic Gade,Canara Bank,individual,dev-be16f1e80095,,True,2026-01-20
alka4830@barodampay,2501874081026251,BARB0693516,Alka Subramanian,Bank of Baroda,individual,dev-ec5c87f706aa,innocent_bystander,True,2025-06-12
theodore4831@cnrb,96353245632,CNRB0152350,Theodore Sidhu,Canara Bank,individual,dev-94b07a28b095,,True,2024-03-03
tak4832@okicici,1977297986531045,ICIC0571180,Tak Inc Travel,ICICI Bank,merchant,dev-3fa9157963f3,,True,2026-04-28
tripti4833@barodampay,5908234571980,BARB0561903,Tripti Oommen,Bank of Baroda,individual,dev-5d56daef677a,account_takeover,True,2026-01-24
pradhan4834@okaxis,319992340,UTIB0861469,"Pradhan, Singh and Kuruvilla Fashion",Axis Bank,merchant,dev-e293e32cc97a,,True,2025-01-24
narayanan4835@oksbi,8826625035,SBIN0759884,"Narayanan, Narain and Vyas Electronics",State Bank of India,merchant,dev-9d56405f2837,,True,2024-12-23
zinal4836@okicici,122402667409598,ICIC0122789,Zinal Mallick,ICICI Bank,individual,dev-b0dc83c95c18,gambling_network,True,2023-10-14
upkaar4837@ybl,3749470445703,YESB0450664,Upkaar Bains,Yes Bank,individual,dev-d33dfca521a1,,True,2024-02-25
vasudha4838@pnb,06169216371787,PUNB0301185,Vasudha Magar,Punjab National Bank,individual,dev-02c58fb926ee,,True,2026-07-16
yashodhara4839@idfcfirst,2326912936,IDFB0192550,Yashodhara Mital,IDFC First Bank,individual,dev-174f50e667ed,,False,2025-04-29
nidhi4840@okhdfcbank,8102461235446689,HDFC0941777,Nidhi Behl,HDFC Bank,individual,dev-c38e8edbb89e,,True,2026-03-10
aarini4841@cnrb,6007675835990,CNRB0126407,Aarini Chhabra,Canara Bank,individual,dev-136d5bf3e789,,True,2024-09-27
udant4842@barodampay,305519537477852,BARB0270245,Udant Kanda,Bank of Baroda,individual,dev-9c78c0fc9140,,True,2025-11-17
shetty4843@barodampay,8774804958567,BARB0745537,Shetty and Sons Grocery,Bank of Baroda,merchant,dev-4175296f5ef5,,False,2025-03-14
yashasvi4844@pnb,457712491744516,PUNB0492601,Yashasvi Patil,Punjab National Bank,individual,dev-f5093e650575,,True,2024-04-10
rattasaini4845@okhdfcbank,79923154665061,HDFC0941985,Ratta-Saini Home Services,HDFC Bank,merchant,dev-2db26109a9f1,,True,2025-12-19
chandani4846@ybl,3498845541,YESB0251153,Chandani Bumb,Yes Bank,individual,dev-b7048c947dd2,,True,2025-11-20
nicholas4847@oksbi,6663723931,SBIN0502630,Nicholas Srivastava,State Bank of India,individual,dev-938aefacf260,,True,2024-05-04
dipta4848@cnrb,2807993850477,CNRB0378992,Dipta Bhandari,Canara Bank,individual,dev-1ad5415e551f,,True,2025-11-04
nidra4849@oksbi,904039506310,SBIN0439758,Nidra Sankaran,State Bank of India,individual,dev-83ff711cf31c,account_takeover,True,2024-09-27
oeshi4850@barodampay,86485110145533,BARB0523005,Oeshi Solanki,Bank of Baroda,individual,dev-b19101ec9e4a,,True,2024-04-21
gauri4851@okhdfcbank,056694980510078,HDFC0494170,Gauri Prabhakar,HDFC Bank,individual,dev-607cdafbf7ca,,True,2024-04-22
darika4852@cnrb,406346859794,CNRB0125908,Darika Keer,Canara Bank,individual,dev-c15b5d3e342c,,True,2025-09-15
vyanjana4853@okhdfcbank,469121596503449,HDFC0351790,Vyanjana Randhawa,HDFC Bank,individual,dev-85280503089f,,True,2025-11-19
nidra4854@barodampay,13638299176,BARB0138622,Nidra Sani,Bank of Baroda,individual,dev-0ad418a87fd2,,True,2026-04-07
bhavini4855@idfcfirst,1412915911444,IDFB0222719,Bhavini Kohli,IDFC First Bank,individual,dev-448f32ff9266,,True,2024-08-05
gayathri4856@oksbi,070470996273616,SBIN0331763,Gayathri Dutta,State Bank of India,individual,dev-3cd0409654f4,,True,2024-09-21
krisha4857@barodampay,599403330,BARB0923915,Krisha Butala,Bank of Baroda,individual,dev-8c5be9989482,,True,2025-07-18
fitan4858@idfcfirst,145103788229170,IDFB0263189,Fitan Butala,IDFC First Bank,individual,dev-cba412316ddd,innocent_bystander,True,2026-03-03
mason4859@cnrb,91076504571508,CNRB0052802,Mason Zachariah,Canara Bank,individual,dev-b6fa9291849e,gambling_network,True,2025-03-25
waida4860@barodampay,99019804497,BARB0771404,Waida Chanda,Bank of Baroda,individual,dev-c3e157069a91,,True,2024-12-13
charan4861@ybl,1710536302,YESB0399949,Charan Agate,Yes Bank,individual,dev-f94c8e4fa2b0,,True,2024-07-22
peter4862@okhdfcbank,7574304784672,HDFC0193506,Peter Bali,HDFC Bank,individual,dev-b8dc01909678,innocent_bystander,True,2024-01-11
bishakha4863@kotak,281331008170829,KKBK0472152,Bishakha Peri,Kotak Mahindra Bank,individual,dev-cbd26d906190,account_takeover,True,2024-12-23
gagan4864@cnrb,4296054276432,CNRB0629007,Gagan Baria,Canara Bank,individual,dev-99a5f0da4e98,,True,2026-02-10
dayita4865@okaxis,910872114218750,UTIB0139665,Dayita Narayanan,Axis Bank,individual,dev-8fd97db35e4a,,True,2024-10-16
balvan4866@kotak,84837730267,KKBK0422110,Balvan Butala,Kotak Mahindra Bank,individual,dev-dd8091e4cf02,,True,2025-04-30
acharya4867@okicici,8899722867,ICIC0281683,Acharya and Sons Utilities,ICICI Bank,merchant,dev-14d26eec2603,,True,2026-02-07
mahika4868@ybl,330402716,YESB0837047,Mahika Swaminathan,Yes Bank,individual,dev-3cdd5dfa3749,,True,2026-06-14
amara4869@idfcfirst,329059251,IDFB0420583,Amara Manne,IDFC First Bank,individual,dev-a41d1cfde02c,,True,2026-04-15
bhavani4870@pnb,132704882543,PUNB0802229,Bhavani Devi,Punjab National Bank,individual,dev-c660cab9c1ae,,True,2025-06-28
turvi4871@ybl,607977856540,YESB0081188,Turvi Lad,Yes Bank,individual,dev-e50e29748cc9,,True,2025-07-25
yutika4872@idfcfirst,039055693358,IDFB0586567,Yutika Char,IDFC First Bank,individual,dev-e0aff30af460,innocent_bystander,True,2024-04-15
udarsh4873@pnb,405830206,PUNB0795689,Udarsh Mander,Punjab National Bank,individual,dev-e6f6d749ca1b,,True,2025-09-20
maya4874@okaxis,2889883552380047,UTIB0894940,Maya Nigam,Axis Bank,individual,dev-53ca07af35a3,,True,2026-03-19
urvashi4875@ybl,2900858494797,YESB0260829,Urvashi Sethi,Yes Bank,individual,dev-bdb188c97ac2,,True,2023-10-05
yashodhara4876@barodampay,2015187183892,BARB0328872,Yashodhara Mohan,Bank of Baroda,individual,dev-091499247703,,True,2023-09-29
nandini4877@okhdfcbank,42578493882,HDFC0053820,Nandini Sahota,HDFC Bank,individual,dev-096e42c93b80,,True,2024-03-25
dayamai4878@barodampay,571006710374,BARB0666757,Dayamai Narain,Bank of Baroda,individual,dev-55cbe4f86b68,,True,2025-05-09
wridesh4879@okaxis,2008041637,UTIB0090086,Wridesh Shenoy,Axis Bank,individual,dev-a87bae686ce3,gambling_network,True,2025-06-04
mohammed4880@kotak,607756932494971,KKBK0680621,Mohammed Bansal,Kotak Mahindra Bank,individual,dev-484ce3e07631,,True,2024-11-28
daniel4881@oksbi,47771885176186,SBIN0045484,Daniel Dalal,State Bank of India,individual,dev-cf38399c1d31,,True,2023-09-11
chokshi4882@oksbi,246132334617161,SBIN0890323,Chokshi Group Electronics,State Bank of India,merchant,dev-9076ac52e43b,,True,2026-03-09
manthan4883@kotak,863483581885,KKBK0233570,Manthan Borah,Kotak Mahindra Bank,individual,dev-3d2a1d241319,,True,2025-10-17
gaurangi4884@oksbi,570691294789032,SBIN0813980,Gaurangi Nagarajan,State Bank of India,individual,dev-72aa7ae00711,,True,2025-02-22
vasatika4885@okhdfcbank,19055310241,HDFC0813868,Vasatika Saran,HDFC Bank,individual,dev-00f623f97afe,,True,2023-12-05
jason4886@barodampay,54537514600,BARB0543509,Jason Mittal,Bank of Baroda,individual,dev-0ae1e128f60d,,True,2025-03-03
urvashi4887@oksbi,6848940780,SBIN0953568,Urvashi Bandi,State Bank of India,individual,dev-4692acc1e002,,True,2025-05-31
dugarraman4888@cnrb,0880142178,CNRB0322053,Dugar-Raman Travel,Canara Bank,merchant,dev-88631285857f,,True,2024-06-05
hemani4889@cnrb,237271174917244,CNRB0848611,Hemani Bhatti,Canara Bank,individual,dev-99764e669647,innocent_bystander,True,2026-07-13
balay4890@kotak,5228607785,KKBK0943702,Balay LLC Fashion,Kotak Mahindra Bank,merchant,dev-5319b4f07faa,,True,2023-10-08
rachit4891@oksbi,138354298384623,SBIN0926224,Rachit Tank,State Bank of India,individual,dev-d6425438831e,account_takeover,True,2024-06-26
mitali4892@cnrb,85737944525169,CNRB0762563,Mitali Naik,Canara Bank,individual,dev-8609cdff494a,,True,2026-07-07
kiaan4893@cnrb,11834374939667,CNRB0875642,Kiaan Narain,Canara Bank,individual,dev-7c4411dfe9fa,,True,2023-09-09
divya4894@kotak,5874467450374,KKBK0473789,Divya Gour,Kotak Mahindra Bank,individual,dev-be654af09eeb,,True,2024-10-31
nitesh4895@okhdfcbank,937004616618,HDFC0750236,Nitesh Krishna,HDFC Bank,individual,dev-a4da3f55bc2b,,True,2025-06-25
girik4896@pnb,209478033696,PUNB0595719,Girik Sur,Punjab National Bank,individual,dev-ce36203acffe,,True,2024-01-27
manbir4897@kotak,77244894403043,KKBK0249110,Manbir Basak,Kotak Mahindra Bank,individual,dev-405adff9d899,,True,2024-09-14
wriddhish4898@ybl,803758972,YESB0003568,Wriddhish Varghese,Yes Bank,individual,dev-91f972ba6a61,,True,2024-10-19
arunima4899@barodampay,756392587503488,BARB0442318,Arunima Jain,Bank of Baroda,individual,dev-30d0fe5a641d,,True,2024-07-03
omisha4900@pnb,565547933714962,PUNB0409831,Omisha Barad,Punjab National Bank,individual,dev-e424d6f1fcd8,gambling_network,True,2024-09-08
patel4901@ybl,4972340708440,YESB0627925,Patel Ltd Food & Dining,Yes Bank,merchant,dev-96d376c11431,,True,2023-08-24
kashish4902@okicici,6821104806898,ICIC0083185,Kashish Nazareth,ICICI Bank,individual,dev-25ceaf264dd0,,True,2025-04-22
henry4903@ybl,4223068429,YESB0873193,Henry Subramanian,Yes Bank,individual,dev-e1ba2776731f,innocent_bystander,True,2023-09-19
siddharth4904@ybl,283245626002970,YESB0069712,Siddharth Divan,Yes Bank,individual,dev-a6f6fbd58739,,True,2023-11-04
yashasvi4905@cnrb,9715971106449,CNRB0941043,Yashasvi Mahal,Canara Bank,individual,dev-78293f180e24,,False,2025-04-05
ronith4906@okicici,27731788451,ICIC0326993,Ronith Saran,ICICI Bank,individual,dev-e25960b3b2fb,,True,2025-05-07
suhani4907@okaxis,86431032641,UTIB0574441,Suhani Mannan,Axis Bank,individual,dev-07e293a26b7e,,True,2025-04-28
chaitanya4908@barodampay,675619486,BARB0720461,Chaitanya Mane,Bank of Baroda,individual,dev-e797a8464650,gambling_network,True,2026-02-21
andrew4909@okaxis,2885066050264,UTIB0635721,Andrew Reddy,Axis Bank,individual,dev-f9946c6a9c40,account_takeover,True,2023-12-25
bhatnagar4910@okhdfcbank,59651531509,HDFC0922642,"Bhatnagar, Som and Sahni Utilities",HDFC Bank,merchant,dev-d87348b90360,,True,2026-01-08
vihaan4911@okicici,1367726120835,ICIC0010110,Vihaan Murty,ICICI Bank,individual,dev-d0b8dae94cf5,gambling_network,True,2023-10-31
shivani4912@kotak,849008241250729,KKBK0364739,Shivani Lanka,Kotak Mahindra Bank,individual,dev-8428c0b87a76,,True,2023-10-11
balvan4913@idfcfirst,722770968,IDFB0903819,Balvan Karnik,IDFC First Bank,individual,dev-76d8c98a7a3a,account_takeover,True,2026-04-13
megha4914@oksbi,7728978632,SBIN0942859,Megha Lanka,State Bank of India,individual,dev-e52bc6ab73d9,,True,2024-10-14
veer4915@ybl,68585434491,YESB0466425,Veer Baria,Yes Bank,individual,dev-cfcce31f6be9,,True,2023-10-02
shivani4916@oksbi,5465672671731775,SBIN0616342,Shivani Khare,State Bank of India,individual,dev-62ea03744778,,True,2025-10-09
agatesani4917@okicici,5926703190171255,ICIC0997795,Agate-Sani Fuel,ICICI Bank,merchant,dev-0cb1c5d92401,,True,2025-10-11
faqid4918@idfcfirst,5349783354,IDFB0651315,Faqid Mahal,IDFC First Bank,individual,dev-270f8c45f759,,True,2026-05-09
amol4919@kotak,9184145040661,KKBK0571670,Amol Thaker,Kotak Mahindra Bank,individual,dev-af661b444849,,True,2024-09-06
charan4920@oksbi,3870929266,SBIN0846952,Charan Taneja,State Bank of India,individual,dev-8b4abf9e4d67,,True,2026-01-21
kala4921@idfcfirst,779708297766579,IDFB0189230,"Kala, Walla and Mani Food & Dining",IDFC First Bank,merchant,dev-96d249d5e316,,True,2026-06-09
wahab4922@oksbi,0267860741,SBIN0672632,Wahab Ramachandran,State Bank of India,individual,dev-e294def4bdb9,,True,2023-08-10
peter4923@kotak,37151939079,KKBK0153772,Peter Iyer,Kotak Mahindra Bank,individual,dev-f78528f4b9e2,,False,2023-08-04
pushti4924@ybl,888611907508,YESB0904672,Pushti Buch,Yes Bank,individual,dev-2b8153a2839e,,True,2025-11-18
yatan4925@okicici,973270875929172,ICIC0667840,Yatan Srinivasan,ICICI Bank,individual,dev-b2b7dd5964d3,,True,2026-03-18
hardik4926@okicici,83613594182,ICIC0221632,Hardik Dayal,ICICI Bank,individual,dev-5fe6ef5b3089,gambling_network,True,2025-09-20
omkaar4927@okaxis,134752212172065,UTIB0040585,Omkaar Master,Axis Bank,individual,dev-9b0290b036dc,,True,2026-01-12
ojasvi4928@barodampay,990772378,BARB0399714,Ojasvi Edwin,Bank of Baroda,individual,dev-915612a164f5,,True,2025-06-08
janigade4929@okhdfcbank,1153563881121,HDFC0549789,Jani-Gade Food & Dining,HDFC Bank,merchant,dev-0a8afb3df34c,,True,2025-12-21
gunbir4930@ybl,249302564462731,YESB0139590,Gunbir Mani,Yes Bank,individual,dev-1a81f25c78c1,innocent_bystander,True,2026-06-21
ekapad4931@cnrb,58386709564156,CNRB0152291,Ekapad Bose,Canara Bank,individual,dev-82438b5e9069,,True,2026-05-16
jairaj4932@okhdfcbank,3151464976664123,HDFC0258055,Jairaj Aggarwal,HDFC Bank,individual,dev-243eec479e8c,account_takeover,True,2026-02-23
dominic4933@barodampay,451791858110,BARB0504286,Dominic Madan,Bank of Baroda,individual,dev-2d57e969ba09,,True,2025-08-05
comar4934@ybl,2274107633809,YESB0849296,Comar Group Grocery,Yes Bank,merchant,dev-97a10c22a3b2,,True,2026-02-01
daratella4935@okicici,219551681344,ICIC0224283,Dara-Tella Fashion,ICICI Bank,merchant,dev-b34209b04051,,True,2024-08-30
yasti4936@okicici,60478727746,ICIC0495533,Yasti Das,ICICI Bank,individual,dev-50ddf968f1e2,,True,2026-06-08
arunima4937@ybl,680070413140,YESB0871921,Arunima Chacko,Yes Bank,individual,dev-990e91b48222,,False,2025-10-13
george4938@ybl,5153221842535,YESB0033915,George Pandit,Yes Bank,individual,dev-4dcab53030de,,True,2025-08-16
lipika4939@oksbi,72027274320,SBIN0362455,Lipika Gulati,State Bank of India,individual,dev-ff8dd9ef78da,,True,2024-12-29
andrew4940@kotak,664679832,KKBK0475819,Andrew Chadha,Kotak Mahindra Bank,individual,dev-35598f629074,,True,2024-11-07
nicholas4941@oksbi,2473719692652747,SBIN0019397,Nicholas Dhingra,State Bank of India,individual,dev-5652001c1508,,True,2024-01-03
dyalvig4942@kotak,5156817695950115,KKBK0805968,Dyal-Vig Pharmacy,Kotak Mahindra Bank,merchant,dev-84cd309102ba,,True,2023-12-25
warrior4943@cnrb,8953495169055752,CNRB0609932,"Warrior, Hari and Srinivas Grocery",Canara Bank,merchant,dev-d94e0e22d506,,True,2026-06-01
panchal4944@okicici,6735993690572,ICIC0296295,"Panchal, Balan and Oak Fuel",ICICI Bank,merchant,dev-e10ddfd9168d,,True,2025-08-10
rachana4945@okaxis,416973065840927,UTIB0083558,Rachana Chawla,Axis Bank,individual,dev-9b3ad9f63c03,,True,2024-09-06
simon4946@okicici,98830117437034,ICIC0206169,Simon Ganesh,ICICI Bank,individual,dev-9dd7e752f708,,True,2024-08-19
sule4947@ybl,592812037105067,YESB0749641,Sule PLC Fashion,Yes Bank,merchant,dev-40447b17d802,,True,2024-03-03
utkarsh4948@cnrb,0880585310,CNRB0910552,Utkarsh Talwar,Canara Bank,individual,dev-cd8000a4e789,,True,2024-12-11
lila4949@barodampay,854380743473,BARB0321598,Lila Nagy,Bank of Baroda,individual,dev-b04710febcb4,,True,2025-12-03
rushil4950@okaxis,3855211176599470,UTIB0572114,Rushil Barman,Axis Bank,individual,dev-fe878d6e7d8f,gambling_network,True,2025-09-19
sneha4951@okhdfcbank,4629430851526171,HDFC0673953,Sneha Guha,HDFC Bank,individual,dev-85ed794abf3e,,True,2024-12-02
isha4952@okaxis,162297154108,UTIB0093306,Isha Badal,Axis Bank,individual,dev-3df185996aaf,,True,2024-09-14
hamsini4953@okicici,6921284128915,ICIC0982509,Hamsini Sagar,ICICI Bank,individual,dev-46568d116f2f,,True,2024-05-08
divya4954@kotak,129547233840424,KKBK0927593,Divya Sheth,Kotak Mahindra Bank,individual,dev-eca67752af52,,True,2026-04-17
desai4955@idfcfirst,16578938118,IDFB0907024,Desai Inc Utilities,IDFC First Bank,merchant,dev-3d0971ac68df,,True,2024-01-09
laban4956@okaxis,6999467958,UTIB0550295,Laban Solanki,Axis Bank,individual,dev-0de158d26db0,,True,2024-01-25
harini4957@barodampay,92607874404791,BARB0559706,Harini Dar,Bank of Baroda,individual,dev-9724333fb119,,True,2025-06-11
edhitha4958@okicici,7471834811699946,ICIC0816735,Edhitha Korpal,ICICI Bank,individual,dev-bb5eef2e7e48,innocent_bystander,True,2025-11-15
pavani4959@cnrb,284477619875,CNRB0754543,Pavani Memon,Canara Bank,individual,dev-7fa608b58953,,True,2024-11-25
hredhaan4960@cnrb,8063353565530,CNRB0338662,Hredhaan Bhakta,Canara Bank,individual,dev-7498688d4c7e,gambling_network,True,2025-11-16
laksh4961@oksbi,576483658,SBIN0854307,Laksh Kuruvilla,State Bank of India,individual,dev-0e29c53bf87d,,True,2025-04-12
michael4962@barodampay,71891330074,BARB0229978,Michael Mand,Bank of Baroda,individual,dev-59ff4984cc35,,True,2024-01-11
nisha4963@pnb,704365585003087,PUNB0712932,Nisha Borde,Punjab National Bank,individual,dev-92aa97afea2e,,False,2024-05-28
falan4964@okicici,845735317940,ICIC0322348,Falan Tara,ICICI Bank,individual,dev-6581d7e22fdc,,True,2026-06-23
charita4965@kotak,475394463,KKBK0384601,Charita Ray,Kotak Mahindra Bank,individual,dev-f05211fb409d,,True,2024-01-12
atharv4966@barodampay,4701118298302,BARB0601086,Atharv Mane,Bank of Baroda,individual,dev-c9fd5e76dadf,,True,2024-11-06
qasim4967@pnb,9985048950885,PUNB0409764,Qasim Chander,Punjab National Bank,individual,dev-679dc5cbba67,,True,2025-09-03
vohra4968@ybl,917433850477478,YESB0055978,Vohra PLC Grocery,Yes Bank,merchant,dev-99e572800518,,True,2025-07-15
janani4969@kotak,508338889114,KKBK0983100,Janani Comar,Kotak Mahindra Bank,individual,dev-f374045875f0,account_takeover,True,2024-09-18
aishani4970@idfcfirst,574664209644444,IDFB0923967,Aishani Nath,IDFC First Bank,individual,dev-c9d6fd7360df,account_takeover,True,2026-01-02
jatin4971@okicici,512465300,ICIC0446953,Jatin Goswami,ICICI Bank,individual,dev-ff705bf80f6a,,True,2024-11-02
farhan4972@kotak,408850819103,KKBK0492942,Farhan Kata,Kotak Mahindra Bank,individual,dev-4f512ae03091,,True,2025-03-14
aradhana4973@okicici,6836230275,ICIC0906976,Aradhana Mukhopadhyay,ICICI Bank,individual,dev-880889391cf7,gambling_network,True,2025-05-30
buch4974@okhdfcbank,0758405950147239,HDFC0996129,"Buch, Mishra and Mishra Utilities",HDFC Bank,merchant,dev-f1d02ee43f51,,True,2026-06-17
netra4975@idfcfirst,5890402043034093,IDFB0201048,Netra Baria,IDFC First Bank,individual,dev-526e050e5909,,False,2025-02-26
osha4976@okaxis,698989325,UTIB0189844,Osha Chander,Axis Bank,individual,dev-b3de75a8d0a1,,True,2025-11-01
amruta4977@okaxis,171025008,UTIB0828268,Amruta Ben,Axis Bank,individual,dev-e2cbd837c603,gambling_network,True,2024-09-29
ekapad4978@oksbi,97608380461304,SBIN0103799,Ekapad Chandra,State Bank of India,individual,dev-adbd883e90ed,innocent_bystander,True,2023-11-25
hredhaan4979@okicici,086602563858025,ICIC0785693,Hredhaan Sood,ICICI Bank,individual,dev-af643c825db4,,True,2024-05-26
singh4980@ybl,732067438942,YESB0676683,Singh LLC Food & Dining,Yes Bank,merchant,dev-6bf0559f9f25,,True,2026-06-25
hredhaan4981@cnrb,768103718,CNRB0946773,Hredhaan Lalla,Canara Bank,individual,dev-c847ffb579de,,True,2025-03-28
yug4982@barodampay,65119295048,BARB0573611,Yug Bumb,Bank of Baroda,individual,dev-0ea41af2bfbc,,True,2023-11-25
om4983@barodampay,329368231171311,BARB0800716,Om Goyal,Bank of Baroda,individual,dev-9a96a1401e3a,,True,2024-05-02
chawla4984@barodampay,890920834,BARB0984371,"Chawla, Badal and Singhal Fuel",Bank of Baroda,merchant,dev-7d45afe842ab,,True,2025-07-14
jonathan4985@barodampay,51686715659,BARB0951893,Jonathan Gara,Bank of Baroda,individual,dev-365c418aea89,,True,2026-04-27
nikita4986@kotak,2291902322605,KKBK0406410,Nikita Ahluwalia,Kotak Mahindra Bank,individual,dev-09a87c9010c7,,True,2024-08-04
raghav4987@idfcfirst,85273989866238,IDFB0618293,Raghav Tailor,IDFC First Bank,individual,dev-7a2ba9b13a3b,,True,2024-09-23
daniel4988@okaxis,449792554483416,UTIB0011648,Daniel Sani,Axis Bank,individual,dev-51426dbf3f69,,True,2025-11-05
lipika4989@okicici,4207206247,ICIC0327157,Lipika Hans,ICICI Bank,individual,dev-7153ce95439a,,True,2024-06-11
hemangini4990@okhdfcbank,253219672921597,HDFC0950693,Hemangini Deshpande,HDFC Bank,individual,dev-cdcf71970283,,True,2024-05-18
nisha4991@kotak,854497542199,KKBK0277998,Nisha Mani,Kotak Mahindra Bank,individual,dev-360a8e440d55,innocent_bystander,True,2024-10-11
zaid4992@okicici,1014021762801492,ICIC0963621,Zaid Dash,ICICI Bank,individual,dev-29b22d41e6ff,,True,2023-11-20
aadhya4993@okaxis,1571202902185,UTIB0066054,Aadhya Tank,Axis Bank,individual,dev-6d2d753c8e19,gambling_network,True,2024-07-13
ishwar4994@ybl,7364990776909016,YESB0809839,Ishwar Ravi,Yes Bank,individual,dev-7d69c1e7cfaf,,True,2024-08-29
zehaan4995@okaxis,27390335505555,UTIB0727146,Zehaan Dave,Axis Bank,individual,dev-5c4563b84a64,,True,2024-11-27
jagdish4996@pnb,89492296536,PUNB0940591,Jagdish Kothari,Punjab National Bank,individual,dev-0d3e773f3402,,True,2024-02-11
banjeet4997@okaxis,9083662312004837,UTIB0326723,Banjeet Kashyap,Axis Bank,individual,dev-469c11a55e79,,True,2024-10-26
chakradhar4998@cnrb,493547844477237,CNRB0599916,Chakradhar Bora,Canara Bank,individual,dev-968a59bb717c,,True,2023-10-16
kiaan4999@pnb,654750490,PUNB0059843,Kiaan Kamdar,Punjab National Bank,individual,dev-465d2ac6a394,,True,2025-05-19
isaiah5000@idfcfirst,339400506065653,IDFB0077742,Isaiah Agate,IDFC First Bank,individual,dev-f1df889841e3,,True,2026-07-15
indrajit5001@idfcfirst,572294923414111,IDFB0357119,Indrajit Atwal,IDFC First Bank,individual,dev-12e4ada1a3f1,,True,2025-11-16
hredhaan5002@okhdfcbank,013010212719521,HDFC0182044,Hredhaan Om,HDFC Bank,individual,dev-651c18c4fdd0,,True,2023-09-16
sanya5003@ybl,26191666641,YESB0619016,Sanya Dhawan,Yes Bank,individual,dev-10e11e36e05f,,True,2025-01-26
jatin5004@ybl,33079803992451,YESB0390598,Jatin Pillay,Yes Bank,individual,dev-b669dcc17d7e,innocent_bystander,True,2026-05-27
nirja5005@okhdfcbank,7840519697849,HDFC0452193,Nirja Radhakrishnan,HDFC Bank,individual,dev-f4448b64fc8e,,True,2025-08-11
sachi5006@pnb,7310716478049377,PUNB0847675,Sachi Jaggi,Punjab National Bank,individual,dev-eae5b512a536,,True,2025-06-22
samuel5007@okhdfcbank,39206025976538,HDFC0021241,Samuel Ramachandran,HDFC Bank,individual,dev-2c85c728f88d,,True,2025-08-22
raghav5008@barodampay,8563512984367,BARB0032827,Raghav Kibe,Bank of Baroda,individual,dev-dc565fbfe83e,,True,2025-03-05
vrinda5009@oksbi,24317208637133,SBIN0470099,Vrinda Mahal,State Bank of India,individual,dev-4eb82670eb96,,False,2024-10-11
chandran5010@okaxis,5307018855757190,UTIB0736391,Chandran Krishnan,Axis Bank,individual,dev-22d61fd93796,gambling_network,True,2025-07-25
rachita5011@okicici,451901710,ICIC0258533,Rachita Sheth,ICICI Bank,individual,dev-cf9ab49103c0,,True,2026-05-30
darsh5012@pnb,5421036961055051,PUNB0635295,Darsh Bhasin,Punjab National Bank,individual,dev-4da9fbfb1a7a,,True,2024-05-08
bimala5013@idfcfirst,4184642200371666,IDFB0640831,Bimala Jani,IDFC First Bank,individual,dev-31a920da5cca,,True,2024-10-11
indrajit5014@ybl,0982156365340569,YESB0341947,Indrajit Mani,Yes Bank,individual,dev-f9ad821666ff,,True,2024-12-13
bhanumati5015@idfcfirst,1706300199231585,IDFB0799160,Bhanumati Mammen,IDFC First Bank,individual,dev-880abff8b0ec,innocent_bystander,True,2025-08-22
sandhu5016@kotak,398734672003410,KKBK0305270,Sandhu Inc Utilities,Kotak Mahindra Bank,merchant,dev-993b2ddf2afc,,True,2024-02-13
dhruv5017@okicici,5816361053974,ICIC0381917,Dhruv Sha,ICICI Bank,individual,dev-882ccaab5b8e,,True,2024-01-30
chavvi5018@cnrb,2111059456,CNRB0581031,Chavvi Kapur,Canara Bank,individual,dev-8e8de413b841,,True,2025-01-08
sai5019@ybl,81662918514347,YESB0642356,Sai Majumdar,Yes Bank,individual,dev-5d9161322fef,,True,2025-09-17
madhavi5020@cnrb,838503357,CNRB0157823,Madhavi Madan,Canara Bank,individual,dev-89ad89ce3e24,,True,2024-05-29
srinivasan5021@okicici,37446980644,ICIC0234556,Srinivasan and Sons Travel,ICICI Bank,merchant,dev-4b757444762e,,True,2024-01-16
kiaan5022@okhdfcbank,98290750387571,HDFC0189217,Kiaan Badal,HDFC Bank,individual,dev-9a2c2c9e76fe,,True,2025-02-11
vedika5023@okaxis,615254463720,UTIB0691246,Vedika Rajagopalan,Axis Bank,individual,dev-b6963d990a85,innocent_bystander,True,2025-03-07
yashodhara5024@ybl,0819240295389438,YESB0540045,Yashodhara Dhillon,Yes Bank,individual,dev-9ce2fd481ae2,,True,2024-07-08
amrita5025@pnb,7440796951845644,PUNB0667110,Amrita Prabhakar,Punjab National Bank,individual,dev-5560eb51b363,,True,2025-07-12
hardik5026@okaxis,988244306,UTIB0018801,Hardik Magar,Axis Bank,individual,dev-517168f41528,innocent_bystander,True,2026-05-10
varty5027@kotak,504557394,KKBK0692882,"Varty, Mukherjee and Raval Home Services",Kotak Mahindra Bank,merchant,dev-71fe696d98d1,,True,2025-02-02
dev5028@pnb,97698797874389,PUNB0583232,Dev Chhabra,Punjab National Bank,individual,dev-e6da2731016d,,True,2024-08-02
barkha5029@okicici,09961946652959,ICIC0134134,Barkha Krishnan,ICICI Bank,individual,dev-55c79ab18739,,True,2024-08-26
wagle5030@okhdfcbank,4164883383,HDFC0896178,Wagle and Sons Fuel,HDFC Bank,merchant,dev-2ad8eb189ab2,,True,2023-12-25
aarush5031@idfcfirst,5649970231927,IDFB0904002,Aarush Dixit,IDFC First Bank,individual,dev-8663d049c14a,,False,2024-11-28
falak5032@barodampay,3940955610489298,BARB0817425,Falak Saini,Bank of Baroda,individual,dev-3a0a9b472e7a,,True,2023-07-21
aarav5033@idfcfirst,74855262745507,IDFB0992844,Aarav Srivastava,IDFC First Bank,individual,dev-b485b1beeb52,,True,2024-01-27
rachit5034@barodampay,802124634,BARB0733933,Rachit Chopra,Bank of Baroda,individual,dev-c617df69d5ad,,True,2025-04-14
pavani5035@okicici,112248311,ICIC0848850,Pavani Krishnamurthy,ICICI Bank,individual,dev-6ac5af1887df,,True,2023-07-23
magar5036@oksbi,6741206365,SBIN0711021,"Magar, Iyengar and Ratti Home Services",State Bank of India,merchant,dev-bc7285741ee9,,True,2023-08-21
gopal5037@okicici,29192364988597,ICIC0322065,Gopal Rai,ICICI Bank,individual,dev-02ce0d99d59c,,True,2026-06-06
rohan5038@ybl,447301090960,YESB0366574,Rohan Konda,Yes Bank,individual,dev-13fb2fc66098,,True,2024-07-20
chakradev5039@barodampay,62792377245,BARB0833050,Chakradev Nayar,Bank of Baroda,individual,dev-68f28bb72821,,True,2025-11-29
sinhakhosla5040@okhdfcbank,21152374869,HDFC0701663,Sinha-Khosla Pharmacy,HDFC Bank,merchant,dev-166d80f31a76,,True,2023-10-03
waida5041@barodampay,7767994012546777,BARB0848528,Waida Kari,Bank of Baroda,individual,dev-53c95213eda6,,True,2023-08-17
amol5042@ybl,4727150595052253,YESB0383418,Amol Bose,Yes Bank,individual,dev-a796632de505,,True,2026-01-03
laksh5043@cnrb,206810770892894,CNRB0720169,Laksh Kashyap,Canara Bank,individual,dev-ebdb6c79c958,,True,2026-07-01
bassijayaraman5044@oksbi,2460542633751,SBIN0603407,Bassi-Jayaraman Fashion,State Bank of India,merchant,dev-508cda535fa8,,True,2025-04-30
nitara5045@barodampay,7325741740155176,BARB0527429,Nitara Warrior,Bank of Baroda,individual,dev-5d821c136ccd,,True,2025-08-07
bora5046@okicici,58716941557163,ICIC0241031,"Bora, Chauhan and Sastry Utilities",ICICI Bank,merchant,dev-a4cee9ca3ab0,,True,2024-03-05
timothy5047@idfcfirst,381311254488206,IDFB0045462,Timothy Kala,IDFC First Bank,individual,dev-bf8ad99a7de4,,True,2024-09-19
kamala5048@okaxis,7984153365,UTIB0078917,Kamala Chatterjee,Axis Bank,individual,dev-95e4ea9f0c09,,True,2023-10-31
aahana5049@oksbi,680911298,SBIN0432143,Aahana Apte,State Bank of India,individual,dev-60e7268a0652,,True,2026-07-10
jai5050@ybl,00366453562,YESB0006741,Jai Mand,Yes Bank,individual,dev-e57d8349fa8b,,True,2023-08-14
shaurya5051@cnrb,67219370887202,CNRB0521142,Shaurya Chander,Canara Bank,individual,dev-c86b06f41f79,,True,2025-02-16
warjas5052@okhdfcbank,570150475804,HDFC0903953,Warjas Dani,HDFC Bank,individual,dev-31bbb799ac84,,True,2025-02-23
zashil5053@okicici,9561191000401801,ICIC0516819,Zashil Yadav,ICICI Bank,individual,dev-3c10f934e957,innocent_bystander,True,2026-01-26
chaitanya5054@oksbi,36781549327315,SBIN0987033,Chaitanya Soni,State Bank of India,individual,dev-c39c494c2e4d,,True,2025-04-05
oliver5055@oksbi,6666861349487,SBIN0391723,Oliver Ahuja,State Bank of India,individual,dev-74d69fd7e57c,,True,2024-10-22
tarak5056@kotak,415171426732988,KKBK0334240,Tarak Sabharwal,Kotak Mahindra Bank,individual,dev-c1d4fc0aea80,,True,2026-01-31
chaudhrychakrabarti5057@ybl,56341539906034,YESB0288295,Chaudhry-Chakrabarti Food & Dining,Yes Bank,merchant,dev-c0224bcdcc8f,,True,2024-07-13
arunima5058@ybl,305139072153687,YESB0713605,Arunima Acharya,Yes Bank,individual,dev-4b35fda1411a,innocent_bystander,True,2025-05-25
ikshita5059@barodampay,7822036148,BARB0811387,Ikshita Parikh,Bank of Baroda,individual,dev-7736bb08aa17,,True,2025-03-10
nitesh5060@kotak,38605876196889,KKBK0663333,Nitesh Bala,Kotak Mahindra Bank,individual,dev-2ba2a18c9149,,True,2025-06-13
ansh5061@ybl,4928464355700,YESB0380454,Ansh Maharaj,Yes Bank,individual,dev-9a5a85330f76,,True,2023-12-26
orinder5062@barodampay,89443911892529,BARB0068892,Orinder Dugar,Bank of Baroda,individual,dev-d3300d99d39c,,True,2026-03-23
chakradev5063@idfcfirst,135884656,IDFB0983224,Chakradev Gola,IDFC First Bank,individual,dev-86d1431636b3,,True,2026-02-02
shaurya5064@oksbi,8156652214591464,SBIN0032725,Shaurya Hora,State Bank of India,individual,dev-78b6bfac259f,innocent_bystander,True,2026-03-07
chakrika5065@barodampay,44253577267,BARB0560474,Chakrika Sharma,Bank of Baroda,individual,dev-6b4addba2528,,True,2023-11-23
shivani5066@oksbi,666692381826886,SBIN0219013,Shivani Kara,State Bank of India,individual,dev-e6d79156633a,,True,2025-07-24
azad5067@oksbi,14387330056,SBIN0795040,Azad Dalal,State Bank of India,individual,dev-1bee2b1cd2fb,,True,2025-03-26
jeevika5068@pnb,3150181048237,PUNB0910230,Jeevika Mistry,Punjab National Bank,individual,dev-098b904cb0aa,,True,2025-11-18
mitesh5069@kotak,23159329023998,KKBK0840628,Mitesh Bhatnagar,Kotak Mahindra Bank,individual,dev-37337207991f,,True,2024-10-16
urvi5070@idfcfirst,017109577867517,IDFB0483916,Urvi Radhakrishnan,IDFC First Bank,individual,dev-81821097229e,,True,2025-12-05
onveer5071@ybl,9244898547063,YESB0461393,Onveer Prasad,Yes Bank,individual,dev-adb233a691bd,,True,2024-04-25
walia5072@ybl,24013089337,YESB0314144,Walia and Sons Home Services,Yes Bank,merchant,dev-411b2dc91df1,,False,2025-07-30
ikbal5073@kotak,4667103043669,KKBK0011420,Ikbal Chad,Kotak Mahindra Bank,individual,dev-bc4f347fb4bd,,True,2026-03-14
kakar5074@okicici,084035841,ICIC0482482,Kakar Inc Fashion,ICICI Bank,merchant,dev-94a899b13a74,,True,2023-07-23
ojasvi5075@barodampay,004476925141950,BARB0334982,Ojasvi Chopra,Bank of Baroda,individual,dev-3e5a39c5956c,,True,2025-08-29
veer5076@kotak,28248719450043,KKBK0038414,Veer Ganesan,Kotak Mahindra Bank,individual,dev-35ed621620f0,,True,2026-06-25
zinal5077@kotak,21161667112404,KKBK0051597,Zinal Wali,Kotak Mahindra Bank,individual,dev-7d61e523b5d5,,True,2026-07-01
sneha5078@oksbi,20865840783180,SBIN0004300,Sneha Dugar,State Bank of India,individual,dev-94de94d599ad,innocent_bystander,True,2026-04-20
saumya5079@kotak,2593191144280962,KKBK0407655,Saumya Sandal,Kotak Mahindra Bank,individual,dev-6832ac142a96,,True,2025-10-09
sai5080@ybl,9835336469141,YESB0066444,Sai Mallick,Yes Bank,individual,dev-d7de00009856,,True,2025-02-01
abha5081@oksbi,615927051949915,SBIN0636004,Abha Kala,State Bank of India,individual,dev-a20b2f6e60ed,,True,2025-06-02
rohan5082@ybl,455723774,YESB0788928,Rohan Ravi,Yes Bank,individual,dev-15b8eed9d2e0,,True,2025-07-31
keya5083@cnrb,079920042113089,CNRB0199017,Keya Wason,Canara Bank,individual,dev-0834629314f3,,True,2024-08-21
gavin5084@cnrb,75559574058,CNRB0760119,Gavin D’Alia,Canara Bank,individual,dev-5451428c6a30,,True,2023-11-11
chatura5085@idfcfirst,1014696523,IDFB0618343,Chatura Karpe,IDFC First Bank,individual,dev-3c60892f6c64,,True,2024-11-12
varenya5086@cnrb,298942319,CNRB0589594,Varenya Rana,Canara Bank,individual,dev-c827750c9123,,True,2025-10-24
chatresh5087@cnrb,15340962031,CNRB0188383,Chatresh Vasa,Canara Bank,individual,dev-c72d1dcb73de,,True,2025-12-16
vincent5088@pnb,1337084938848369,PUNB0177496,Vincent Date,Punjab National Bank,individual,dev-00307668f2ea,gambling_network,True,2024-01-22
chandresh5089@pnb,7395178668,PUNB0109524,Chandresh Trivedi,Punjab National Bank,individual,dev-86b9983bda64,,True,2025-09-24
wyatt5090@cnrb,809211349360,CNRB0821178,Wyatt Yohannan,Canara Bank,individual,dev-0cda327b33d8,,True,2024-01-13
harinakshi5091@kotak,4309851374581892,KKBK0929279,Harinakshi Vohra,Kotak Mahindra Bank,individual,dev-d20c104fde7b,,True,2023-11-13
aashi5092@barodampay,574916455,BARB0697257,Aashi Lal,Bank of Baroda,individual,dev-80926ab7f9bd,account_takeover,False,2023-10-25
laban5093@okhdfcbank,3898623396018459,HDFC0584706,Laban Gokhale,HDFC Bank,individual,dev-1dee076a8eee,,True,2025-11-03
prisha5094@okhdfcbank,753732895920,HDFC0880486,Prisha Swaminathan,HDFC Bank,individual,dev-58added4d588,,True,2024-12-09
logan5095@barodampay,2735633767,BARB0504058,Logan Kannan,Bank of Baroda,individual,dev-f1d6b0021610,,True,2026-03-19
zarna5096@ybl,186822348221,YESB0430788,Zarna Divan,Yes Bank,individual,dev-a6bba71a8141,gambling_network,True,2025-07-24
ekbal5097@idfcfirst,530656284,IDFB0237833,Ekbal Sami,IDFC First Bank,individual,dev-8913ba3cf8bd,,True,2025-03-20
ekanta5098@okhdfcbank,307780800773731,HDFC0375442,Ekanta Sharma,HDFC Bank,individual,dev-e5fb9ae5ff1c,,True,2023-11-26
anya5099@okhdfcbank,43847613273583,HDFC0978321,Anya Nazareth,HDFC Bank,individual,dev-8b1ae33361f6,,True,2023-10-30
bachittar5100@okaxis,75574179476,UTIB0046450,Bachittar Apte,Axis Bank,individual,dev-e354fd2a9674,,True,2024-07-03
arjun5101@okaxis,346791458,UTIB0421765,Arjun Balasubramanian,Axis Bank,individual,dev-0dfe490d64e0,,True,2026-06-25
ekantika5102@okicici,700831266258312,ICIC0981129,Ekantika Gala,ICICI Bank,individual,dev-cd93c370f18e,innocent_bystander,True,2024-07-25
fitan5103@okicici,5039948237002057,ICIC0640512,Fitan Gupta,ICICI Bank,individual,dev-ef8a1429fa30,innocent_bystander,True,2025-05-19
guneet5104@kotak,74846598472,KKBK0861911,Guneet Sarna,Kotak Mahindra Bank,individual,dev-209fbe9de2e2,,True,2024-12-04
dakshesh5105@okicici,545451862,ICIC0111016,Dakshesh Bal,ICICI Bank,individual,dev-9c3a32f727f8,,True,2023-10-11
doctor5106@ybl,4558983472,YESB0954361,"Doctor, Pandit and Munshi Pharmacy",Yes Bank,merchant,dev-db6135205dfc,,True,2025-09-14
contractorthaman5107@okicici,34254244462,ICIC0556966,Contractor-Thaman Fuel,ICICI Bank,merchant,dev-331f566fc69d,,True,2025-06-20
brinda5108@okaxis,0150976848081,UTIB0123239,Brinda Lal,Axis Bank,individual,dev-e9ae5ebe03b0,,True,2025-03-14
frederick5109@okaxis,1103870437560338,UTIB0760823,Frederick Divan,Axis Bank,individual,dev-1c3cea12063c,,True,2026-05-07
bhavna5110@cnrb,127695978133,CNRB0100722,Bhavna Swaminathan,Canara Bank,individual,dev-8f64c082d756,,True,2023-12-01
matthew5111@cnrb,3778626465979843,CNRB0279792,Matthew Gill,Canara Bank,individual,dev-dde12e59c881,,True,2024-11-30
thakerbasak5112@okaxis,0216920963,UTIB0780883,Thaker-Basak Electronics,Axis Bank,merchant,dev-c53c47b296c5,,True,2026-03-17
ladli5113@pnb,866745667,PUNB0069139,Ladli Singh,Punjab National Bank,individual,dev-1a6a19eee6af,,True,2024-05-20
yashica5114@cnrb,556682788447,CNRB0514582,Yashica Saran,Canara Bank,individual,dev-330601049793,,True,2026-03-21
atharv5115@cnrb,8011985668,CNRB0920781,Atharv Basu,Canara Bank,individual,dev-4af2cbf8e62d,,True,2025-08-19
bawa5116@okaxis,955369983730839,UTIB0546275,"Bawa, Agate and Lal Home Services",Axis Bank,merchant,dev-1e84f1aa25fa,,True,2026-04-11
krishna5117@kotak,027133152144200,KKBK0824120,Krishna Pai,Kotak Mahindra Bank,individual,dev-539736d20af5,,True,2026-06-11
gaurang5118@cnrb,084104964520419,CNRB0250724,Gaurang Pathak,Canara Bank,individual,dev-6a96f23aca21,account_takeover,False,2023-12-16
mason5119@okaxis,5068184920646881,UTIB0066771,Mason Ravel,Axis Bank,individual,dev-addbcb5caf7d,innocent_bystander,True,2025-07-13
jason5120@idfcfirst,0877984680136832,IDFB0188919,Jason Keer,IDFC First Bank,individual,dev-3ccced4cb733,,True,2025-11-10
manthan5121@pnb,5047607213425602,PUNB0307483,Manthan Luthra,Punjab National Bank,individual,dev-ff4d779b0380,,True,2023-07-30
ekanta5122@barodampay,101828154,BARB0942816,Ekanta Pingle,Bank of Baroda,individual,dev-6bdcd745aad2,,True,2024-06-01
bawa5123@pnb,183504228122,PUNB0775255,"Bawa, Pau and Mukherjee Utilities",Punjab National Bank,merchant,dev-f2def88c397d,,True,2024-01-19
keya5124@okhdfcbank,14051746160,HDFC0145176,Keya Barman,HDFC Bank,individual,dev-21ab69d12d6b,,True,2023-09-04
upma5125@ybl,5145603188,YESB0978330,Upma Bera,Yes Bank,individual,dev-f58b8ae7019c,,True,2025-03-16
johalkhosla5126@okicici,097173262483151,ICIC0804826,Johal-Khosla Food & Dining,ICICI Bank,merchant,dev-17ce49bd73e2,,True,2025-12-02
triveni5127@idfcfirst,68371777379,IDFB0063765,Triveni Pant,IDFC First Bank,individual,dev-b7f22dfa9f56,,True,2025-09-14
qasim5128@okaxis,450220445192650,UTIB0247981,Qasim Dass,Axis Bank,individual,dev-990ee5b2efff,,True,2025-09-18
darsh5129@kotak,39830902071,KKBK0318077,Darsh Loyal,Kotak Mahindra Bank,individual,dev-74f6f4a0c4d8,,True,2024-12-01
jason5130@idfcfirst,258465413983568,IDFB0007364,Jason Ramanathan,IDFC First Bank,individual,dev-0418104e1072,account_takeover,True,2025-04-22
jeet5131@ybl,741104424602625,YESB0777711,Jeet Wadhwa,Yes Bank,individual,dev-717d0d507dd1,,True,2024-06-30
ahluwalia5132@okicici,09724481578,ICIC0349751,"Ahluwalia, Lal and Kuruvilla Pharmacy",ICICI Bank,merchant,dev-e5ef5b5943dc,,True,2026-04-29
urvi5133@pnb,0410406517,PUNB0293911,Urvi Tara,Punjab National Bank,individual,dev-f8cd58a9bd0f,innocent_bystander,True,2025-02-05
zaitra5134@cnrb,56708537539990,CNRB0917671,Zaitra Hari,Canara Bank,individual,dev-db7b0044e72a,,True,2026-03-09
guhawadhwa5135@barodampay,3054802605605951,BARB0784218,Guha-Wadhwa Electronics,Bank of Baroda,merchant,dev-e43e490f0248,,True,2023-11-02
mugdha5136@cnrb,53858837625956,CNRB0109788,Mugdha Loyal,Canara Bank,individual,dev-7bb9ae63c463,,True,2025-02-28
mohammed5137@pnb,1487728481826,PUNB0017315,Mohammed Bhatti,Punjab National Bank,individual,dev-8eb2a97031d5,,True,2025-03-13
mugdha5138@barodampay,65862620944967,BARB0876897,Mugdha Merchant,Bank of Baroda,individual,dev-9bcc0331504a,,True,2024-06-11
damyanti5139@kotak,8220516426186092,KKBK0964887,Damyanti Reddy,Kotak Mahindra Bank,individual,dev-3676239c9e84,,True,2024-01-18
nathan5140@kotak,46597277886643,KKBK0957469,Nathan Bail,Kotak Mahindra Bank,individual,dev-532d6a3d8441,,True,2023-12-24
oni5141@cnrb,480969946291134,CNRB0253217,Oni De,Canara Bank,individual,dev-d58156f67574,,True,2025-05-03
raagini5142@idfcfirst,528385785330426,IDFB0661625,Raagini Kala,IDFC First Bank,individual,dev-419f05e9503b,,True,2025-12-19
dayita5143@cnrb,680570483035,CNRB0089923,Dayita Krishnamurthy,Canara Bank,individual,dev-8ba2b07aa831,,True,2026-06-15
turvi5144@idfcfirst,34932887180,IDFB0809090,Turvi Baria,IDFC First Bank,individual,dev-0a1594bd618b,,True,2026-01-24
bishakha5145@kotak,14094312204110,KKBK0065453,Bishakha Ramakrishnan,Kotak Mahindra Bank,individual,dev-efc84bd431ad,,True,2024-07-29
isha5146@kotak,430242433987,KKBK0420111,Isha Prakash,Kotak Mahindra Bank,individual,dev-530723cda56f,,True,2024-12-04
basakgrover5147@kotak,19969855914,KKBK0565082,Basak-Grover Grocery,Kotak Mahindra Bank,merchant,dev-5bf27c1883d5,,True,2026-06-18
veer5148@okhdfcbank,567437194610,HDFC0096741,Veer Pillay,HDFC Bank,individual,dev-8c4d49651f4d,gambling_network,True,2023-10-17
rachit5149@okhdfcbank,878008024528377,HDFC0047357,Rachit Memon,HDFC Bank,individual,dev-023175ef7461,,True,2024-01-16
bajaj5150@barodampay,1605200896,BARB0523146,Bajaj Ltd Fuel,Bank of Baroda,merchant,dev-74a16e3ce335,,True,2024-03-26
upma5151@okaxis,33501573371074,UTIB0093230,Upma Purohit,Axis Bank,individual,dev-36401ea34649,,True,2024-12-08
nisha5152@kotak,0238782860529,KKBK0442487,Nisha Mammen,Kotak Mahindra Bank,individual,dev-cfac317f3bd7,,True,2023-10-14
yochana5153@okaxis,34029788041,UTIB0016972,Yochana Wali,Axis Bank,individual,dev-7ae1203e2d30,,True,2024-06-14
upkaar5154@pnb,621960105,PUNB0675096,Upkaar Chopra,Punjab National Bank,individual,dev-491a84ab6b8c,,True,2024-07-13
wyatt5155@okicici,5944339698481241,ICIC0015823,Wyatt Tella,ICICI Bank,individual,dev-8389a2721c10,,True,2024-04-05
anya5156@idfcfirst,429227221,IDFB0783592,Anya Narula,IDFC First Bank,individual,dev-f045331f713d,,True,2025-07-14
udyati5157@cnrb,980694572269,CNRB0664536,Udyati Bhatia,Canara Bank,individual,dev-90a63ec6d11d,,True,2025-08-22
oak5158@okaxis,1686942574025,UTIB0362786,"Oak, Barad and Mann Electronics",Axis Bank,merchant,dev-34e692ea5598,,True,2025-05-11
bishakha5159@idfcfirst,1514462524804,IDFB0942269,Bishakha Khare,IDFC First Bank,individual,dev-7e182c55a83d,,True,2025-05-18
tarak5160@okhdfcbank,759807704,HDFC0653421,Tarak Joshi,HDFC Bank,individual,dev-b8156faab5de,,True,2025-03-24
harivora5161@barodampay,7691468130333,BARB0099867,Hari-Vora Home Services,Bank of Baroda,merchant,dev-91d68e969fdf,,True,2025-11-17
divya5162@kotak,513212885666,KKBK0258135,Divya Das,Kotak Mahindra Bank,individual,dev-602a6e90405a,,True,2026-04-06
kapadiadhaliwal5163@barodampay,512350828635,BARB0277721,Kapadia-Dhaliwal Food & Dining,Bank of Baroda,merchant,dev-336417600bc2,,True,2025-01-21
gautam5164@idfcfirst,4295346192149,IDFB0372045,Gautam Chandra,IDFC First Bank,individual,dev-10d68493e7f8,,True,2025-01-20
unnati5165@pnb,590729712062605,PUNB0219905,Unnati Dasgupta,Punjab National Bank,individual,dev-e2f2f34e649c,account_takeover,True,2025-08-26
rushil5166@oksbi,47399473956,SBIN0391357,Rushil Khosla,State Bank of India,individual,dev-a685706da702,,True,2025-01-02
rudra5167@oksbi,331558374,SBIN0757545,Rudra Tailor,State Bank of India,individual,dev-93ee47ec44ab,innocent_bystander,True,2025-06-01
krish5168@idfcfirst,074036046288662,IDFB0913033,Krish Ravel,IDFC First Bank,individual,dev-aa22977e3281,,True,2025-03-17
upkaar5169@barodampay,765595724509,BARB0608757,Upkaar Baral,Bank of Baroda,individual,dev-8322671b1f6d,account_takeover,True,2024-06-11
banerjeebose5170@kotak,976175279685830,KKBK0662366,Banerjee-Bose Home Services,Kotak Mahindra Bank,merchant,dev-c87460590946,,True,2024-05-06
yashasvi5171@okicici,609813459,ICIC0026645,Yashasvi Taneja,ICICI Bank,individual,dev-bf367cf42099,,True,2025-03-09
lopa5172@kotak,331221949384252,KKBK0862996,Lopa Chandran,Kotak Mahindra Bank,individual,dev-c78e724f301a,,True,2026-02-14
xiti5173@oksbi,7481107321649651,SBIN0885560,Xiti Ray,State Bank of India,individual,dev-fce23c4fecb2,innocent_bystander,True,2025-03-19
vohra5174@cnrb,1540810682637853,CNRB0365815,"Vohra, Anand and Anne Grocery",Canara Bank,merchant,dev-06ee8284fda4,,True,2025-02-21
sathvik5175@oksbi,5508930864,SBIN0183036,Sathvik Bala,State Bank of India,individual,dev-77e95608c426,,True,2024-12-17
chhabra5176@oksbi,8344281639,SBIN0490374,Chhabra LLC Home Services,State Bank of India,merchant,dev-872ad2e1c879,,True,2025-12-02
isaac5177@okaxis,77878990789299,UTIB0655038,Isaac Datta,Axis Bank,individual,dev-f3bd54632740,,True,2024-01-15
yash5178@kotak,2436029786744403,KKBK0969709,Yash Purohit,Kotak Mahindra Bank,individual,dev-4266bcc5e5e6,,True,2025-08-21
urmi5179@okaxis,434587952023,UTIB0468093,Urmi Tank,Axis Bank,individual,dev-2e695093543e,,True,2024-02-27
manderdar5180@pnb,9065084841,PUNB0286128,Mander-Dar Electronics,Punjab National Bank,merchant,dev-3916d924cd4d,,True,2025-11-27
aarush5181@barodampay,21900215805373,BARB0302536,Aarush Kala,Bank of Baroda,individual,dev-0c611f1cb0ae,,True,2024-05-26
jhalak5182@idfcfirst,9806026625042973,IDFB0422904,Jhalak Pal,IDFC First Bank,individual,dev-331607eb299c,,True,2025-03-09
dalbir5183@ybl,105113904,YESB0891486,Dalbir Bose,Yes Bank,individual,dev-8b06f6008696,,False,2023-11-06
bobaldasgupta5184@okaxis,656520037,UTIB0836611,Bobal-Dasgupta Travel,Axis Bank,merchant,dev-b9f515397f9b,,True,2026-01-18
ikbal5185@oksbi,4981849404,SBIN0808718,Ikbal Zacharia,State Bank of India,individual,dev-962fd0d4e718,,True,2026-01-20
upkaar5186@okicici,356623246233280,ICIC0593971,Upkaar Kashyap,ICICI Bank,individual,dev-a58e27276d09,,True,2023-08-28
waglesood5187@barodampay,26130262752,BARB0264434,Wagle-Sood Travel,Bank of Baroda,merchant,dev-59ab3f53d0c4,,True,2024-08-04
avi5188@ybl,505275129935,YESB0337867,Avi Dewan,Yes Bank,individual,dev-c55fe2e31b15,,True,2024-06-27
robert5189@okaxis,036136327922,UTIB0216428,Robert Garde,Axis Bank,individual,dev-40ae5049f143,innocent_bystander,True,2025-02-14
dugar5190@cnrb,13639418233,CNRB0486948,"Dugar, Kale and Tiwari Travel",Canara Bank,merchant,dev-2d894296e272,,True,2024-04-04
ethan5191@barodampay,62864298447,BARB0010962,Ethan Khatri,Bank of Baroda,individual,dev-69f352c8982c,,True,2023-10-02
anvi5192@barodampay,185566878791,BARB0709493,Anvi Nayak,Bank of Baroda,individual,dev-de97871e0444,,True,2025-10-29
omya5193@ybl,236807351166335,YESB0437574,Omya Bose,Yes Bank,individual,dev-6ba4ffd5fc05,,True,2024-06-12
aadhya5194@pnb,4357268961899616,PUNB0181958,Aadhya Bansal,Punjab National Bank,individual,dev-5b26c5c247a6,,True,2024-09-23
menon5195@okhdfcbank,974973407611,HDFC0103804,"Menon, De and Venkatesh Food & Dining",HDFC Bank,merchant,dev-0a82d028c1de,,True,2025-01-06
brijesh5196@pnb,3893520183126,PUNB0425179,Brijesh Peri,Punjab National Bank,individual,dev-8274d8263ec5,,True,2025-06-30
geetika5197@ybl,070727306313124,YESB0459974,Geetika Khanna,Yes Bank,individual,dev-4065f454e43f,,True,2025-04-21
megha5198@idfcfirst,52975393996,IDFB0698239,Megha Sangha,IDFC First Bank,individual,dev-1500ef96d808,,True,2023-07-25
chakradhar5199@pnb,82614783554,PUNB0397815,Chakradhar Venkataraman,Punjab National Bank,individual,dev-a10496ee09d4,account_takeover,True,2023-07-21
jackson5200@okhdfcbank,3888378521819522,HDFC0033393,Jackson Dave,HDFC Bank,individual,dev-1a9f3298089f,,True,2024-03-26
andrew5201@ybl,62562116170,YESB0767107,Andrew Basak,Yes Bank,individual,dev-49647aa3b991,,True,2025-02-22
christopher5202@okicici,823671758,ICIC0586089,Christopher Venkatesh,ICICI Bank,individual,dev-1de2498c355d,,True,2025-02-05
jalsa5203@okicici,719667686968535,ICIC0155097,Jalsa Ramakrishnan,ICICI Bank,individual,dev-525dee792b6a,,True,2024-11-06
chakrabartibala5204@cnrb,5366361375,CNRB0037596,Chakrabarti-Bala Fashion,Canara Bank,merchant,dev-83e730748c9f,,True,2025-01-02
mitesh5205@pnb,223922219651039,PUNB0531748,Mitesh Shah,Punjab National Bank,individual,dev-184b1fcf3cec,,True,2024-07-17
ekani5206@okhdfcbank,77053362260374,HDFC0293085,Ekani Kala,HDFC Bank,individual,dev-a263da35bb70,,True,2026-06-24
parth5207@cnrb,760416468025,CNRB0927644,Parth Kamdar,Canara Bank,individual,dev-cba6950cf92c,innocent_bystander,True,2025-08-05
oakparekh5208@cnrb,663224251,CNRB0701792,Oak-Parekh Grocery,Canara Bank,merchant,dev-14b970ff5c0c,,True,2024-07-13
qushi5209@barodampay,78717907738,BARB0403178,Qushi Upadhyay,Bank of Baroda,individual,dev-02c40a6d8d09,innocent_bystander,True,2025-06-01
rajata5210@cnrb,572508774,CNRB0591606,Rajata Chopra,Canara Bank,individual,dev-5fc6f2b7d31c,account_takeover,True,2024-07-25
vedhika5211@okaxis,73012289409,UTIB0710844,Vedhika Samra,Axis Bank,individual,dev-02a72cd23ffe,,True,2024-03-19
shivansh5212@ybl,264581798,YESB0196997,Shivansh Vohra,Yes Bank,individual,dev-61daa6491fcf,,True,2025-06-06
bina5213@kotak,4448070997811,KKBK0201520,Bina Baria,Kotak Mahindra Bank,individual,dev-b61ccd588f72,,True,2023-11-17
wyatt5214@ybl,259075397898713,YESB0391310,Wyatt Modi,Yes Bank,individual,dev-9c3d732de039,innocent_bystander,True,2024-08-12
sara5215@cnrb,638301265,CNRB0962482,Sara Hari,Canara Bank,individual,dev-ecee752355d6,,True,2023-09-15
chanchal5216@kotak,830422666,KKBK0882285,Chanchal Khanna,Kotak Mahindra Bank,individual,dev-b1052b750e58,gambling_network,True,2025-06-20
laban5217@okicici,69175511426465,ICIC0961971,Laban Reddy,ICICI Bank,individual,dev-cd7d035a278b,,True,2026-05-02
simon5218@barodampay,8727332368,BARB0662993,Simon Kaur,Bank of Baroda,individual,dev-b00b92d54dde,,True,2023-10-21
jeet5219@pnb,14773608285437,PUNB0302241,Jeet Bera,Punjab National Bank,individual,dev-e10fdb9a88dd,,True,2024-05-07
kamala5220@barodampay,235704069,BARB0917516,Kamala Seth,Bank of Baroda,individual,dev-0edf8e113656,innocent_bystander,True,2023-11-10
badami5221@okaxis,2703993608,UTIB0243824,"Badami, Batta and Tripathi Grocery",Axis Bank,merchant,dev-0bba7f16d7dc,,True,2024-07-28
bhattacharyyamann5222@ybl,571437370,YESB0903399,Bhattacharyya-Mann Grocery,Yes Bank,merchant,dev-cf5a64f80b87,,True,2023-08-28
qabil5223@ybl,3700242748827,YESB0603344,Qabil Babu,Yes Bank,individual,dev-4c878da34a7a,,True,2023-07-17
sethi5224@okaxis,0840793350,UTIB0990310,"Sethi, Kumer and Gandhi Grocery",Axis Bank,merchant,dev-7cd0bf603639,,True,2024-07-13
osha5225@cnrb,7027348766,CNRB0246470,Osha Prashad,Canara Bank,individual,dev-88540532809e,account_takeover,True,2025-01-07
tanmayi5226@oksbi,633357714595855,SBIN0544353,Tanmayi Chakraborty,State Bank of India,individual,dev-92f3ff18d3e0,,True,2023-12-09
maanav5227@ybl,6782931259160586,YESB0993630,Maanav Wason,Yes Bank,individual,dev-e8038ff4d4f8,,True,2026-01-19
leena5228@okhdfcbank,805923150037086,HDFC0949574,Leena Kothari,HDFC Bank,individual,dev-c4c440d33b69,innocent_bystander,True,2026-07-03
ganga5229@cnrb,1107828284584452,CNRB0453946,Ganga Chauhan,Canara Bank,individual,dev-e630d8e872e3,innocent_bystander,True,2024-01-20
ansh5230@okicici,410777635,ICIC0681606,Ansh Tella,ICICI Bank,individual,dev-19966ebfbfc7,account_takeover,True,2023-08-04
robert5231@cnrb,74234606413798,CNRB0262260,Robert Gill,Canara Bank,individual,dev-15b84491b21d,,True,2026-01-21
hritik5232@okicici,4823167682795591,ICIC0511752,Hritik Goyal,ICICI Bank,individual,dev-65a0be84881a,,True,2024-07-09
chaitaly5233@cnrb,4106921199,CNRB0357837,Chaitaly Dhaliwal,Canara Bank,individual,dev-e0f62a7c9fdc,,True,2025-12-25
netra5234@kotak,25286437797327,KKBK0024750,Netra Bhakta,Kotak Mahindra Bank,individual,dev-f3553e09ffd9,,True,2025-09-05
bajajsolanki5235@barodampay,933009470155,BARB0737386,Bajaj-Solanki Fuel,Bank of Baroda,merchant,dev-763866a85b54,,True,2023-11-09
mitali5236@pnb,5594701909578240,PUNB0590127,Mitali Dalal,Punjab National Bank,individual,dev-259e58488f72,,True,2026-06-16
omisha5237@barodampay,2954542110674637,BARB0821805,Omisha Balasubramanian,Bank of Baroda,individual,dev-806a7a374eaf,,True,2023-07-24
owen5238@cnrb,3948498196,CNRB0775066,Owen Kalita,Canara Bank,individual,dev-ee30305bb752,,True,2023-09-05
vedant5239@okaxis,864364817094092,UTIB0922846,Vedant Venkatesh,Axis Bank,individual,dev-653fb9ba5af6,,True,2024-03-17
eshana5240@kotak,403288589,KKBK0945190,Eshana Pathak,Kotak Mahindra Bank,individual,dev-e10a770e7af8,,True,2026-05-08
zinal5241@okaxis,4661279928651615,UTIB0342933,Zinal Devi,Axis Bank,individual,dev-1bc17e094ddd,,True,2024-02-23
bhavani5242@ybl,9542689525916473,YESB0475936,Bhavani Aggarwal,Yes Bank,individual,dev-87552a4bc879,,True,2024-10-12
nikita5243@kotak,6755562027,KKBK0959261,Nikita Dalal,Kotak Mahindra Bank,individual,dev-424922e44009,,True,2025-03-25
radha5244@kotak,517959603,KKBK0369207,Radha Om,Kotak Mahindra Bank,individual,dev-89bbc6f20c8a,,True,2026-05-01
manan5245@kotak,38619075443788,KKBK0517400,Manan Ravi,Kotak Mahindra Bank,individual,dev-22682df0bb72,,True,2024-02-25
manan5246@pnb,7165123537242,PUNB0228412,Manan Saraf,Punjab National Bank,individual,dev-35a44d8252c2,innocent_bystander,True,2023-12-30
girik5247@okaxis,0859145122666311,UTIB0794099,Girik Raja,Axis Bank,individual,dev-f033b1239391,,True,2026-05-15
hemangini5248@okaxis,596829680,UTIB0420039,Hemangini Ray,Axis Bank,individual,dev-04c41dd12969,,True,2026-05-20
tarak5249@okhdfcbank,03256825016534,HDFC0916993,Tarak Aurora,HDFC Bank,individual,dev-f965d352fa78,,True,2023-11-20
pooja5250@pnb,8715511190,PUNB0985989,Pooja Chaudhari,Punjab National Bank,individual,dev-2cbbc899ec29,,True,2023-10-12
ranveer5251@idfcfirst,0930441850948146,IDFB0419572,Ranveer Wadhwa,IDFC First Bank,individual,dev-cdc3b8048c9a,,True,2025-05-07
gayathri5252@ybl,8967803095866698,YESB0439524,Gayathri Dara,Yes Bank,individual,dev-74a8efa021fb,,True,2024-05-15
rehaan5253@ybl,46574675789,YESB0524012,Rehaan Loke,Yes Bank,individual,dev-e907d0f72209,innocent_bystander,True,2025-08-24
manthan5254@pnb,71380469332926,PUNB0868520,Manthan Khosla,Punjab National Bank,individual,dev-60a5b8bfb0f3,,True,2025-01-02
yashodhara5255@pnb,4918594827,PUNB0208889,Yashodhara Magar,Punjab National Bank,individual,dev-07f007ed34ce,,True,2024-01-10
ayushman5256@cnrb,467900070,CNRB0457063,Ayushman Gala,Canara Bank,individual,dev-0fc19e0386ee,innocent_bystander,True,2023-08-03
udarsh5257@barodampay,5165304550,BARB0002978,Udarsh Agarwal,Bank of Baroda,individual,dev-6cb1b2c7295c,,True,2024-10-25
yoshita5258@okhdfcbank,65455749486,HDFC0404779,Yoshita Saraf,HDFC Bank,individual,dev-784c354a12a3,,True,2026-03-28
raman5259@oksbi,08473262766739,SBIN0857932,"Raman, Ramachandran and Bhatnagar Fashion",State Bank of India,merchant,dev-b6667577bf4f,,True,2026-05-31
jackson5260@kotak,7540649186158,KKBK0705098,Jackson Ram,Kotak Mahindra Bank,individual,dev-82db293a9c35,,True,2024-10-17
falan5261@oksbi,13411436821,SBIN0894827,Falan Bumb,State Bank of India,individual,dev-22056759138c,,True,2024-02-02
gaurika5262@barodampay,0800439601,BARB0852647,Gaurika Bal,Bank of Baroda,individual,dev-b910dbcb87aa,gambling_network,True,2025-12-21
dominic5263@ybl,518596318187454,YESB0040291,Dominic Prashad,Yes Bank,individual,dev-88bdb8e147b1,,True,2023-11-08
arya5264@ybl,302832449670,YESB0857977,Arya Buch,Yes Bank,individual,dev-18e8fc63513c,,True,2026-04-10
elijah5265@okicici,1400327722,ICIC0884634,Elijah Nagy,ICICI Bank,individual,dev-8b38147053b6,gambling_network,True,2026-01-23
setty5266@barodampay,825478444491133,BARB0488178,Setty Group Fuel,Bank of Baroda,merchant,dev-8fbca9fca136,,True,2024-03-15
rohan5267@okicici,219675113695576,ICIC0830497,Rohan Savant,ICICI Bank,individual,dev-0d97c94d8455,,True,2025-08-23
maanas5268@barodampay,5983190158,BARB0093177,Maanas Bedi,Bank of Baroda,individual,dev-02bbea3e0f37,,True,2025-10-05
thomas5269@okaxis,002857189,UTIB0596683,Thomas Mammen,Axis Bank,individual,dev-559161c86e51,,True,2025-09-03
badaltandon5270@okicici,595642798738942,ICIC0658053,Badal-Tandon Food & Dining,ICICI Bank,merchant,dev-9af56c3831bd,,True,2025-12-31
savantmanda5271@ybl,17907845862,YESB0314236,Savant-Manda Grocery,Yes Bank,merchant,dev-ae8b6f07cf85,,True,2023-11-05
gababhardwaj5272@okaxis,26687893840911,UTIB0545300,Gaba-Bhardwaj Grocery,Axis Bank,merchant,dev-a5f4e5b17b75,,True,2025-06-07
logan5273@barodampay,37616053261,BARB0359619,Logan Rau,Bank of Baroda,individual,dev-b8495b292d1f,gambling_network,True,2025-02-15
kalpit5274@okaxis,748311555349478,UTIB0135222,Kalpit Devan,Axis Bank,individual,dev-9124833fd8e6,,True,2024-08-11
anirudh5275@idfcfirst,2563778289543756,IDFB0922075,Anirudh Chanda,IDFC First Bank,individual,dev-63f9e8b40df3,,True,2026-05-02
urvi5276@oksbi,46722639206,SBIN0756193,Urvi Rajagopalan,State Bank of India,individual,dev-1444d6ea5f87,,True,2025-10-28
naveen5277@ybl,377667049419759,YESB0575405,Naveen Bhavsar,Yes Bank,individual,dev-3edec0dbf52f,,True,2025-07-14
arin5278@oksbi,999231613,SBIN0557595,Arin Ranganathan,State Bank of India,individual,dev-3594ce714b72,,True,2024-05-18
ekalinga5279@okicici,20385296602,ICIC0381665,Ekalinga Hayer,ICICI Bank,individual,dev-53e0cbafc271,,True,2023-10-03
samaksh5280@okhdfcbank,51873909488814,HDFC0087452,Samaksh Setty,HDFC Bank,individual,dev-b231c93df0ca,,True,2026-02-04
gaurav5281@pnb,09694658736164,PUNB0299038,Gaurav Deo,Punjab National Bank,individual,dev-7f1f38da908e,,True,2024-09-26
ishita5282@idfcfirst,782257995,IDFB0644919,Ishita Garg,IDFC First Bank,individual,dev-af45c5099a9d,gambling_network,True,2025-01-16
hemani5283@idfcfirst,447468926667,IDFB0107253,Hemani Rattan,IDFC First Bank,individual,dev-1dc2edfaaa5e,,True,2025-12-21
unni5284@okaxis,0349858218743017,UTIB0615280,Unni Buch,Axis Bank,individual,dev-3a8d08d15f09,,True,2024-10-10
advaith5285@ybl,582513947206247,YESB0567215,Advaith Jayaraman,Yes Bank,individual,dev-c1b16e0ea2e1,,True,2024-08-11
harsh5286@okicici,469489454,ICIC0766035,Harsh Brar,ICICI Bank,individual,dev-3dac0f0ad533,,True,2023-09-06
gade5287@kotak,944240528,KKBK0186959,"Gade, Acharya and Raghavan Home Services",Kotak Mahindra Bank,merchant,dev-84a6b534e12f,,True,2026-01-28
theodore5288@oksbi,2953867405780,SBIN0279595,Theodore Sami,State Bank of India,individual,dev-ce2b82b8a0a0,,True,2025-11-13
yochana5289@barodampay,9085765905,BARB0971055,Yochana Nadkarni,Bank of Baroda,individual,dev-aa46809b390d,,True,2024-06-07
unni5290@oksbi,5476730982737,SBIN0165203,Unni Tandon,State Bank of India,individual,dev-546ae258e1e0,innocent_bystander,True,2024-05-20
krisha5291@barodampay,6783485897,BARB0826607,Krisha Dara,Bank of Baroda,individual,dev-757bc020146f,,True,2026-01-09
tejas5292@pnb,329719643,PUNB0798384,Tejas Sem,Punjab National Bank,individual,dev-989b616e78ce,,True,2024-02-13
minhas5293@okhdfcbank,499467468750764,HDFC0317839,Minhas LLC Utilities,HDFC Bank,merchant,dev-212733772256,,True,2024-05-30
chandran5294@oksbi,1290253584433501,SBIN0788222,Chandran Ganguly,State Bank of India,individual,dev-4a7fd2703c70,,True,2025-09-15
champak5295@barodampay,819371786909,BARB0555276,Champak Dhaliwal,Bank of Baroda,individual,dev-1e20f63fb9e6,,True,2023-09-18
chaitaly5296@ybl,8947480959,YESB0708468,Chaitaly Uppal,Yes Bank,individual,dev-1029abba6128,,True,2024-07-12
girindra5297@oksbi,3127503368694,SBIN0820429,Girindra Sankar,State Bank of India,individual,dev-200f7b0350bb,,True,2024-02-29
bhavani5298@idfcfirst,926450445341356,IDFB0128617,Bhavani Bera,IDFC First Bank,individual,dev-025ddf9c6898,,True,2023-08-12
siya5299@kotak,562542633955,KKBK0588158,Siya Jayaraman,Kotak Mahindra Bank,individual,dev-bbf29322b00e,,True,2025-12-16
krishna5300@barodampay,3333951339817422,BARB0655210,"Krishna, Chaudry and Rao Home Services",Bank of Baroda,merchant,dev-3f39b566d02f,,True,2023-08-20
hritik5301@okicici,9401996317396,ICIC0560022,Hritik Dhar,ICICI Bank,individual,dev-179e9bd65108,,True,2024-07-22
tatavarghese5302@okicici,77539122788255,ICIC0964783,Tata-Varghese Grocery,ICICI Bank,merchant,dev-0db8a4fefcbb,,True,2026-05-22
rachit5303@idfcfirst,82207884098,IDFB0353846,Rachit Borde,IDFC First Bank,individual,dev-66473ebad003,account_takeover,True,2024-04-20
neel5304@barodampay,2529020239614,BARB0153046,Neel Chanda,Bank of Baroda,individual,dev-fc3fc71de610,,True,2023-08-08
qabil5305@kotak,1334876408161,KKBK0407101,Qabil Chaudry,Kotak Mahindra Bank,individual,dev-2f10d1291cbb,,True,2026-03-10
advika5306@okaxis,529203956,UTIB0597209,Advika Venkataraman,Axis Bank,individual,dev-62db7b280184,innocent_bystander,True,2025-10-06
onveer5307@okhdfcbank,815115252,HDFC0448298,Onveer Oak,HDFC Bank,individual,dev-21e64e36e619,,False,2026-06-06
raksha5308@idfcfirst,248475419,IDFB0093309,Raksha Kaur,IDFC First Bank,individual,dev-27b0203a3687,,True,2026-07-05
vincent5309@pnb,279359147301828,PUNB0788697,Vincent Zacharia,Punjab National Bank,individual,dev-a40508a0e96d,,True,2025-12-11
ishwar5310@okaxis,9198986498321,UTIB0687122,Ishwar Varma,Axis Bank,individual,dev-6039cde78b53,,True,2024-07-09
eiravati5311@ybl,78536431475,YESB0626945,Eiravati Rege,Yes Bank,individual,dev-1ab34ac1b8b4,,True,2025-03-22
hamsini5312@cnrb,53279880522826,CNRB0058737,Hamsini Karnik,Canara Bank,individual,dev-7f58a2bac090,,True,2025-05-20
arin5313@ybl,864800070055284,YESB0616735,Arin Tailor,Yes Bank,individual,dev-d3c1a8ba372b,,True,2026-02-15
neha5314@kotak,9668846971,KKBK0909367,Neha Dani,Kotak Mahindra Bank,individual,dev-74b65b89b51b,gambling_network,True,2025-07-24
vanya5315@cnrb,04754622332633,CNRB0181762,Vanya Bhat,Canara Bank,individual,dev-e524a0e8e779,,True,2024-01-12
watika5316@pnb,8560003362499757,PUNB0761498,Watika Keer,Punjab National Bank,individual,dev-f8a70661cf93,account_takeover,True,2025-01-03
zarna5317@idfcfirst,55692450048,IDFB0364238,Zarna Din,IDFC First Bank,individual,dev-f501db9a185c,account_takeover,True,2024-03-02
janya5318@barodampay,965637395,BARB0484678,Janya Agate,Bank of Baroda,individual,dev-89c389425bf1,,True,2024-09-24
maanas5319@oksbi,9060695002,SBIN0358522,Maanas Chad,State Bank of India,individual,dev-2c2c36e2ef2b,,True,2025-01-14
pranit5320@barodampay,971339144152,BARB0391862,Pranit Kapur,Bank of Baroda,individual,dev-a26fe4c91412,,True,2023-08-20
palla5321@oksbi,2412208852,SBIN0045334,"Palla, Narang and Dutta Home Services",State Bank of India,merchant,dev-f775fbfcb224,,True,2025-02-15
maya5322@pnb,1388416618995800,PUNB0007680,Maya Pau,Punjab National Bank,individual,dev-b8355b91239d,,True,2025-11-02
gautami5323@barodampay,2457927675263414,BARB0615968,Gautami Zacharia,Bank of Baroda,individual,dev-c256440d160f,innocent_bystander,True,2024-07-11
henry5324@barodampay,1699193854417,BARB0400547,Henry Lanka,Bank of Baroda,individual,dev-aa7a854df6bd,,True,2026-06-21
mason5325@ybl,5935964924,YESB0960953,Mason Bora,Yes Bank,individual,dev-5bf8b5b35adb,innocent_bystander,True,2026-03-13
elijah5326@pnb,514353960261052,PUNB0020479,Elijah Dewan,Punjab National Bank,individual,dev-a6881eb25caf,,True,2025-04-18
mitali5327@cnrb,429461358512542,CNRB0603655,Mitali Shan,Canara Bank,individual,dev-ed583aabd90c,,True,2026-05-30
amrita5328@oksbi,4231967067,SBIN0147104,Amrita Keer,State Bank of India,individual,dev-9cd05aef70da,,True,2025-12-12
bhavya5329@okhdfcbank,6927442949,HDFC0984207,Bhavya Babu,HDFC Bank,individual,dev-e5391e303076,,True,2023-08-02
date5330@okicici,1563786732841,ICIC0138448,Date Inc Home Services,ICICI Bank,merchant,dev-761277fac3a1,,True,2023-10-28
bahadurjit5331@cnrb,43026624514827,CNRB0298777,Bahadurjit Karpe,Canara Bank,individual,dev-1bcf9918fea2,,True,2025-10-26
zashil5332@pnb,53253492431,PUNB0423512,Zashil Tripathi,Punjab National Bank,individual,dev-507ea8a44a9e,account_takeover,True,2024-09-21
kalpit5333@okaxis,146499123,UTIB0586386,Kalpit Misra,Axis Bank,individual,dev-829a549952af,,True,2024-11-30
yauvani5334@kotak,913643605857,KKBK0690062,Yauvani Bhatti,Kotak Mahindra Bank,individual,dev-f74a389fda9e,,True,2025-03-21
bhanumati5335@kotak,93222695486,KKBK0148948,Bhanumati Palan,Kotak Mahindra Bank,individual,dev-5b5498787f76,innocent_bystander,True,2024-01-13
yashica5336@pnb,2589383023914,PUNB0911944,Yashica Shankar,Punjab National Bank,individual,dev-53e1c33916d3,,True,2025-10-05
ridhi5337@barodampay,24451822128,BARB0873833,Ridhi Chand,Bank of Baroda,individual,dev-71802149d5b2,,True,2025-11-03
praneel5338@okhdfcbank,9675688056,HDFC0984595,Praneel Keer,HDFC Bank,individual,dev-974a87967aaf,,True,2024-03-28
sara5339@cnrb,46222869244,CNRB0990795,Sara Ramakrishnan,Canara Bank,individual,dev-8b5ec7a71f19,,False,2025-05-19
rohan5340@okicici,177427738596,ICIC0906239,Rohan Zacharia,ICICI Bank,individual,dev-da5cec48449c,,True,2024-07-19
atharv5341@okaxis,3624922596193466,UTIB0911890,Atharv Seth,Axis Bank,individual,dev-35b46a3aadf8,,True,2024-04-08
lajita5342@barodampay,748818096149,BARB0625688,Lajita Brahmbhatt,Bank of Baroda,individual,dev-c8c0af85e6cd,,True,2024-02-15
triya5343@pnb,053146462,PUNB0985684,Triya Talwar,Punjab National Bank,individual,dev-d596a777a34d,,True,2025-07-28
leena5344@pnb,7054007755008,PUNB0329496,Leena Doctor,Punjab National Bank,individual,dev-dfe392c9bc8b,,True,2025-04-28
yashasvi5345@cnrb,24248653261877,CNRB0203918,Yashasvi Tank,Canara Bank,individual,dev-ee6707583333,,True,2024-09-07
kai5346@ybl,57531310794,YESB0338156,Kai Nagarajan,Yes Bank,individual,dev-ba2ea19a4dd4,account_takeover,True,2023-10-16
wakeeta5347@okicici,90111493781,ICIC0196606,Wakeeta Barad,ICICI Bank,individual,dev-2605c7b45a27,,True,2024-03-31
aadi5348@idfcfirst,8986993264038,IDFB0894679,Aadi Rastogi,IDFC First Bank,individual,dev-85ab29250cbc,,True,2026-02-13
wazir5349@barodampay,191325283515235,BARB0777735,Wazir Pillay,Bank of Baroda,individual,dev-3c8c06d3c074,,True,2024-01-19
luthra5350@oksbi,26798688713,SBIN0691445,Luthra Inc Fuel,State Bank of India,merchant,dev-904a74e2f05c,,True,2024-09-20
patel5351@barodampay,38798846754394,BARB0394782,"Patel, Ramakrishnan and Raj Fashion",Bank of Baroda,merchant,dev-d0a12224cd04,,True,2026-03-01
tanmayi5352@idfcfirst,8107073776,IDFB0404654,Tanmayi Barad,IDFC First Bank,individual,dev-2a95e1e49ac3,,True,2024-11-27
jeet5353@okhdfcbank,3240991241285925,HDFC0988130,Jeet Ganesh,HDFC Bank,individual,dev-a1a87545b975,,True,2023-10-24
godaoommen5354@kotak,19663809210015,KKBK0305157,Goda-Oommen Electronics,Kotak Mahindra Bank,merchant,dev-d87ed689bf91,,True,2024-12-23
loyalkrishnamurthy5355@okaxis,030992773493424,UTIB0229837,Loyal-Krishnamurthy Grocery,Axis Bank,merchant,dev-2bec14082634,,True,2024-07-31
maya5356@kotak,34931436642,KKBK0707129,Maya Sharma,Kotak Mahindra Bank,individual,dev-64a16d8b9dc8,,True,2024-04-20
rohan5357@oksbi,600981536,SBIN0857582,Rohan Dey,State Bank of India,individual,dev-b2b411a2bd17,innocent_bystander,True,2024-10-12
chaitaly5358@kotak,615847405042,KKBK0683201,Chaitaly Grewal,Kotak Mahindra Bank,individual,dev-857e4109e25d,,True,2024-12-18
kiaan5359@ybl,989137370682,YESB0709783,Kiaan Walia,Yes Bank,individual,dev-08413d1940fe,,True,2023-12-18
mahika5360@okhdfcbank,12103328224825,HDFC0944225,Mahika Kapadia,HDFC Bank,individual,dev-c94f94d533b9,,True,2024-08-08
harshil5361@okicici,6575503018,ICIC0037081,Harshil Oak,ICICI Bank,individual,dev-36125749ad29,,True,2024-11-19
galalad5362@okhdfcbank,028628584,HDFC0822745,Gala-Lad Fuel,HDFC Bank,merchant,dev-7ad2405dc45d,,True,2023-09-18
falak5363@okhdfcbank,390909468,HDFC0767360,Falak Grover,HDFC Bank,individual,dev-6c438cb427ac,innocent_bystander,True,2024-10-07
vasudha5364@okaxis,769934378249278,UTIB0271262,Vasudha Gokhale,Axis Bank,individual,dev-d78bb737a134,,True,2024-11-25
lopa5365@okhdfcbank,74789996203,HDFC0491688,Lopa Ganesh,HDFC Bank,individual,dev-1b7491399889,innocent_bystander,True,2025-10-28
netra5366@okaxis,6562428080474988,UTIB0713601,Netra Kant,Axis Bank,individual,dev-4177e3efa6ec,account_takeover,True,2024-05-25
hemal5367@oksbi,563449917,SBIN0683190,Hemal Wagle,State Bank of India,individual,dev-c1c22ff224e9,innocent_bystander,True,2023-09-16
harsh5368@cnrb,21302764971,CNRB0557503,Harsh Kapoor,Canara Bank,individual,dev-a0da6e638bbe,,True,2023-08-24
mahika5369@okicici,325966321049792,ICIC0668931,Mahika Pingle,ICICI Bank,individual,dev-b2edd8992e11,,True,2026-02-14
atharv5370@ybl,0615577492998,YESB0538416,Atharv Suri,Yes Bank,individual,dev-0291860c1344,,True,2023-09-06
libni5371@kotak,1216073239,KKBK0425983,Libni Nair,Kotak Mahindra Bank,individual,dev-da39f43af2c3,,True,2023-09-10
ekani5372@oksbi,627548128108088,SBIN0850433,Ekani Sura,State Bank of India,individual,dev-2f14290d0b84,,True,2024-07-29
advika5373@pnb,459301186279,PUNB0437063,Advika Kapur,Punjab National Bank,individual,dev-264021c98339,account_takeover,True,2025-05-27
rishi5374@idfcfirst,3304154128023,IDFB0734931,Rishi Mohan,IDFC First Bank,individual,dev-fce22fdaa6c4,,True,2024-11-13
yauvani5375@oksbi,702577951005,SBIN0633864,Yauvani Borde,State Bank of India,individual,dev-14a2ce2545b8,,True,2024-09-30
vasana5376@kotak,365894695281612,KKBK0912807,Vasana Sule,Kotak Mahindra Bank,individual,dev-cbeec23779bb,,True,2025-08-03
champak5377@idfcfirst,330707501090,IDFB0906739,Champak Issac,IDFC First Bank,individual,dev-cba71e065258,,True,2024-06-16
warinder5378@okicici,5215747692735,ICIC0484653,Warinder Luthra,ICICI Bank,individual,dev-77618058f70d,account_takeover,True,2023-08-08
gabriel5379@idfcfirst,20690356869529,IDFB0380977,Gabriel Patla,IDFC First Bank,individual,dev-fdefb752795a,,True,2025-02-03
meera5380@cnrb,304791721501281,CNRB0282616,Meera Mohanty,Canara Bank,individual,dev-eeae60f8c3ea,,True,2024-03-04
nanda5381@okaxis,731770796,UTIB0347582,Nanda LLC Fashion,Axis Bank,merchant,dev-0185a03896b6,,True,2023-08-03
chokshinarain5382@okicici,579161002,ICIC0489095,Chokshi-Narain Grocery,ICICI Bank,merchant,dev-51f3ce33faca,,True,2025-04-18
samaksh5383@barodampay,735179303895,BARB0604845,Samaksh Chhabra,Bank of Baroda,individual,dev-baf559a8d184,,True,2025-04-26
oscar5384@okaxis,523156048762626,UTIB0816070,Oscar Pau,Axis Bank,individual,dev-dc2ba7372071,,True,2026-06-08
oni5385@oksbi,730545972726284,SBIN0319230,Oni Soni,State Bank of India,individual,dev-55b56cfc1755,,True,2023-08-21
wazir5386@okicici,733428753532,ICIC0644873,Wazir Sandhu,ICICI Bank,individual,dev-73ecd63231c4,innocent_bystander,False,2024-06-20
edhitha5387@oksbi,366018982862,SBIN0676532,Edhitha Bath,State Bank of India,individual,dev-ea0328c53009,,True,2026-01-04
amaira5388@barodampay,98018661873,BARB0883596,Amaira Doctor,Bank of Baroda,individual,dev-665b32a7b3ef,,True,2026-04-01
bhanumati5389@pnb,2568852434276902,PUNB0009881,Bhanumati Chahal,Punjab National Bank,individual,dev-c152f83f5d86,,True,2026-05-17
pandya5390@okhdfcbank,8592510645949530,HDFC0970996,Pandya and Sons Utilities,HDFC Bank,merchant,dev-c97186cccfb0,,True,2025-12-07
leela5391@okhdfcbank,543596468019,HDFC0983130,Leela Wadhwa,HDFC Bank,individual,dev-2566b6b4cdad,innocent_bystander,False,2023-12-06
urvashi5392@idfcfirst,82735961994,IDFB0380831,Urvashi Bhasin,IDFC First Bank,individual,dev-b2f41ec0f36b,,True,2023-11-06
vanya5393@oksbi,8983418054394089,SBIN0349797,Vanya Ahuja,State Bank of India,individual,dev-e69ba84633b9,,True,2026-06-28
pateldayal5394@oksbi,045643255325249,SBIN0743130,Patel-Dayal Fashion,State Bank of India,merchant,dev-cdfea4bf7d8e,,True,2025-07-31
yoshita5395@cnrb,691615367902,CNRB0704594,Yoshita Vyas,Canara Bank,individual,dev-875af5e046b4,,False,2024-08-20
neelima5396@okhdfcbank,542499633,HDFC0093372,Neelima Gaba,HDFC Bank,individual,dev-515db0403562,,True,2026-07-14
ganga5397@pnb,58996683104,PUNB0144967,Ganga Sangha,Punjab National Bank,individual,dev-639598c32db5,,True,2024-06-01
dalbir5398@oksbi,243421335169450,SBIN0153899,Dalbir Nair,State Bank of India,individual,dev-0631f5078372,,True,2025-01-20
shivani5399@ybl,78344707240,YESB0806765,Shivani Yohannan,Yes Bank,individual,dev-9ef0b51a6ae3,,True,2025-06-16
mammenmisra5400@barodampay,10289001597292,BARB0358536,Mammen-Misra Fuel,Bank of Baroda,merchant,dev-775082d120b7,,True,2024-02-16
lakshit5401@idfcfirst,9142169950873,IDFB0876689,Lakshit Tailor,IDFC First Bank,individual,dev-41163f3b53b4,innocent_bystander,True,2024-11-10
yashvi5402@okhdfcbank,3702432095497644,HDFC0418022,Yashvi Nazareth,HDFC Bank,individual,dev-1e134d4e8485,,True,2025-10-21
harinakshi5403@kotak,14600004540063,KKBK0123352,Harinakshi Sami,Kotak Mahindra Bank,individual,dev-f3ef954549b3,,True,2025-11-27
edhitha5404@okicici,89454614498557,ICIC0064316,Edhitha Mani,ICICI Bank,individual,dev-9e6a50853ad0,gambling_network,True,2024-10-04
yadavi5405@ybl,158322787,YESB0289457,Yadavi Dave,Yes Bank,individual,dev-aca5fc6f4d09,,True,2025-07-28
jagat5406@oksbi,582118164018,SBIN0444839,Jagat Butala,State Bank of India,individual,dev-9c4c2c99a3d6,,True,2026-05-05
gaurangi5407@barodampay,3803086052715610,BARB0862939,Gaurangi Bal,Bank of Baroda,individual,dev-d727c61dbb86,gambling_network,True,2026-05-23
abeer5408@kotak,807846486701604,KKBK0914423,Abeer Baral,Kotak Mahindra Bank,individual,dev-f8cac461e36f,,True,2026-03-02
nachiket5409@kotak,3891753321272018,KKBK0396771,Nachiket Mohanty,Kotak Mahindra Bank,individual,dev-4a2dfdfd7b15,,True,2024-11-07
victor5410@okaxis,272728507927251,UTIB0399212,Victor Kata,Axis Bank,individual,dev-7edf5eb87432,,True,2024-04-18
warjas5411@okaxis,4310173330,UTIB0234883,Warjas Deep,Axis Bank,individual,dev-8e6408d24d42,,True,2023-12-12
eshana5412@kotak,6577999983752,KKBK0008911,Eshana Nadig,Kotak Mahindra Bank,individual,dev-99fe95257498,,True,2024-07-05
sathvik5413@barodampay,62495861556936,BARB0837797,Sathvik Ahluwalia,Bank of Baroda,individual,dev-6f6ef68513cc,,True,2026-04-17
harini5414@idfcfirst,583116062138,IDFB0059134,Harini Srivastava,IDFC First Bank,individual,dev-9e3793dd175d,,True,2025-11-14
samar5415@okhdfcbank,9689153231,HDFC0564235,Samar Sandal,HDFC Bank,individual,dev-1195d92a6a5a,innocent_bystander,True,2025-02-20
harish5416@okicici,8226861259159528,ICIC0172482,Harish Mander,ICICI Bank,individual,dev-555911601823,innocent_bystander,True,2024-03-26
bhavani5417@cnrb,474036487,CNRB0089920,Bhavani Venkatesh,Canara Bank,individual,dev-8f448eb5a6c6,,True,2025-04-30
libni5418@cnrb,7133296438273051,CNRB0923444,Libni Swaminathan,Canara Bank,individual,dev-87f9fb36f6d5,innocent_bystander,True,2025-02-22
xalak5419@oksbi,55683825900,SBIN0544080,Xalak Kapadia,State Bank of India,individual,dev-f31841bb3d97,,True,2024-12-03
saumya5420@barodampay,967751045703375,BARB0375789,Saumya Sastry,Bank of Baroda,individual,dev-8ad4adb8d733,,True,2026-06-25
odika5421@cnrb,87309280203084,CNRB0252603,Odika Doctor,Canara Bank,individual,dev-5b1ff34e09c2,,True,2025-07-01
kai5422@barodampay,28504116416,BARB0446347,Kai Peri,Bank of Baroda,individual,dev-0f4b0f652632,,True,2024-08-26
jyoti5423@barodampay,2911484496,BARB0866779,Jyoti Mani,Bank of Baroda,individual,dev-17d19850746e,,True,2025-05-31
ekaraj5424@cnrb,6058180310,CNRB0277081,Ekaraj Vora,Canara Bank,individual,dev-70d5ddeeb9b8,,True,2026-04-03
oscar5425@okhdfcbank,16637767224,HDFC0174352,Oscar Cherian,HDFC Bank,individual,dev-bcd5d01cbd7f,,True,2026-03-13
deol5426@barodampay,0346866764,BARB0668201,"Deol, Gupta and Bhatnagar Fuel",Bank of Baroda,merchant,dev-7b195e662197,,False,2024-06-11
ryan5427@okicici,6774980366,ICIC0863914,Ryan Dhar,ICICI Bank,individual,dev-3d1ea38e893c,,True,2025-04-14
dalaja5428@okhdfcbank,6317902472,HDFC0572779,Dalaja Chanda,HDFC Bank,individual,dev-19ce3a4cc6d4,innocent_bystander,True,2025-07-20
krishna5429@kotak,34313237811,KKBK0379721,Krishna Anand,Kotak Mahindra Bank,individual,dev-971ffc895496,account_takeover,False,2025-11-09
zinal5430@okhdfcbank,804917627248,HDFC0714479,Zinal Konda,HDFC Bank,individual,dev-610ce27c1fae,,True,2024-08-13
adweta5431@pnb,952342761013254,PUNB0390792,Adweta Suri,Punjab National Bank,individual,dev-dc239758dbe2,,True,2026-06-26
samar5432@oksbi,9232646013932,SBIN0621646,Samar Sheth,State Bank of India,individual,dev-c811bbfe18d1,,True,2026-01-27
arjun5433@okaxis,6125582797495471,UTIB0784314,Arjun Walia,Axis Bank,individual,dev-a0c9c53c8f10,,True,2025-02-16
urishilla5434@oksbi,8981192627819339,SBIN0934347,Urishilla Raval,State Bank of India,individual,dev-02752baa5ad3,,True,2024-10-11
chahal5435@ybl,4798350501,YESB0394251,"Chahal, Shah and Goel Travel",Yes Bank,merchant,dev-589ef31f4242,,True,2024-03-26
inaya5436@barodampay,509101619,BARB0625210,Inaya Srinivasan,Bank of Baroda,individual,dev-5501945106b4,,True,2025-07-06
ekani5437@okaxis,1622705490992689,UTIB0342137,Ekani Lad,Axis Bank,individual,dev-c2754846ff3a,gambling_network,True,2024-02-20
amaira5438@ybl,42869879615,YESB0722937,Amaira Sule,Yes Bank,individual,dev-b1f837b12d8c,innocent_bystander,True,2026-05-07
ladli5439@okhdfcbank,3104337903251968,HDFC0633563,Ladli Dubey,HDFC Bank,individual,dev-fe4c16e75f02,,True,2026-07-03
eshana5440@cnrb,5548002817938,CNRB0402455,Eshana Dhar,Canara Bank,individual,dev-5c47ef7d5103,,True,2025-12-02
chana5441@okaxis,712985299623,UTIB0013020,"Chana, Vaidya and Setty Electronics",Axis Bank,merchant,dev-4c61b2cf1941,,True,2024-10-07
khoslachaudry5442@pnb,058270292641355,PUNB0828003,Khosla-Chaudry Food & Dining,Punjab National Bank,merchant,dev-ddf881374c8e,,True,2024-02-27
chatresh5443@kotak,0495972970759614,KKBK0767517,Chatresh Gopal,Kotak Mahindra Bank,individual,dev-f9025592522d,innocent_bystander,True,2025-06-27
jai5444@oksbi,097064532917,SBIN0505759,Jai Singh,State Bank of India,individual,dev-6d4f73f49abf,,True,2024-05-22
dev5445@pnb,943900601,PUNB0074850,Dev Shankar,Punjab National Bank,individual,dev-7ae9eeee73f3,account_takeover,True,2026-01-26
rushil5446@kotak,4469025452,KKBK0320903,Rushil Savant,Kotak Mahindra Bank,individual,dev-f629f7b5ca2b,,True,2023-12-10
quincy5447@barodampay,097868416,BARB0052557,Quincy Balakrishnan,Bank of Baroda,individual,dev-8c9e7ff4ab8f,,True,2024-05-23
qabil5448@pnb,3513498531,PUNB0951025,Qabil Gera,Punjab National Bank,individual,dev-36b281b1c01c,,True,2024-03-16
tanish5449@idfcfirst,643590225591740,IDFB0827507,Tanish Sabharwal,IDFC First Bank,individual,dev-0f317401c0ca,account_takeover,True,2024-10-04
harrison5450@ybl,7107746561878,YESB0167325,Harrison Sane,Yes Bank,individual,dev-f14ed7706143,,True,2024-12-09
faqid5451@pnb,4475387135892,PUNB0408688,Faqid Mitter,Punjab National Bank,individual,dev-3550222587a7,,True,2026-06-06
maanas5452@okicici,91798568181,ICIC0145387,Maanas Khalsa,ICICI Bank,individual,dev-1afb550b0133,gambling_network,True,2025-08-19
ekta5453@barodampay,125756316861915,BARB0767480,Ekta Patla,Bank of Baroda,individual,dev-e4351afb44eb,,True,2024-08-18
samar5454@idfcfirst,9060399191352010,IDFB0587833,Samar Nagarajan,IDFC First Bank,individual,dev-bfa1f0a39e3a,innocent_bystander,True,2023-10-23
amara5455@okaxis,42609232716,UTIB0669592,Amara Sahni,Axis Bank,individual,dev-e3ca46c1feae,gambling_network,True,2025-05-14
vrinda5456@barodampay,86411117665520,BARB0832319,Vrinda Sheth,Bank of Baroda,individual,dev-fca68d9ec4d7,innocent_bystander,True,2025-09-04
tailor5457@cnrb,631304859,CNRB0994432,"Tailor, Kanda and Edwin Electronics",Canara Bank,merchant,dev-65f30cd88f0d,,True,2024-05-29
mannkota5458@pnb,848347386868,PUNB0580911,Mann-Kota Utilities,Punjab National Bank,merchant,dev-eb93de75774e,,True,2024-09-16
gaurangi5459@oksbi,438810583374,SBIN0638046,Gaurangi Lal,State Bank of India,individual,dev-7fc667e26a15,account_takeover,True,2023-09-14
wishi5460@okhdfcbank,3423420755177453,HDFC0787259,Wishi Dada,HDFC Bank,individual,dev-69a2ddea500d,,True,2025-07-29
sanya5461@cnrb,3695842021,CNRB0741818,Sanya Sarna,Canara Bank,individual,dev-4322611ae4c7,,True,2025-05-29
rachit5462@pnb,8451177624,PUNB0495397,Rachit Ghosh,Punjab National Bank,individual,dev-4403674111d3,,True,2023-11-20
ekaraj5463@idfcfirst,2166786366,IDFB0312995,Ekaraj Edwin,IDFC First Bank,individual,dev-abb19ee2382f,innocent_bystander,True,2024-01-05
garima5464@okaxis,7267782196,UTIB0434192,Garima Koshy,Axis Bank,individual,dev-9c411f6d0aab,,True,2025-09-05
widisha5465@idfcfirst,5969752627046,IDFB0365432,Widisha Chowdhury,IDFC First Bank,individual,dev-38078a5f9a5e,,True,2025-07-14
vritti5466@idfcfirst,53464381511,IDFB0527217,Vritti Narain,IDFC First Bank,individual,dev-a85de30a493b,,True,2025-01-02
venkataraman5467@oksbi,20325299399931,SBIN0649985,Venkataraman and Sons Food & Dining,State Bank of India,merchant,dev-d4ad05b23a01,,True,2023-08-05
manthan5468@pnb,152970351,PUNB0197539,Manthan Bala,Punjab National Bank,individual,dev-76131f09a6be,,True,2026-03-12
krish5469@pnb,127869966302,PUNB0828969,Krish Patla,Punjab National Bank,individual,dev-956ce9be21a7,,False,2025-10-08
chatura5470@idfcfirst,70411749193681,IDFB0253485,Chatura Guha,IDFC First Bank,individual,dev-59b2254d693e,,True,2025-11-07
baljiwan5471@cnrb,0572811809,CNRB0204254,Baljiwan Basu,Canara Bank,individual,dev-3d6ef3296b91,innocent_bystander,True,2025-10-05
vrinda5472@barodampay,54488257210154,BARB0747361,Vrinda Shroff,Bank of Baroda,individual,dev-a29a29cfb41b,,True,2024-04-19
ikshita5473@barodampay,8847198627101426,BARB0276823,Ikshita Kade,Bank of Baroda,individual,dev-402a11c7e0f2,,True,2025-02-05
yoshita5474@pnb,640837653,PUNB0883626,Yoshita Parikh,Punjab National Bank,individual,dev-bab4bc1716b5,,True,2024-10-30
warjas5475@kotak,250298619,KKBK0473842,Warjas Warrior,Kotak Mahindra Bank,individual,dev-6eb07762b11c,innocent_bystander,True,2023-08-31
darsh5476@barodampay,4216363230,BARB0770681,Darsh Baria,Bank of Baroda,individual,dev-c0d17daffeb7,,True,2025-11-03
badal5477@barodampay,0640676393900914,BARB0669438,Badal LLC Grocery,Bank of Baroda,merchant,dev-17774b26feca,,True,2025-10-09
warinder5478@okhdfcbank,438760425986,HDFC0207634,Warinder Rama,HDFC Bank,individual,dev-373927e280b9,,True,2026-03-24
ekani5479@oksbi,8338567719,SBIN0636972,Ekani Choudhary,State Bank of India,individual,dev-71df2c506f45,,True,2023-08-12
ekalinga5480@oksbi,39559344856913,SBIN0613017,Ekalinga Palan,State Bank of India,individual,dev-21fa6ba97c51,,True,2024-11-05
shivansh5481@okhdfcbank,817495106533701,HDFC0109101,Shivansh Chander,HDFC Bank,individual,dev-94aec587623c,,True,2024-02-22
manthan5482@cnrb,5247178972481,CNRB0740150,Manthan Ganesh,Canara Bank,individual,dev-b3421ebb4f3c,,True,2026-07-03
arjun5483@okaxis,423325527971,UTIB0433115,Arjun Chanda,Axis Bank,individual,dev-9aba6e1f505e,account_takeover,True,2023-09-16
rushil5484@barodampay,924375268,BARB0695552,Rushil Sridhar,Bank of Baroda,individual,dev-9ac8c64066f1,,True,2025-01-28
vaidyahans5485@okhdfcbank,04385035339,HDFC0012607,Vaidya-Hans Fashion,HDFC Bank,merchant,dev-545e1051d619,,True,2024-04-19
ronith5486@cnrb,7404372776,CNRB0368238,Ronith Ahluwalia,Canara Bank,individual,dev-a991dd1dc456,,True,2023-09-06
upma5487@ybl,6417947026314703,YESB0894926,Upma Butala,Yes Bank,individual,dev-1592610c7831,,True,2024-09-19
xalak5488@barodampay,15036920140393,BARB0733817,Xalak Chander,Bank of Baroda,individual,dev-5218e1269ad4,,True,2025-12-06
maanav5489@idfcfirst,96765433911451,IDFB0132825,Maanav Rao,IDFC First Bank,individual,dev-42168a53b1b3,,True,2026-04-11
matthew5490@barodampay,859757766845236,BARB0826692,Matthew Doshi,Bank of Baroda,individual,dev-a5a20a3b36ad,,True,2025-12-08
sarthak5491@okaxis,2457644708,UTIB0379172,Sarthak Dugar,Axis Bank,individual,dev-faf3e17732c1,,True,2025-05-23
triveni5492@okaxis,7089976901,UTIB0663664,Triveni Rout,Axis Bank,individual,dev-e3c6160d7869,,True,2026-04-15
dewanbera5493@kotak,0434571060612535,KKBK0984749,Dewan-Bera Utilities,Kotak Mahindra Bank,merchant,dev-28368d6c7a3f,,True,2023-10-25
gaurav5494@okhdfcbank,657754920,HDFC0787227,Gaurav D’Alia,HDFC Bank,individual,dev-2a987226ab74,,True,2024-01-29
lavanya5495@okhdfcbank,423059870166149,HDFC0916189,Lavanya Rau,HDFC Bank,individual,dev-fbe774ac08cf,,True,2024-10-10
kai5496@idfcfirst,0751620104057,IDFB0730966,Kai Golla,IDFC First Bank,individual,dev-c067a7f0b34d,,True,2026-05-09
jai5497@oksbi,727192985429,SBIN0940415,Jai Balay,State Bank of India,individual,dev-63017ad7ef49,innocent_bystander,True,2026-02-17
laban5498@pnb,36646611226271,PUNB0562693,Laban Oza,Punjab National Bank,individual,dev-a3f742b5a499,,True,2023-08-19
yuvraj5499@barodampay,108311570449002,BARB0946147,Yuvraj Hora,Bank of Baroda,individual,dev-66d9fe0664e9,,True,2024-02-27
balhaar5500@kotak,9808592844,KKBK0574444,Balhaar Memon,Kotak Mahindra Bank,individual,dev-ffa02bc7484b,,False,2024-08-19
hans5501@oksbi,244400703,SBIN0252981,"Hans, Sankar and Rai Grocery",State Bank of India,merchant,dev-ed1f7109c13c,,True,2024-07-13
joshiyadav5502@ybl,64787032765115,YESB0992527,Joshi-Yadav Grocery,Yes Bank,merchant,dev-727d69b1eb51,,True,2024-01-26
praneel5503@idfcfirst,4444203347029659,IDFB0410638,Praneel Shah,IDFC First Bank,individual,dev-d9bf820df99a,,True,2023-09-21
mitra5504@oksbi,6070125873,SBIN0616080,"Mitra, Verma and Chawla Food & Dining",State Bank of India,merchant,dev-e17157d30af4,,True,2023-10-16
baghyawati5505@cnrb,0848675403943906,CNRB0605791,Baghyawati Goda,Canara Bank,individual,dev-9457f6b2e845,,True,2024-03-26
gautam5506@pnb,114055166138062,PUNB0708189,Gautam Mane,Punjab National Bank,individual,dev-12b43f09ad91,,True,2024-07-11
megha5507@idfcfirst,1105305628339,IDFB0839451,Megha Vohra,IDFC First Bank,individual,dev-c36df9615236,,True,2025-07-14
geetika5508@oksbi,0226748924037,SBIN0807779,Geetika Anand,State Bank of India,individual,dev-1046ceb3888c,account_takeover,True,2024-06-24
krish5509@okicici,019143413,ICIC0829734,Krish Doctor,ICICI Bank,individual,dev-ce53b31acaee,,True,2024-11-14
keya5510@oksbi,17132061881401,SBIN0846639,Keya Dave,State Bank of India,individual,dev-94e56a56666b,,True,2025-05-05
hari5511@ybl,302786907,YESB0992461,Hari Ltd Electronics,Yes Bank,merchant,dev-bfb291e185fb,,True,2024-11-01
inaya5512@ybl,3643611641996392,YESB0025756,Inaya Rai,Yes Bank,individual,dev-1b438a9b4ec2,,True,2025-07-18
aarav5513@okhdfcbank,5311068287,HDFC0747081,Aarav Kala,HDFC Bank,individual,dev-b772414aa701,,True,2023-11-29
kabir5514@pnb,17366255912472,PUNB0710908,Kabir Taneja,Punjab National Bank,individual,dev-5f26de2503ea,,True,2025-11-09
gunbir5515@barodampay,410252429465756,BARB0837836,Gunbir Karnik,Bank of Baroda,individual,dev-7e31e6a21af6,,True,2025-11-19
jagat5516@idfcfirst,687220525142191,IDFB0655809,Jagat Dhar,IDFC First Bank,individual,dev-36aec570816e,,True,2025-04-30
rayaan5517@okaxis,870056390,UTIB0351039,Rayaan Samra,Axis Bank,individual,dev-0cd83d17b63e,,True,2026-06-07
eta5518@kotak,826802061080543,KKBK0589684,Eta Zacharia,Kotak Mahindra Bank,individual,dev-f77ff69af0cd,,True,2025-04-27
rammohanty5519@okhdfcbank,94807583824116,HDFC0355139,Ram-Mohanty Fashion,HDFC Bank,merchant,dev-648d1adb2522,,True,2024-02-01
simon5520@okhdfcbank,885994046,HDFC0343667,Simon Bala,HDFC Bank,individual,dev-4dcc62e7d51f,,True,2025-07-03
bordedugal5521@okicici,66082229467,ICIC0621709,Borde-Dugal Fashion,ICICI Bank,merchant,dev-738755bb0954,,True,2024-12-11
dhaliwal5522@pnb,5003743491568498,PUNB0099263,Dhaliwal Group Fashion,Punjab National Bank,merchant,dev-bccb39402e8e,,True,2025-02-10
pahal5523@idfcfirst,243505229187306,IDFB0688905,Pahal Dasgupta,IDFC First Bank,individual,dev-25a9d332484b,gambling_network,True,2023-12-19
neel5524@kotak,25559364134159,KKBK0371805,Neel Srinivas,Kotak Mahindra Bank,individual,dev-33eb2c8e20c7,account_takeover,True,2026-02-18
warda5525@idfcfirst,180160968,IDFB0690093,Warda Mall,IDFC First Bank,individual,dev-1dbb5842a632,gambling_network,True,2025-11-24
ganesan5526@okaxis,8750117287881647,UTIB0051750,Ganesan PLC Electronics,Axis Bank,merchant,dev-2606f57009ff,,True,2025-07-23
saanvi5527@kotak,4969203440052,KKBK0357392,Saanvi Chada,Kotak Mahindra Bank,individual,dev-2dc1f4c56767,account_takeover,True,2024-04-16
sandhubains5528@ybl,24032544600,YESB0479686,Sandhu-Bains Food & Dining,Yes Bank,merchant,dev-11ad2960aafa,,True,2023-12-19
vedant5529@okaxis,7240075499948078,UTIB0002805,Vedant De,Axis Bank,individual,dev-d5379fc8c99d,gambling_network,True,2023-11-22
baghyawati5530@okicici,4131160091507506,ICIC0161486,Baghyawati Wali,ICICI Bank,individual,dev-210f0ff8aadf,,True,2025-01-02
hema5531@oksbi,4318550628643170,SBIN0957796,Hema Nagarajan,State Bank of India,individual,dev-7990be5204d6,,True,2025-02-01
nathan5532@ybl,5843646977270,YESB0451285,Nathan Amble,Yes Bank,individual,dev-73802c32e0d9,,True,2024-04-14
bhavika5533@cnrb,90024686412478,CNRB0050540,Bhavika Bali,Canara Bank,individual,dev-6fb848eb18fd,,True,2025-12-07
daniel5534@okicici,3793144556083753,ICIC0922181,Daniel Dash,ICICI Bank,individual,dev-6ec57a4699dc,account_takeover,True,2026-01-21
janani5535@oksbi,44603400786,SBIN0965210,Janani Ravi,State Bank of India,individual,dev-d08688e87f77,,True,2023-12-23
siya5536@cnrb,9157425869511077,CNRB0014746,Siya Pillay,Canara Bank,individual,dev-704868cc8542,,True,2024-07-28
darika5537@barodampay,23231616912178,BARB0639963,Darika Bhattacharyya,Bank of Baroda,individual,dev-290c04936eaf,,True,2025-09-02
saanvi5538@okicici,9549979737,ICIC0995560,Saanvi Pall,ICICI Bank,individual,dev-09967ef28081,,True,2026-03-14
bhavani5539@okicici,6153968125901713,ICIC0659786,Bhavani Sandal,ICICI Bank,individual,dev-9ac6676dceac,account_takeover,True,2023-12-28
yatin5540@oksbi,561430863096809,SBIN0059433,Yatin Krishnamurthy,State Bank of India,individual,dev-a6a2dae9dd86,,True,2024-11-01
hitesh5541@okhdfcbank,4272479775383269,HDFC0474978,Hitesh Devan,HDFC Bank,individual,dev-72d0aa5e7c17,,True,2025-08-22
triya5542@okaxis,7211845842,UTIB0986868,Triya Saraf,Axis Bank,individual,dev-31e6de9b5e7d,,True,2023-08-04
indrajit5543@barodampay,800046628064086,BARB0554949,Indrajit Basu,Bank of Baroda,individual,dev-ea9124a729b7,,True,2024-12-01
jagat5544@oksbi,25993601471271,SBIN0072463,Jagat Varkey,State Bank of India,individual,dev-96496fa179c0,account_takeover,True,2026-06-06
balvan5545@pnb,6873649549122,PUNB0684794,Balvan Johal,Punjab National Bank,individual,dev-d7bab8af7e77,,True,2025-07-06
nitara5546@okicici,0227681838542022,ICIC0555723,Nitara Karpe,ICICI Bank,individual,dev-71a44cb755a4,,True,2023-08-30
shivani5547@okaxis,28706000040,UTIB0552038,Shivani Rastogi,Axis Bank,individual,dev-d6d96625a615,,True,2026-02-02
gautam5548@okhdfcbank,05533663734964,HDFC0580572,Gautam Suresh,HDFC Bank,individual,dev-dc486372e227,,True,2026-04-08
pallavi5549@oksbi,48888171788278,SBIN0040756,Pallavi Varty,State Bank of India,individual,dev-aada4d68e712,,True,2024-10-15
agastya5550@okaxis,977412510,UTIB0195060,Agastya Varughese,Axis Bank,individual,dev-fc98b7c6d0e5,,True,2026-01-18
peri5551@pnb,8092779925906,PUNB0874797,Peri Group Fuel,Punjab National Bank,merchant,dev-645fbf75621e,,True,2024-09-02
manbir5552@oksbi,6243361281474,SBIN0462188,Manbir Balasubramanian,State Bank of India,individual,dev-2e6c601c5534,,True,2026-02-26
chokshi5553@okhdfcbank,796248207,HDFC0654729,"Chokshi, Oommen and Bhat Electronics",HDFC Bank,merchant,dev-5b4d07fece7b,,True,2025-05-03
frado5554@cnrb,209412666994,CNRB0700737,Frado Hayre,Canara Bank,individual,dev-8c6456202185,,True,2026-01-20
nilima5555@okicici,2976817192374,ICIC0840577,Nilima Sethi,ICICI Bank,individual,dev-bc1dc765f903,,True,2024-12-13
yatin5556@cnrb,63036386268,CNRB0965551,Yatin Bhagat,Canara Bank,individual,dev-6878f60d867e,innocent_bystander,True,2025-07-31
karniknatarajan5557@barodampay,492413126,BARB0473368,Karnik-Natarajan Electronics,Bank of Baroda,merchant,dev-6e97ab32631a,,True,2025-06-19
batta5558@okaxis,77051580999062,UTIB0015678,Batta LLC Fashion,Axis Bank,merchant,dev-1201001039f8,,True,2023-07-20
anya5559@kotak,12960108005,KKBK0463743,Anya Swamy,Kotak Mahindra Bank,individual,dev-aa7ed3388478,,True,2024-08-03
ryan5560@kotak,1615553418,KKBK0669929,Ryan Rattan,Kotak Mahindra Bank,individual,dev-a26deb1e8590,,True,2025-05-24
ishaan5561@idfcfirst,8511883924,IDFB0434963,Ishaan Hegde,IDFC First Bank,individual,dev-06afc505ea78,account_takeover,True,2025-12-02
anay5562@pnb,388253898,PUNB0609914,Anay Saran,Punjab National Bank,individual,dev-b27681fbadef,innocent_bystander,True,2025-02-19
ikshita5563@pnb,096726197285,PUNB0449300,Ikshita Wali,Punjab National Bank,individual,dev-01e9a184034a,gambling_network,True,2025-08-20
sanya5564@barodampay,9336730532,BARB0456882,Sanya Sandhu,Bank of Baroda,individual,dev-12687f28fb9b,gambling_network,True,2023-08-01
zehaan5565@ybl,82609377720,YESB0993941,Zehaan Taneja,Yes Bank,individual,dev-078e216c6cff,,True,2025-09-16
samarth5566@okaxis,5173460221601,UTIB0908136,Samarth Dara,Axis Bank,individual,dev-f9dca3a3476a,,True,2023-09-29
ahluwalia5567@pnb,203899270172,PUNB0854889,"Ahluwalia, Nath and Issac Fuel",Punjab National Bank,merchant,dev-0a63524bda12,,True,2024-03-26
neha5568@idfcfirst,2043501954613,IDFB0979209,Neha Dugar,IDFC First Bank,individual,dev-e09ae4360ccf,,True,2024-12-30
aachal5569@okhdfcbank,755633206,HDFC0691475,Aachal Sarkar,HDFC Bank,individual,dev-48b9a252ac39,,True,2024-02-02
rajeshri5570@okhdfcbank,22056674380,HDFC0261732,Rajeshri Dixit,HDFC Bank,individual,dev-0090ea5195b6,,True,2024-01-13
ira5571@okaxis,222481541491,UTIB0143949,Ira Bhatt,Axis Bank,individual,dev-700565f62e31,,True,2025-02-27
lakshit5572@okaxis,2750095312,UTIB0644941,Lakshit Soman,Axis Bank,individual,dev-19a50914d4a5,innocent_bystander,True,2025-06-15
azad5573@barodampay,22910737085,BARB0004007,Azad Bhandari,Bank of Baroda,individual,dev-8dc87461dd85,,True,2025-01-13
neha5574@oksbi,323613872,SBIN0462896,Neha Sachdeva,State Bank of India,individual,dev-c68b03adb7fa,,True,2025-08-08
harish5575@okhdfcbank,69003769685,HDFC0198614,Harish Mukhopadhyay,HDFC Bank,individual,dev-e60d136d0ffc,,True,2025-06-11
aryan5576@oksbi,94647477247,SBIN0619590,Aryan Bir,State Bank of India,individual,dev-af212ea613de,,True,2024-10-31
bedi5577@okicici,257792554,ICIC0844213,Bedi Group Utilities,ICICI Bank,merchant,dev-b27d6c5bd0d5,,True,2025-07-30
unni5578@pnb,374100330296955,PUNB0498726,Unni Dash,Punjab National Bank,individual,dev-4a7bb77ae476,,True,2025-08-26
baradbahri5579@idfcfirst,913511712806,IDFB0689821,Barad-Bahri Travel,IDFC First Bank,merchant,dev-2b50f11614cf,,True,2024-03-05
lala5580@pnb,785554510116,PUNB0106890,"Lala, Keer and Bir Grocery",Punjab National Bank,merchant,dev-af8fd75a9acc,,True,2024-10-19
aarush5581@okhdfcbank,658501867,HDFC0632240,Aarush Murty,HDFC Bank,individual,dev-6ea980fb1cfc,,True,2024-04-13
bhatti5582@cnrb,9676927923,CNRB0704457,Bhatti LLC Utilities,Canara Bank,merchant,dev-a8f6a967d562,,True,2026-01-28
brijesh5583@okicici,17012633583,ICIC0389084,Brijesh Kumer,ICICI Bank,individual,dev-9dcfc109747d,innocent_bystander,True,2025-07-27
thaker5584@oksbi,4422559679,SBIN0379903,"Thaker, Barad and Mishra Pharmacy",State Bank of India,merchant,dev-3a119549677b,,True,2025-03-18
megha5585@pnb,11407625024,PUNB0949637,Megha Wadhwa,Punjab National Bank,individual,dev-ae89baa6c2a3,,True,2025-12-28
udarsh5586@okaxis,952212603880120,UTIB0567585,Udarsh Bhattacharyya,Axis Bank,individual,dev-0a9404075cf7,innocent_bystander,True,2025-05-29
ubika5587@okaxis,2245434779812484,UTIB0128366,Ubika Sarna,Axis Bank,individual,dev-327763e83f2b,,True,2026-06-28
oeshi5588@ybl,4985220504150336,YESB0680928,Oeshi Raja,Yes Bank,individual,dev-97c85bad884c,,True,2026-06-29
harsh5589@oksbi,997714823694846,SBIN0828392,Harsh Roy,State Bank of India,individual,dev-87e93ee18ce2,,True,2025-03-28
chaudharydixit5590@idfcfirst,430346288,IDFB0720041,Chaudhary-Dixit Home Services,IDFC First Bank,merchant,dev-76967760fa33,,True,2024-06-03
vedhika5591@idfcfirst,437868869393967,IDFB0990121,Vedhika Mangat,IDFC First Bank,individual,dev-fe8644fe01fa,,True,2025-01-05
vedhika5592@kotak,2987831216,KKBK0239242,Vedhika Srinivasan,Kotak Mahindra Bank,individual,dev-fa0e9dc18786,,True,2025-04-23
lata5593@cnrb,479442070046,CNRB0615956,"Lata, Kothari and Kaul Utilities",Canara Bank,merchant,dev-6ce2adfc3dae,,True,2025-08-23
ekantika5594@barodampay,916198641,BARB0966441,Ekantika Sarkar,Bank of Baroda,individual,dev-8b99f1572e70,,True,2026-01-26
shivansh5595@kotak,330239891701,KKBK0027164,Shivansh Varma,Kotak Mahindra Bank,individual,dev-70843df18626,,True,2024-04-23
mann5596@okhdfcbank,1329809999,HDFC0782439,"Mann, Comar and Sehgal Fashion",HDFC Bank,merchant,dev-be7a564554c3,,True,2024-05-18
ekalinga5597@oksbi,05065080970329,SBIN0855492,Ekalinga Lalla,State Bank of India,individual,dev-0d7ed05f8ccf,,True,2024-06-23
raagini5598@oksbi,81043734284647,SBIN0399854,Raagini Dewan,State Bank of India,individual,dev-0237bce7d959,,True,2025-11-27
tanish5599@pnb,212171473817933,PUNB0722751,Tanish Sibal,Punjab National Bank,individual,dev-ccac52313ba8,innocent_bystander,True,2025-04-02
yutika5600@cnrb,43140162555,CNRB0073437,Yutika Sharma,Canara Bank,individual,dev-4732d78f0aaa,,True,2025-11-26
hitesh5601@barodampay,69792663540308,BARB0580976,Hitesh Chakraborty,Bank of Baroda,individual,dev-03057f99e231,,True,2024-12-01
christopher5602@kotak,3393633372,KKBK0540076,Christopher Dutt,Kotak Mahindra Bank,individual,dev-31592481a1aa,account_takeover,True,2024-11-27
aashi5603@okaxis,7956574468096059,UTIB0724882,Aashi Chandran,Axis Bank,individual,dev-a9a7e28e93ba,gambling_network,True,2026-04-05
wahab5604@okicici,014549369620,ICIC0715569,Wahab Pingle,ICICI Bank,individual,dev-7ffa3d35a334,,True,2024-12-06
manan5605@idfcfirst,5669616883,IDFB0182950,Manan Choudhury,IDFC First Bank,individual,dev-2692dd616a20,,True,2026-01-26
sai5606@kotak,2146894428,KKBK0996497,Sai Bains,Kotak Mahindra Bank,individual,dev-c0a01a6765ec,innocent_bystander,True,2025-11-15
yashoda5607@pnb,818304725,PUNB0385598,Yashoda Balasubramanian,Punjab National Bank,individual,dev-a7c9ed9fcbcb,,True,2026-06-10
rastogi5608@kotak,65293559648630,KKBK0728976,Rastogi LLC Fuel,Kotak Mahindra Bank,merchant,dev-72b6eec972a0,,True,2023-08-14
lakshit5609@pnb,2254508876,PUNB0414345,Lakshit Dyal,Punjab National Bank,individual,dev-04de581e8bc4,,True,2024-07-19
siya5610@kotak,2499804863,KKBK0115174,Siya Parekh,Kotak Mahindra Bank,individual,dev-3185467ad6e0,,True,2026-06-14
ria5611@cnrb,305950454,CNRB0458429,Ria Tripathi,Canara Bank,individual,dev-1c0bcbf94b11,,True,2024-12-20
raksha5612@kotak,8342232483214334,KKBK0566433,Raksha Apte,Kotak Mahindra Bank,individual,dev-20d4507d63ef,gambling_network,True,2025-01-10
david5613@barodampay,11661908863,BARB0276606,David Bal,Bank of Baroda,individual,dev-0a625d8d91cb,innocent_bystander,True,2025-09-14
chakradhar5614@okhdfcbank,03756534774,HDFC0742240,Chakradhar Sahota,HDFC Bank,individual,dev-3e67aecaf8f4,,True,2025-07-25
ekaja5615@ybl,578724057,YESB0203805,Ekaja Solanki,Yes Bank,individual,dev-96999482a33a,,True,2024-02-17
chander5616@kotak,0358638385757,KKBK0722410,"Chander, Gole and Gulati Fashion",Kotak Mahindra Bank,merchant,dev-8aca59858c13,,True,2024-11-26
frederick5617@okaxis,734536536,UTIB0276270,Frederick Mistry,Axis Bank,individual,dev-2b1c5aa03240,,True,2023-08-03
gavin5618@kotak,76145301951,KKBK0989073,Gavin Chad,Kotak Mahindra Bank,individual,dev-26adccf0da53,,True,2025-09-05
yasti5619@idfcfirst,294681868291,IDFB0287165,Yasti Tata,IDFC First Bank,individual,dev-d35b3e8446c5,,True,2026-01-03
noah5620@barodampay,5162218601669,BARB0958218,Noah Sampath,Bank of Baroda,individual,dev-8fca96dd7669,,True,2023-10-05
thaman5621@pnb,00491389538532,PUNB0921921,"Thaman, Dora and Sheth Utilities",Punjab National Bank,merchant,dev-8acaa971564f,,True,2025-09-04
vansha5622@idfcfirst,51283899942,IDFB0757442,Vansha Bedi,IDFC First Bank,individual,dev-20605c818b68,,True,2023-09-13
caleb5623@ybl,460458871185850,YESB0965587,Caleb Pant,Yes Bank,individual,dev-6b1a4ee026cb,,True,2023-12-17
jacob5624@pnb,224408023971,PUNB0732909,Jacob Kuruvilla,Punjab National Bank,individual,dev-37079f7f0554,,True,2026-05-03
pallavi5625@idfcfirst,745437528706,IDFB0512423,Pallavi Chowdhury,IDFC First Bank,individual,dev-d88f16a06239,gambling_network,True,2024-03-26
prisha5626@okaxis,345315846695691,UTIB0152325,Prisha Basu,Axis Bank,individual,dev-823f3690597d,,True,2025-06-27
yuvraj5627@idfcfirst,31916145898554,IDFB0212816,Yuvraj Goel,IDFC First Bank,individual,dev-6cd497358993,,True,2024-02-11
bhanumati5628@ybl,4583918154131,YESB0207087,Bhanumati Kapur,Yes Bank,individual,dev-9d70dfbbae00,,True,2023-08-24
krishna5629@pnb,139613795857,PUNB0901825,Krishna Pandya,Punjab National Bank,individual,dev-b44c679671b9,,True,2025-11-10
triveni5630@okaxis,028834948185538,UTIB0298760,Triveni Rao,Axis Bank,individual,dev-c9c64340ca12,,True,2025-01-09
brinda5631@pnb,2109743649798,PUNB0586645,Brinda Bath,Punjab National Bank,individual,dev-dd28de06a2a1,innocent_bystander,True,2024-03-16
barkha5632@cnrb,78274839297,CNRB0217795,Barkha Puri,Canara Bank,individual,dev-0666a851da12,,False,2025-03-12
yuvraj5633@idfcfirst,812892837540,IDFB0362199,Yuvraj Lanka,IDFC First Bank,individual,dev-5698629f8c00,,True,2025-07-23
atharv5634@okicici,9843353551559,ICIC0489124,Atharv Lata,ICICI Bank,individual,dev-85b8036cda74,,True,2024-10-14
yasti5635@okicici,4096592278418,ICIC0161366,Yasti Muni,ICICI Bank,individual,dev-afbd5373055f,,True,2023-12-18
bhattacharyya5636@okicici,6733193959598,ICIC0058753,Bhattacharyya Group Home Services,ICICI Bank,merchant,dev-fe299b0d7148,,True,2024-09-21
michael5637@pnb,15588153643241,PUNB0478693,Michael Nigam,Punjab National Bank,individual,dev-24aae3308b55,,True,2024-06-13
libni5638@okaxis,6421950373,UTIB0922336,Libni Dhar,Axis Bank,individual,dev-72d5155f658f,,True,2024-02-26
ishani5639@pnb,689305865,PUNB0428577,Ishani Kibe,Punjab National Bank,individual,dev-cff30becd1b7,innocent_bystander,True,2024-03-08
ray5640@pnb,5840748537712698,PUNB0164446,"Ray, Maharaj and Dass Grocery",Punjab National Bank,merchant,dev-2160d9f21af2,,True,2026-01-22
yadavi5641@idfcfirst,6239045359,IDFB0355577,Yadavi Kapadia,IDFC First Bank,individual,dev-6205804c2140,,True,2024-07-26
mugdha5642@kotak,211576525624,KKBK0589009,Mugdha Walia,Kotak Mahindra Bank,individual,dev-ee84290be38b,account_takeover,True,2023-11-29
benjamin5643@oksbi,564885698395959,SBIN0175132,Benjamin Sarin,State Bank of India,individual,dev-417a95c7c660,,True,2024-01-01
kuruvilla5644@okhdfcbank,7358797304349,HDFC0653581,Kuruvilla Group Fashion,HDFC Bank,merchant,dev-8ca56928ec40,,True,2026-06-07
doravyas5645@cnrb,0273000941,CNRB0147965,Dora-Vyas Grocery,Canara Bank,merchant,dev-875033dbf41f,,True,2023-11-10
ekansh5646@cnrb,6051037008954925,CNRB0060106,Ekansh Sandal,Canara Bank,individual,dev-cd584610a3ce,innocent_bystander,True,2024-10-20
dev5647@pnb,16379936462412,PUNB0225597,Dev Chakraborty,Punjab National Bank,individual,dev-240a2d5a6e72,,True,2024-04-28
ethan5648@barodampay,0610960075159688,BARB0949210,Ethan Kala,Bank of Baroda,individual,dev-1dfc14794345,,True,2024-06-28
yuvraj5649@kotak,88900982473,KKBK0731281,Yuvraj Parmar,Kotak Mahindra Bank,individual,dev-0f2a3dc8904a,,True,2024-12-27
samarth5650@okhdfcbank,715191223,HDFC0318916,Samarth Reddy,HDFC Bank,individual,dev-d78d83a23cbd,,True,2023-10-01
kaul5651@barodampay,3124046234568,BARB0711345,Kaul and Sons Home Services,Bank of Baroda,merchant,dev-85f1155d15e5,,True,2023-09-29
reddyacharya5652@okicici,1837100731830866,ICIC0049801,Reddy-Acharya Travel,ICICI Bank,merchant,dev-445ccf2a904d,,True,2024-03-19
rachit5653@pnb,2505083222530163,PUNB0153008,Rachit Kothari,Punjab National Bank,individual,dev-d51bd79ac3a7,innocent_bystander,True,2024-11-29
aachal5654@kotak,60380394276,KKBK0467785,Aachal Nagi,Kotak Mahindra Bank,individual,dev-99e9edb0c0e3,,True,2023-11-19
nandini5655@pnb,6742672694244,PUNB0516329,Nandini Natarajan,Punjab National Bank,individual,dev-9e4b2ead1c4e,,True,2023-09-10
noah5656@okicici,8905313660569,ICIC0213474,Noah Parsa,ICICI Bank,individual,dev-a39c4c9e4990,,True,2026-01-01
chasmum5657@pnb,7927908017,PUNB0889190,Chasmum Tandon,Punjab National Bank,individual,dev-4813f8c50a22,,True,2026-05-04
adweta5658@ybl,5592120032913660,YESB0517163,Adweta Dash,Yes Bank,individual,dev-046cedf778fe,,True,2025-11-29
pushti5659@idfcfirst,160017864827,IDFB0659483,Pushti Nadkarni,IDFC First Bank,individual,dev-98c57ebb6d7b,,True,2025-04-12
reyansh5660@barodampay,39483549452558,BARB0538988,Reyansh Mann,Bank of Baroda,individual,dev-d38a0f63c445,,True,2025-05-02
ayaan5661@cnrb,17402677983327,CNRB0726751,Ayaan Saha,Canara Bank,individual,dev-66d08b909a63,,True,2024-08-23
dev5662@barodampay,29912902948524,BARB0603217,Dev Singhal,Bank of Baroda,individual,dev-c965f3b404c6,,True,2025-01-24
dhruv5663@barodampay,072680371471,BARB0968486,Dhruv Varty,Bank of Baroda,individual,dev-ded8da3006eb,,True,2025-12-26
aarna5664@okicici,362518870,ICIC0503134,Aarna Yohannan,ICICI Bank,individual,dev-4c4fb47ae63a,,True,2024-02-23
aarnav5665@oksbi,4335169704867,SBIN0648720,Aarnav Rattan,State Bank of India,individual,dev-7bd009136d57,,True,2024-08-25
maanav5666@okaxis,81662253047477,UTIB0583667,Maanav Chatterjee,Axis Bank,individual,dev-4393a2a5135f,account_takeover,True,2025-10-13
fariq5667@ybl,28684814647,YESB0079451,Fariq Savant,Yes Bank,individual,dev-e7cb19cd0eca,,True,2024-07-17
odika5668@ybl,71864983981681,YESB0027775,Odika Varughese,Yes Bank,individual,dev-8600a5c23949,,True,2024-04-06
upkaar5669@okicici,618675279139,ICIC0898760,Upkaar Narain,ICICI Bank,individual,dev-fb53e6dc0eb7,gambling_network,True,2025-01-03
meera5670@okaxis,6154605809406614,UTIB0225813,Meera Puri,Axis Bank,individual,dev-f53f1cea128b,account_takeover,True,2024-11-09
pahal5671@ybl,742324563298,YESB0806469,Pahal Yohannan,Yes Bank,individual,dev-1b610e5b4093,innocent_bystander,True,2024-03-22
meghana5672@okicici,1160623319535341,ICIC0969879,Meghana Sarraf,ICICI Bank,individual,dev-1a9a51c71112,,True,2025-11-21
yashawini5673@pnb,25801803873573,PUNB0774045,Yashawini Raj,Punjab National Bank,individual,dev-96133dd76898,,True,2025-08-11
gautam5674@pnb,551616493,PUNB0788766,Gautam Narang,Punjab National Bank,individual,dev-eb4f1fd2d059,,True,2025-12-20
advika5675@kotak,1711880898236188,KKBK0849772,Advika Murthy,Kotak Mahindra Bank,individual,dev-89a1ee9693fd,,True,2024-11-30
bawa5676@kotak,9166981262856865,KKBK0155759,"Bawa, Choudhry and Dash Pharmacy",Kotak Mahindra Bank,merchant,dev-c4ec60db9e32,,True,2025-06-25
pranit5677@barodampay,586266616845139,BARB0913167,Pranit Bhardwaj,Bank of Baroda,individual,dev-4a6e3604f561,,True,2026-02-16
jalsa5678@oksbi,642755892645380,SBIN0544898,Jalsa Koshy,State Bank of India,individual,dev-75e30b78d0f9,,True,2024-04-22
chaitanya5679@okhdfcbank,7560277053763943,HDFC0526026,Chaitanya Panchal,HDFC Bank,individual,dev-1649e9e80368,,True,2025-06-11
ekavir5680@pnb,42023167515773,PUNB0120898,Ekavir Som,Punjab National Bank,individual,dev-05146b76b5fd,,True,2023-10-08
pahal5681@okicici,162280579414758,ICIC0681428,Pahal Bhatia,ICICI Bank,individual,dev-ef7c62f5cfab,,True,2024-11-08
megha5682@okhdfcbank,6410532824589,HDFC0058154,Megha Johal,HDFC Bank,individual,dev-5ee6314c8476,,True,2023-09-07
dipta5683@okhdfcbank,3894119718206505,HDFC0709069,Dipta Kothari,HDFC Bank,individual,dev-d9242e5ecba6,,True,2025-12-13
jeremiah5684@idfcfirst,5553096753324139,IDFB0271088,Jeremiah Chaudhry,IDFC First Bank,individual,dev-f702db4aa2a1,,True,2024-08-11
lad5685@okaxis,83163730885045,UTIB0773912,"Lad, Narang and Pradhan Grocery",Axis Bank,merchant,dev-76747ed2fef3,,True,2025-06-17
ladli5686@kotak,28586603457,KKBK0002737,Ladli Sunder,Kotak Mahindra Bank,individual,dev-f1724daa3104,,True,2026-05-14
chandran5687@ybl,7248355589,YESB0838365,Chandran Bakshi,Yes Bank,individual,dev-2f7d1a91d8f7,,True,2025-08-03
laban5688@idfcfirst,2331186280,IDFB0918106,Laban Misra,IDFC First Bank,individual,dev-c21763c03958,,True,2024-11-23
praneel5689@idfcfirst,569053626083,IDFB0084122,Praneel Batta,IDFC First Bank,individual,dev-1bbbd5949c15,,True,2025-12-23
krisha5690@okhdfcbank,888721709249,HDFC0081515,Krisha Prashad,HDFC Bank,individual,dev-8ba19c96fa91,,True,2025-03-20
radhika5691@okicici,906558587860,ICIC0073556,Radhika Sankar,ICICI Bank,individual,dev-970ed88490c2,,True,2025-07-09
nirja5692@kotak,714924853154239,KKBK0617759,Nirja Bedi,Kotak Mahindra Bank,individual,dev-66db21b50795,,True,2026-02-08
rajata5693@idfcfirst,46645036746166,IDFB0553870,Rajata Lala,IDFC First Bank,individual,dev-5be5cb286d84,,True,2024-07-14
akshay5694@ybl,07526386097,YESB0406420,Akshay Mukhopadhyay,Yes Bank,individual,dev-6058809ef86e,,True,2026-06-06
pallavi5695@kotak,436347302480,KKBK0169753,Pallavi Patla,Kotak Mahindra Bank,individual,dev-cabe7d456ab1,,True,2024-04-03
saanvi5696@ybl,506314497734252,YESB0308512,Saanvi Oak,Yes Bank,individual,dev-a78e1261ad66,,True,2025-03-21
shravya5697@oksbi,126541793528523,SBIN0190083,Shravya Morar,State Bank of India,individual,dev-54b930f13a29,innocent_bystander,True,2024-04-26
timothy5698@oksbi,649354269198,SBIN0624470,Timothy Handa,State Bank of India,individual,dev-80e3c5bb0590,,True,2025-10-05
pavani5699@idfcfirst,090727190356,IDFB0339850,Pavani De,IDFC First Bank,individual,dev-44bb8c0c5752,,True,2024-05-02
kala5700@okhdfcbank,716434815795515,HDFC0968852,Kala Kuruvilla,HDFC Bank,individual,dev-66cc494fa443,,False,2023-09-25
lakshmi5701@oksbi,489944141835287,SBIN0702210,Lakshmi De,State Bank of India,individual,dev-b0f11cd86e6f,,True,2026-05-05
gour5702@cnrb,080193854,CNRB0202004,"Gour, Sahota and Nayar Pharmacy",Canara Bank,merchant,dev-a607ae20c116,,False,2026-05-08
chatura5703@ybl,814808373552600,YESB0668319,Chatura Chopra,Yes Bank,individual,dev-0656348ac5b6,,True,2024-06-17
gaurika5704@okicici,9351813685854131,ICIC0265241,Gaurika Palan,ICICI Bank,individual,dev-e3502b702810,,True,2026-02-27
chatresh5705@idfcfirst,4937908764619217,IDFB0076871,Chatresh Andra,IDFC First Bank,individual,dev-4c0db45123be,,True,2024-08-25
naveen5706@idfcfirst,03384408402708,IDFB0460877,Naveen Grover,IDFC First Bank,individual,dev-070a019d3978,,True,2025-08-07
parth5707@okicici,8553524059,ICIC0704122,Parth Doshi,ICICI Bank,individual,dev-9528b99a5eed,,True,2023-12-27
pratyush5708@cnrb,546034156,CNRB0116795,Pratyush Seth,Canara Bank,individual,dev-1cc1dcd3ddbe,,True,2024-03-14
vanya5709@oksbi,726401100,SBIN0025158,Vanya Som,State Bank of India,individual,dev-7082a4de408b,,True,2025-06-14
nandini5710@okaxis,131222162752,UTIB0199841,Nandini Desai,Axis Bank,individual,dev-15020223e9c8,,True,2024-10-08
ekalinga5711@cnrb,479952506583,CNRB0752425,Ekalinga Ramakrishnan,Canara Bank,individual,dev-c3c1af718aba,,True,2026-06-03
hemang5712@ybl,0483946285,YESB0465320,Hemang Brar,Yes Bank,individual,dev-63e3bc391e78,,True,2023-09-11
avni5713@okaxis,966126648481,UTIB0863842,Avni Chaudhry,Axis Bank,individual,dev-c509aa95f487,,True,2023-07-27
kashish5714@okhdfcbank,734225420,HDFC0843058,Kashish Thakur,HDFC Bank,individual,dev-2c78e7cecc1b,,True,2025-11-27
zansi5715@barodampay,4392383689617947,BARB0492283,Zansi Rama,Bank of Baroda,individual,dev-6e6a8dfc49c6,,True,2024-03-08
abeer5716@okhdfcbank,7218227395,HDFC0433756,Abeer Yadav,HDFC Bank,individual,dev-eac936ac81ba,,False,2026-06-24
chokshi5717@pnb,806654951,PUNB0340752,Chokshi Group Grocery,Punjab National Bank,merchant,dev-e0d3db940948,,True,2026-02-11
vasana5718@ybl,25281619279,YESB0562477,Vasana Talwar,Yes Bank,individual,dev-91802f060dfd,,True,2023-12-10
rohan5719@kotak,4086569626785,KKBK0382648,Rohan Buch,Kotak Mahindra Bank,individual,dev-ec6c99727c15,account_takeover,True,2024-02-19
ishita5720@pnb,759372084634452,PUNB0208014,Ishita Sawhney,Punjab National Bank,individual,dev-52d1ab3830c8,,True,2026-06-01
anjali5721@pnb,26204084687,PUNB0221947,Anjali Sehgal,Punjab National Bank,individual,dev-f5897b62c002,,True,2024-02-18
nilima5722@pnb,527303779955,PUNB0219038,Nilima Lall,Punjab National Bank,individual,dev-2a9689f0064c,,True,2026-06-03
pavani5723@cnrb,9674796206783717,CNRB0832001,Pavani Borra,Canara Bank,individual,dev-fa70ac4803e5,,True,2026-02-13
indrajit5724@ybl,00630756323978,YESB0474279,Indrajit Gala,Yes Bank,individual,dev-30a617e2e134,,True,2023-12-04
samar5725@barodampay,3831771965977,BARB0570938,Samar Wadhwa,Bank of Baroda,individual,dev-d002584437ef,,True,2025-02-15
karniksrinivas5726@oksbi,6579283946734329,SBIN0895883,Karnik-Srinivas Food & Dining,State Bank of India,merchant,dev-a9347c147c59,,True,2025-04-18
vedant5727@pnb,5162617449098950,PUNB0913309,Vedant Sani,Punjab National Bank,individual,dev-b3a493acb903,,True,2025-01-01
libni5728@cnrb,46273810241507,CNRB0393080,Libni Walia,Canara Bank,individual,dev-489ceed13c6c,,True,2026-06-04
triya5729@okicici,2960682639955096,ICIC0508863,Triya Palla,ICICI Bank,individual,dev-aa84e659d480,,True,2026-06-24
jyoti5730@idfcfirst,4392886776135,IDFB0484432,Jyoti Lanka,IDFC First Bank,individual,dev-506e4cc866d7,,True,2023-08-19
dayita5731@okicici,9444560005562128,ICIC0448881,Dayita Datta,ICICI Bank,individual,dev-de4a11896def,,True,2026-06-03
viraj5732@ybl,74659738490,YESB0692787,Viraj Thakur,Yes Bank,individual,dev-14a022a27a8b,,True,2024-12-11
zehaan5733@ybl,925308203533,YESB0703088,Zehaan Pathak,Yes Bank,individual,dev-56f3c8b338dc,,True,2023-10-28
champak5734@barodampay,453346602246,BARB0959590,Champak Balay,Bank of Baroda,individual,dev-8db227b82265,,True,2026-04-17
sanghvi5735@okaxis,3451867871373,UTIB0440919,"Sanghvi, Kumar and Mody Fashion",Axis Bank,merchant,dev-2b577a679ba0,,True,2024-02-29
bhavika5736@barodampay,23308539902954,BARB0611396,Bhavika Sibal,Bank of Baroda,individual,dev-7015b4c787ea,innocent_bystander,True,2025-09-04
madhav5737@okhdfcbank,2750767527329,HDFC0582100,Madhav Hegde,HDFC Bank,individual,dev-4bba6feafdec,gambling_network,True,2024-04-04
isaac5738@idfcfirst,7061926672810,IDFB0097212,Isaac Dey,IDFC First Bank,individual,dev-87c48f0b871e,innocent_bystander,True,2025-04-23
mitesh5739@okhdfcbank,64083679882644,HDFC0772991,Mitesh Sem,HDFC Bank,individual,dev-2700a1f2d229,,True,2023-11-01
vyanjana5740@idfcfirst,5216532707199085,IDFB0022118,Vyanjana Chad,IDFC First Bank,individual,dev-13656a5421c7,account_takeover,True,2025-01-26
raksha5741@okhdfcbank,597588991936535,HDFC0582840,Raksha Rao,HDFC Bank,individual,dev-06ed07e98df2,,True,2023-12-21
xavier5742@kotak,331630631660,KKBK0756802,Xavier Memon,Kotak Mahindra Bank,individual,dev-14935c8acbc5,,True,2024-06-24
ganesan5743@kotak,7468414633090,KKBK0863420,"Ganesan, Suri and Gara Electronics",Kotak Mahindra Bank,merchant,dev-98c6fc934977,,True,2025-05-05
rehaan5744@pnb,9735078209430696,PUNB0963743,Rehaan Yohannan,Punjab National Bank,individual,dev-e08a1ba9304b,,True,2026-06-03
omkaar5745@pnb,86593850092765,PUNB0513594,Omkaar Bora,Punjab National Bank,individual,dev-4817bd9bbb56,,True,2026-04-12
irya5746@okaxis,6177161672869861,UTIB0951704,Irya Arora,Axis Bank,individual,dev-4428208c71e8,,True,2024-02-20
ekalinga5747@okicici,497988853126475,ICIC0494631,Ekalinga Ram,ICICI Bank,individual,dev-223cfa3b74d8,,True,2023-08-31
benjamin5748@okaxis,8222321531111,UTIB0941410,Benjamin Kumer,Axis Bank,individual,dev-da92e207f59b,,True,2026-04-02
robert5749@cnrb,99175601100738,CNRB0782736,Robert Bali,Canara Bank,individual,dev-3ede4a995d29,,True,2023-10-05
victor5750@idfcfirst,36745009037087,IDFB0433779,Victor Nair,IDFC First Bank,individual,dev-628940556cdc,gambling_network,True,2024-05-18
amara5751@pnb,351030637,PUNB0056726,Amara Karnik,Punjab National Bank,individual,dev-df5e0858ae18,gambling_network,True,2023-08-16
victor5752@cnrb,392499246,CNRB0988815,Victor Mody,Canara Bank,individual,dev-100213a52433,,True,2025-10-25
balendra5753@kotak,424825515,KKBK0284826,Balendra Chawla,Kotak Mahindra Bank,individual,dev-ab66ecd70be9,innocent_bystander,True,2025-01-16
meghana5754@okicici,56705835488739,ICIC0464048,Meghana Sastry,ICICI Bank,individual,dev-33923bbd7f2f,,False,2023-09-20
yashasvi5755@idfcfirst,7248691401176,IDFB0480235,Yashasvi Mangat,IDFC First Bank,individual,dev-f1ea9b6bf694,,True,2025-12-17
pavani5756@okhdfcbank,1390826314491,HDFC0300574,Pavani Pai,HDFC Bank,individual,dev-71b877d74268,account_takeover,True,2024-09-19
arya5757@okhdfcbank,740970360197,HDFC0873800,Arya Kumar,HDFC Bank,individual,dev-3b06e8e5b7ae,,True,2024-11-02
jagvi5758@okhdfcbank,2063018126751274,HDFC0080296,Jagvi Lal,HDFC Bank,individual,dev-3625c5e03767,,True,2026-07-01
prisha5759@okhdfcbank,82371460197,HDFC0332595,Prisha Bera,HDFC Bank,individual,dev-ed42fb710189,,True,2024-01-14
janaki5760@idfcfirst,425005159277122,IDFB0972059,Janaki Bhatti,IDFC First Bank,individual,dev-983f40964818,,True,2025-12-15
teerth5761@kotak,81941889396,KKBK0394336,Teerth Seshadri,Kotak Mahindra Bank,individual,dev-81a513e0fd48,gambling_network,True,2023-07-24
alexander5762@okicici,5659316921492,ICIC0758565,Alexander Nagi,ICICI Bank,individual,dev-60190a459c75,gambling_network,True,2025-05-04
dasgupta5763@idfcfirst,95150706121,IDFB0362117,Dasgupta and Sons Fashion,IDFC First Bank,merchant,dev-f1c7cf9ad3f4,,True,2023-07-22
yadavi5764@oksbi,2199496825172856,SBIN0687881,Yadavi Vala,State Bank of India,individual,dev-d27f23e770d8,innocent_bystander,True,2024-04-02
libni5765@barodampay,36594686286,BARB0479891,Libni Sandal,Bank of Baroda,individual,dev-2b64f6bad47c,,True,2026-05-09
darsh5766@idfcfirst,44733512686,IDFB0835665,Darsh Mohan,IDFC First Bank,individual,dev-b05fa430587b,,True,2023-10-03
vasana5767@oksbi,295703192572761,SBIN0251976,Vasana Deol,State Bank of India,individual,dev-ede31e2b9d67,,True,2025-07-18
cheemamahal5768@okhdfcbank,7325513147061,HDFC0568052,Cheema-Mahal Utilities,HDFC Bank,merchant,dev-50f616152c22,,True,2025-11-26
laksh5769@barodampay,13980285737655,BARB0049958,Laksh Kulkarni,Bank of Baroda,individual,dev-948222c72b00,,True,2025-03-21
viraj5770@okicici,707681176,ICIC0908821,Viraj Bansal,ICICI Bank,individual,dev-3e9c11c83917,,True,2026-02-28
lakshmi5771@okicici,4934625294747,ICIC0127011,Lakshmi Krishnan,ICICI Bank,individual,dev-2524a3e7bb10,,True,2023-10-21
amrita5772@kotak,68340678801,KKBK0764317,Amrita Deo,Kotak Mahindra Bank,individual,dev-9592ac767037,,True,2024-12-16
kara5773@barodampay,380460267069457,BARB0877529,Kara PLC Fashion,Bank of Baroda,merchant,dev-ab48894b717a,,True,2024-11-01
nicholas5774@okaxis,9490032728524,UTIB0642143,Nicholas Verma,Axis Bank,individual,dev-ecdc42fbdd8d,gambling_network,True,2024-07-07
wazir5775@okaxis,466929751,UTIB0734039,Wazir Chauhan,Axis Bank,individual,dev-3f1e66f322e7,,True,2025-01-25
isaiah5776@oksbi,8604886485413,SBIN0799770,Isaiah Tata,State Bank of India,individual,dev-206a35f8132a,,True,2023-12-24
manya5777@pnb,521677354636,PUNB0204554,Manya Dugar,Punjab National Bank,individual,dev-aa2bb10afb6e,,True,2026-03-03
kade5778@kotak,72818586461,KKBK0315211,"Kade, Gera and Varughese Food & Dining",Kotak Mahindra Bank,merchant,dev-5695f6b76b1e,,True,2025-07-25
simon5779@cnrb,18296101504991,CNRB0624117,Simon Ganesh,Canara Bank,individual,dev-43c0f388ab5d,,True,2023-08-03
jairaj5780@oksbi,2414690339,SBIN0866703,Jairaj Basu,State Bank of India,individual,dev-3f62b3d68d6a,,True,2026-04-22
alexander5781@okhdfcbank,52674727248745,HDFC0642367,Alexander Goyal,HDFC Bank,individual,dev-a05280db2f3b,,True,2025-12-17
parth5782@cnrb,69099163220,CNRB0772271,Parth Agate,Canara Bank,individual,dev-01e67e470d2a,,True,2026-05-04
bhatnagar5783@cnrb,989820584927,CNRB0115329,Bhatnagar Ltd Fashion,Canara Bank,merchant,dev-f1f04532dc10,,True,2025-04-01
triya5784@okicici,170372046365,ICIC0692674,Triya Saraf,ICICI Bank,individual,dev-eb269407eec3,,True,2026-07-06
ishwar5785@barodampay,60548142370,BARB0087466,Ishwar Bath,Bank of Baroda,individual,dev-e9d8f1c8e3a4,,True,2023-08-21
yashoda5786@cnrb,119287728599,CNRB0539089,Yashoda Srivastava,Canara Bank,individual,dev-b3d4d885e25b,gambling_network,True,2024-09-14
jairaj5787@idfcfirst,706278131131522,IDFB0947464,Jairaj Apte,IDFC First Bank,individual,dev-24db4531d1db,,True,2024-01-26
chakrika5788@idfcfirst,638220282,IDFB0260423,Chakrika Gulati,IDFC First Bank,individual,dev-f534131ee680,,True,2026-04-27
leela5789@cnrb,977412815746185,CNRB0252176,Leela Chander,Canara Bank,individual,dev-4a5920bd16bf,,True,2024-04-18
david5790@okaxis,110634244,UTIB0454839,David Keer,Axis Bank,individual,dev-2175cf6560b2,,True,2024-08-23
eiravati5791@okaxis,20133230406,UTIB0235953,Eiravati Kohli,Axis Bank,individual,dev-20a9446c416f,,True,2025-10-31
yashvi5792@okicici,31780938609319,ICIC0348093,Yashvi Batta,ICICI Bank,individual,dev-d360e689b8d4,,True,2023-08-31
anya5793@cnrb,115408086881,CNRB0600959,Anya Sama,Canara Bank,individual,dev-7d568f94ca09,,True,2024-01-21
robert5794@okaxis,2824144801713065,UTIB0521427,Robert Murty,Axis Bank,individual,dev-90abcfb2d013,,True,2024-12-23
nilima5795@idfcfirst,7438139358981,IDFB0736585,Nilima Mutti,IDFC First Bank,individual,dev-751001c38c20,,True,2026-04-23
bakhshi5796@ybl,3919525169046,YESB0600284,Bakhshi Aggarwal,Yes Bank,individual,dev-a32b8bd2e302,,True,2025-11-23
anay5797@pnb,0291093901594,PUNB0729086,Anay Shankar,Punjab National Bank,individual,dev-fd100f02c578,innocent_bystander,True,2025-10-10
qabil5798@okicici,8059866050436,ICIC0780034,Qabil Aggarwal,ICICI Bank,individual,dev-67456ef989aa,,True,2023-10-31
arya5799@okhdfcbank,7319921334957014,HDFC0085154,Arya Narayan,HDFC Bank,individual,dev-8bb52a9515c0,,True,2025-05-12
raksha5800@okhdfcbank,132475716,HDFC0566489,Raksha Borde,HDFC Bank,individual,dev-7e4074048fd7,,True,2024-06-18
bahribatra5801@okhdfcbank,317040581732925,HDFC0096606,Bahri-Batra Home Services,HDFC Bank,merchant,dev-3ef464267a6b,,True,2023-10-29
rachita5802@okicici,69222498546,ICIC0837642,Rachita Ramakrishnan,ICICI Bank,individual,dev-d4e7ca876cf8,,True,2025-11-01
amruta5803@okaxis,1019068720,UTIB0458118,Amruta Chanda,Axis Bank,individual,dev-2ebc0b661859,,True,2025-06-09
agastya5804@oksbi,5181013249093202,SBIN0977293,Agastya Ramaswamy,State Bank of India,individual,dev-70b4af41aeff,,True,2025-08-11
chandani5805@pnb,748266012,PUNB0359173,Chandani Chadha,Punjab National Bank,individual,dev-4b34ffe10066,,True,2024-12-24
umang5806@barodampay,56251107523,BARB0785804,Umang Manda,Bank of Baroda,individual,dev-8946c4529784,,True,2024-05-28
sanya5807@okaxis,1666144866370,UTIB0129410,Sanya Naik,Axis Bank,individual,dev-6b28626d5cd4,,True,2026-04-21
rastogi5808@okicici,498871619,ICIC0343061,Rastogi PLC Fuel,ICICI Bank,merchant,dev-042db40bee43,,True,2025-01-17
upasna5809@barodampay,920758045,BARB0319124,Upasna Barman,Bank of Baroda,individual,dev-31ef8609d578,,True,2024-04-04
jhalak5810@kotak,3001155985,KKBK0917468,Jhalak Hayer,Kotak Mahindra Bank,individual,dev-6e57e6a6a100,,True,2023-09-28
oni5811@barodampay,7265697523130409,BARB0254216,Oni Jain,Bank of Baroda,individual,dev-b66a64c54f44,,True,2023-09-19
lohit5812@ybl,826825753260582,YESB0181590,Lohit Purohit,Yes Bank,individual,dev-e114849347e9,,True,2025-12-18
nathaniel5813@oksbi,31780190395105,SBIN0539343,Nathaniel Rama,State Bank of India,individual,dev-a2dd73828223,,True,2025-12-24
alexander5814@okicici,9518077503785,ICIC0468837,Alexander Wable,ICICI Bank,individual,dev-2068173ad0c5,,True,2025-09-10
rachita5815@barodampay,920604133596113,BARB0895309,Rachita Venkatesh,Bank of Baroda,individual,dev-09ef1a70ad73,innocent_bystander,True,2025-01-06
dani5816@kotak,000809529,KKBK0062139,"Dani, Sodhi and Wadhwa Travel",Kotak Mahindra Bank,merchant,dev-6bb26431d19f,,True,2023-12-12
elijah5817@okicici,849221082551,ICIC0695449,Elijah Patla,ICICI Bank,individual,dev-3145f32898c5,gambling_network,True,2026-05-25
prabhakar5818@ybl,782225671077451,YESB0509619,Prabhakar PLC Travel,Yes Bank,merchant,dev-d48b535020ba,,True,2025-03-01
golepatil5819@okhdfcbank,4621371800,HDFC0329517,Gole-Patil Electronics,HDFC Bank,merchant,dev-82d8142b3bbd,,True,2023-08-08
brahmbhattsha5820@okaxis,1360368896229,UTIB0690712,Brahmbhatt-Sha Grocery,Axis Bank,merchant,dev-b0d59ac60514,,True,2024-07-31
arin5821@okhdfcbank,830994966,HDFC0745825,Arin Khalsa,HDFC Bank,individual,dev-931d7a4079be,,True,2024-11-20
anthony5822@cnrb,6803691578,CNRB0741974,Anthony Chahal,Canara Bank,individual,dev-adf9a6c5954f,,True,2026-03-16
raagini5823@barodampay,3747947436833,BARB0412359,Raagini Parmer,Bank of Baroda,individual,dev-0bb3c85c41e6,,True,2023-09-01
rachit5824@oksbi,1818554914,SBIN0062786,Rachit Rai,State Bank of India,individual,dev-2da3d89a1197,,True,2024-09-30
chasmum5825@idfcfirst,617467757,IDFB0780984,Chasmum Brar,IDFC First Bank,individual,dev-8719ab8893cc,,True,2026-05-22
ahluwalia5826@kotak,6715694248141204,KKBK0695172,"Ahluwalia, Pillay and Dewan Electronics",Kotak Mahindra Bank,merchant,dev-3a157a8a3e2e,,True,2024-03-07
triya5827@okhdfcbank,33857031098224,HDFC0299972,Triya Patel,HDFC Bank,individual,dev-87a32eee3ec4,,True,2024-08-25
yashvi5828@barodampay,882567338614,BARB0029788,Yashvi Murthy,Bank of Baroda,individual,dev-611575c4a4ab,,True,2025-09-26
triveni5829@cnrb,162932756122763,CNRB0115162,Triveni Sur,Canara Bank,individual,dev-a6fa029bdfb8,,True,2024-07-09
bina5830@okicici,673706750,ICIC0471125,Bina Chana,ICICI Bank,individual,dev-60912ebd8898,account_takeover,True,2026-06-02
vinaya5831@okaxis,8221238884,UTIB0153460,Vinaya Minhas,Axis Bank,individual,dev-0a4ba6f63f59,innocent_bystander,False,2025-03-13
qasim5832@oksbi,4711463098,SBIN0472566,Qasim Borde,State Bank of India,individual,dev-53461f92f2ec,,True,2026-05-13
maanav5833@kotak,63123422128,KKBK0265378,Maanav Mand,Kotak Mahindra Bank,individual,dev-52bb7f323baa,,True,2024-03-17
neha5834@okicici,47395153368,ICIC0504469,Neha Devi,ICICI Bank,individual,dev-dc63c1d786d4,,True,2023-08-09
amaira5835@okaxis,1383312536,UTIB0444069,Amaira Goel,Axis Bank,individual,dev-51ba969cffcb,,True,2023-11-23
lohit5836@ybl,523251455476,YESB0481926,Lohit Sood,Yes Bank,individual,dev-e49068a18d0b,account_takeover,True,2025-09-29
yauvani5837@okicici,92414136335916,ICIC0946195,Yauvani Borde,ICICI Bank,individual,dev-f0d48802e8d9,,False,2025-04-28
chatresh5838@okaxis,2271489177828340,UTIB0678902,Chatresh Lalla,Axis Bank,individual,dev-d49b7e2b0c22,,True,2023-08-16
amaira5839@oksbi,1841388324266,SBIN0605402,Amaira Deo,State Bank of India,individual,dev-72b101da36da,,True,2025-11-02
hiral5840@barodampay,73653475825,BARB0309261,Hiral Memon,Bank of Baroda,individual,dev-9854d7faf4af,,True,2023-09-26
sunderbath5841@okicici,651669104,ICIC0702828,Sunder-Bath Grocery,ICICI Bank,merchant,dev-bb7b81ff5c74,,True,2023-12-28
sarantiwari5842@okaxis,85133713412,UTIB0558538,Saran-Tiwari Travel,Axis Bank,merchant,dev-599f9b2daaa2,,True,2024-06-09
aarnav5843@kotak,0735133671890887,KKBK0998111,Aarnav Dhaliwal,Kotak Mahindra Bank,individual,dev-4e8e51f5706d,,True,2023-09-18
jeevika5844@idfcfirst,855555942648898,IDFB0666007,Jeevika Taneja,IDFC First Bank,individual,dev-6f7cd576aa42,innocent_bystander,True,2024-02-23
andrew5845@idfcfirst,96167397739,IDFB0672944,Andrew Bawa,IDFC First Bank,individual,dev-89bae7b8e8ca,,True,2024-05-22
mohini5846@idfcfirst,0795679089047,IDFB0089668,Mohini Kanda,IDFC First Bank,individual,dev-b94abe32bac7,gambling_network,True,2024-11-25
nimrat5847@barodampay,01498339950,BARB0390107,Nimrat Maharaj,Bank of Baroda,individual,dev-a3e91c8cdfc6,,True,2025-05-04
tripti5848@idfcfirst,79748961862,IDFB0307493,Tripti Garg,IDFC First Bank,individual,dev-d3df9d1e6fa2,,True,2025-05-17
laban5849@pnb,463871715860586,PUNB0879564,Laban Mallick,Punjab National Bank,individual,dev-694b49661759,,True,2025-03-29
peter5850@ybl,0913396565485901,YESB0465136,Peter Thakur,Yes Bank,individual,dev-1c8c3e2131f5,,True,2024-09-24
narang5851@cnrb,730953026896,CNRB0356846,Narang Ltd Home Services,Canara Bank,merchant,dev-46d5c55e9c83,,True,2024-03-26
abdul5852@kotak,9541401129,KKBK0926236,Abdul Bhardwaj,Kotak Mahindra Bank,individual,dev-ac5d2d8406e2,,True,2024-03-01
vedika5853@kotak,7089745164847598,KKBK0839628,Vedika Venkatesh,Kotak Mahindra Bank,individual,dev-d5dfcb4596af,innocent_bystander,True,2025-08-07
varughese5854@ybl,739989554,YESB0522054,"Varughese, Goswami and Dyal Home Services",Yes Bank,merchant,dev-fd56b697d78f,,True,2026-05-05
lala5855@idfcfirst,4699977532749,IDFB0085941,"Lala, Sethi and Khosla Food & Dining",IDFC First Bank,merchant,dev-7ba94d899232,,True,2025-03-18
laban5856@idfcfirst,2239299580233103,IDFB0267877,Laban Saini,IDFC First Bank,individual,dev-6f0c46f4c7a7,,True,2025-05-23
lopa5857@oksbi,40471375366639,SBIN0908476,Lopa Prakash,State Bank of India,individual,dev-888aa99e6bc7,,True,2023-08-11
vasatika5858@kotak,52896082200,KKBK0924206,Vasatika Bhatti,Kotak Mahindra Bank,individual,dev-8de04c199f6a,,True,2026-02-24
indali5859@barodampay,7652724790861,BARB0071532,Indali Bhargava,Bank of Baroda,individual,dev-3b39c4316566,gambling_network,True,2025-08-17
jack5860@ybl,45732855608812,YESB0654829,Jack Prabhu,Yes Bank,individual,dev-39eb31cd16ac,,True,2026-07-02
pranav5861@pnb,61173922134,PUNB0206823,Pranav Sheth,Punjab National Bank,individual,dev-506dd96c28c7,,True,2025-12-25
gabriel5862@okaxis,320986870998654,UTIB0479889,Gabriel Murty,Axis Bank,individual,dev-6dbcf03a75fe,,True,2024-03-14
sane5863@ybl,16173044022,YESB0736219,Sane Inc Fuel,Yes Bank,merchant,dev-b591c7c43c4d,,True,2025-03-22
janani5864@okhdfcbank,6687184880807619,HDFC0437020,Janani Karan,HDFC Bank,individual,dev-18f6fc5e6a49,,True,2025-01-18
beradeshpande5865@barodampay,4633329437,BARB0130308,Bera-Deshpande Fuel,Bank of Baroda,merchant,dev-2c5950d14919,,True,2026-01-14
caleb5866@oksbi,4193276094,SBIN0812935,Caleb Bali,State Bank of India,individual,dev-ed31a49d7e69,,True,2024-01-17
bobalsani5867@okicici,1417653622516,ICIC0887772,Bobal-Sani Grocery,ICICI Bank,merchant,dev-58730fb79ae3,,True,2024-10-27
alexander5868@okaxis,3557696253509958,UTIB0767973,Alexander Agrawal,Axis Bank,individual,dev-80cc9813ca96,gambling_network,True,2025-09-11
aahana5869@ybl,920306866475340,YESB0324919,Aahana Chadha,Yes Bank,individual,dev-b5abc99d7152,,True,2026-05-27
falak5870@okicici,4320627328,ICIC0013064,Falak Memon,ICICI Bank,individual,dev-794bb716ca8c,,True,2024-01-07
lohit5871@okaxis,515957414,UTIB0638582,Lohit Vig,Axis Bank,individual,dev-3f896bdd9caa,gambling_network,True,2025-06-11
odika5872@oksbi,301121667532015,SBIN0909548,Odika Kala,State Bank of India,individual,dev-a4da835d5f92,innocent_bystander,True,2025-05-18
hemangini5873@idfcfirst,143909834712488,IDFB0500248,Hemangini Deep,IDFC First Bank,individual,dev-502314f53c73,,True,2024-12-18
arya5874@oksbi,39248736432888,SBIN0396640,Arya Sodhi,State Bank of India,individual,dev-f4fd1d919283,,True,2024-06-25
odika5875@ybl,6060344760308,YESB0218075,Odika Chakrabarti,Yes Bank,individual,dev-73a3a16c3088,,True,2025-12-28
urvi5876@kotak,0831133024029954,KKBK0145019,Urvi Jain,Kotak Mahindra Bank,individual,dev-34da7cecb09e,innocent_bystander,True,2025-08-02
fitan5877@kotak,4262890428143411,KKBK0235198,Fitan Kala,Kotak Mahindra Bank,individual,dev-adc24caeec1c,,True,2023-09-25
balendra5878@idfcfirst,37285391852,IDFB0616071,Balendra Kuruvilla,IDFC First Bank,individual,dev-439f68f4a6cd,,True,2025-03-03
chakradev5879@pnb,38493751014561,PUNB0184352,Chakradev Dube,Punjab National Bank,individual,dev-8ca1fa9dde6b,,True,2024-10-15
raukapadia5880@okhdfcbank,333119803,HDFC0134981,Rau-Kapadia Grocery,HDFC Bank,merchant,dev-16e23d126641,,True,2026-01-19
ekapad5881@okaxis,622384710213219,UTIB0273407,Ekapad Sidhu,Axis Bank,individual,dev-4a013b052e20,,True,2023-11-24
tanay5882@okhdfcbank,230350156,HDFC0666123,Tanay Parsa,HDFC Bank,individual,dev-dc7cbd42f6e6,,True,2023-09-28
aahana5883@okicici,292339116969521,ICIC0203160,Aahana Viswanathan,ICICI Bank,individual,dev-a7ee79d3b8b8,gambling_network,True,2025-11-18
geetika5884@cnrb,728961757035156,CNRB0586081,Geetika Doshi,Canara Bank,individual,dev-bd4bc6cc0acd,,True,2026-06-28
darpan5885@okicici,2700655690,ICIC0794735,Darpan Ravi,ICICI Bank,individual,dev-70ef796bd6ba,,True,2025-10-28
saranbarad5886@kotak,8652718998,KKBK0816227,Saran-Barad Utilities,Kotak Mahindra Bank,merchant,dev-44700dc1da22,,True,2026-03-22
sara5887@ybl,094245645481754,YESB0385826,Sara Hari,Yes Bank,individual,dev-a2f2de3c30d1,,True,2025-09-01
zayan5888@barodampay,9485293674,BARB0803036,Zayan Mistry,Bank of Baroda,individual,dev-8016fbd3462c,,False,2024-09-29
chavvi5889@okhdfcbank,3816311780277,HDFC0521362,Chavvi Goel,HDFC Bank,individual,dev-799b42087f5b,,True,2024-10-13
kariraja5890@idfcfirst,2816499098959214,IDFB0244309,Kari-Raja Fuel,IDFC First Bank,merchant,dev-a8db50ec26c5,,True,2025-05-11
misra5891@kotak,53328279432,KKBK0253149,"Misra, Ravi and Devi Utilities",Kotak Mahindra Bank,merchant,dev-047e2c6a43d0,,True,2023-08-01
ganga5892@barodampay,86334400604143,BARB0080413,Ganga Natt,Bank of Baroda,individual,dev-383073497b7c,,True,2023-10-22
sanaya5893@kotak,8508679442007,KKBK0055683,Sanaya Sawhney,Kotak Mahindra Bank,individual,dev-46c6f8e05698,,True,2024-07-12
bediramaswamy5894@okaxis,819790757148,UTIB0815874,Bedi-Ramaswamy Home Services,Axis Bank,merchant,dev-950ba296ed69,,True,2024-05-04
saumya5895@pnb,423812659,PUNB0003141,Saumya Nayak,Punjab National Bank,individual,dev-d8744244d0d5,,True,2026-07-05
fariq5896@kotak,99733290216,KKBK0094477,Fariq Patla,Kotak Mahindra Bank,individual,dev-17c3babe1865,,True,2024-06-01
nathaniel5897@okaxis,187504923132736,UTIB0599123,Nathaniel Jha,Axis Bank,individual,dev-124f16494fe7,,True,2026-05-08
aditya5898@pnb,874647054,PUNB0456651,Aditya Bandi,Punjab National Bank,individual,dev-254fe8ef1f47,,True,2024-04-14
ekta5899@okaxis,4690846721397474,UTIB0091510,Ekta Chhabra,Axis Bank,individual,dev-166ccfe21198,account_takeover,True,2026-04-14
wakeeta5900@ybl,67767309149796,YESB0002037,Wakeeta More,Yes Bank,individual,dev-d643b20254b6,innocent_bystander,True,2025-11-02
harsh5901@kotak,5484813580,KKBK0440645,Harsh Kaur,Kotak Mahindra Bank,individual,dev-34d4026ad8fa,,True,2023-08-28
fiyaz5902@kotak,27241641717492,KKBK0535460,Fiyaz Chaudhry,Kotak Mahindra Bank,individual,dev-74e81fc5f235,,True,2025-11-04
yashica5903@okicici,0186076137364,ICIC0774519,Yashica Rama,ICICI Bank,individual,dev-a70ecb853ee1,,True,2024-11-27
anirudh5904@okhdfcbank,581985702,HDFC0120167,Anirudh Dhar,HDFC Bank,individual,dev-b233358bc6f7,,False,2024-04-25
chakrika5905@okaxis,6032378381,UTIB0762106,Chakrika Saxena,Axis Bank,individual,dev-820f692b5d3d,,True,2024-11-27
chatura5906@barodampay,399797416,BARB0405616,Chatura Goel,Bank of Baroda,individual,dev-cddc12f8f068,,True,2024-12-11
arjun5907@oksbi,54949108861458,SBIN0505131,Arjun Ravi,State Bank of India,individual,dev-74705da1d5c8,,True,2023-11-29
vivaan5908@kotak,430920177,KKBK0213651,Vivaan Murty,Kotak Mahindra Bank,individual,dev-d5cfe73f97ea,,True,2025-05-28
fiyaz5909@okaxis,448249354020982,UTIB0398060,Fiyaz Goel,Axis Bank,individual,dev-e28f04dd9ae5,,True,2025-07-03
fitan5910@okicici,550189878512984,ICIC0088547,Fitan Deshmukh,ICICI Bank,individual,dev-4aa3c437ee98,,True,2025-12-26
sarma5911@cnrb,8308799397,CNRB0225162,Sarma LLC Food & Dining,Canara Bank,merchant,dev-a74094af917c,,True,2024-07-07
daniel5912@kotak,745295961668,KKBK0935839,Daniel Anne,Kotak Mahindra Bank,individual,dev-4e41fb08ffeb,,True,2025-03-06
omisha5913@okhdfcbank,336995346954,HDFC0236005,Omisha Bedi,HDFC Bank,individual,dev-7515481803f5,gambling_network,True,2023-10-10
ekaja5914@cnrb,97257819487542,CNRB0585826,Ekaja Choudhry,Canara Bank,individual,dev-d1a46e4bc55c,,True,2025-07-18
tanish5915@pnb,9064076253245064,PUNB0559144,Tanish Goswami,Punjab National Bank,individual,dev-e9ae1325f3e8,,True,2025-07-13
ladsarraf5916@kotak,450335103079627,KKBK0803599,Lad-Sarraf Electronics,Kotak Mahindra Bank,merchant,dev-685acce46c86,,True,2025-03-08
nori5917@okaxis,7921034046404,UTIB0680735,"Nori, Balay and Sarma Grocery",Axis Bank,merchant,dev-f762ba7d363e,,True,2024-08-31
caleb5918@okhdfcbank,3184882151,HDFC0740193,Caleb Tailor,HDFC Bank,individual,dev-6624eaad572d,,True,2025-07-05
saanvi5919@okaxis,018844551105,UTIB0355990,Saanvi Halder,Axis Bank,individual,dev-9a29669913d7,,True,2025-02-09
ubika5920@idfcfirst,91983178194,IDFB0761805,Ubika Bawa,IDFC First Bank,individual,dev-790eda6d19d3,,True,2025-07-02
jasmit5921@ybl,53874671523686,YESB0913191,Jasmit Bala,Yes Bank,individual,dev-30e9eb08d859,gambling_network,True,2023-12-02
dominic5922@okicici,213469480438,ICIC0946051,Dominic Bava,ICICI Bank,individual,dev-73eef36bbe1a,,True,2024-09-22
maya5923@barodampay,98325749527967,BARB0994855,Maya Mani,Bank of Baroda,individual,dev-75bac3bb9885,,True,2024-08-28
daksha5924@okhdfcbank,7304792664870208,HDFC0515847,Daksha Arora,HDFC Bank,individual,dev-df11869fbadb,,True,2026-01-20
jagat5925@okicici,091558119519742,ICIC0778226,Jagat Aggarwal,ICICI Bank,individual,dev-8e36e9c57e8f,,True,2025-09-25
ijaya5926@oksbi,60219205805,SBIN0979026,Ijaya Date,State Bank of India,individual,dev-0c0243ab987b,,True,2024-11-13
tanish5927@idfcfirst,529475029635579,IDFB0630869,Tanish Sangha,IDFC First Bank,individual,dev-a8aeca261157,,True,2025-10-18
yashawini5928@idfcfirst,6339759723,IDFB0585229,Yashawini Mane,IDFC First Bank,individual,dev-eeffb75aeca3,,True,2025-05-10
ekbal5929@okaxis,449130977,UTIB0610643,Ekbal Mital,Axis Bank,individual,dev-ac7a9b6bb4c8,,True,2025-08-15
timothy5930@idfcfirst,14895845380537,IDFB0527721,Timothy Nayar,IDFC First Bank,individual,dev-04fe12a3970b,gambling_network,True,2025-06-25
jagrati5931@okhdfcbank,35411737861,HDFC0908956,Jagrati Pal,HDFC Bank,individual,dev-97f5a69a68a7,,True,2023-11-17
kashvi5932@oksbi,496876014808,SBIN0501762,Kashvi Oak,State Bank of India,individual,dev-ba81338cac72,,True,2025-10-31
chakradev5933@kotak,420745619,KKBK0896305,Chakradev Pathak,Kotak Mahindra Bank,individual,dev-287067dfec72,,True,2024-05-21
ekavir5934@kotak,0889594105,KKBK0057710,Ekavir Bandi,Kotak Mahindra Bank,individual,dev-ba77602a8315,,True,2024-04-11
nikita5935@okicici,926480975220,ICIC0073801,Nikita Sur,ICICI Bank,individual,dev-b712065a543f,,True,2024-05-20
anirudh5936@okaxis,07209312197,UTIB0606289,Anirudh Rao,Axis Bank,individual,dev-bc9d4fb9a6bf,,True,2026-06-22
daniel5937@ybl,3667022293780,YESB0786482,Daniel Borah,Yes Bank,individual,dev-015aa6ab91c5,,True,2025-07-18
reva5938@ybl,980307761182,YESB0579711,Reva Sood,Yes Bank,individual,dev-546038e2e172,,True,2026-06-17
chaitanya5939@okaxis,6494380273455,UTIB0809662,Chaitanya Khurana,Axis Bank,individual,dev-03e078914371,,True,2024-04-06
xiti5940@okaxis,295480833,UTIB0882535,Xiti Loke,Axis Bank,individual,dev-f8cbfe3a9202,,True,2024-03-11
tejas5941@pnb,131586839259074,PUNB0613078,Tejas Hari,Punjab National Bank,individual,dev-147c7fd38a44,,True,2024-11-26
damyanti5942@cnrb,390843224,CNRB0257914,Damyanti Prasad,Canara Bank,individual,dev-0dcf868fbc05,,True,2024-05-07
ansh5943@okaxis,174836923,UTIB0663477,Ansh Agate,Axis Bank,individual,dev-5664deaf5bec,,True,2026-01-21
vritti5944@ybl,096835845,YESB0862540,Vritti Shanker,Yes Bank,individual,dev-9242b608cf26,,True,2023-10-21
dugarnatt5945@barodampay,6142644639074678,BARB0050917,Dugar-Natt Electronics,Bank of Baroda,merchant,dev-c6f9745ea1d7,,True,2025-10-10
abhiram5946@kotak,017972421804,KKBK0158181,Abhiram Kamdar,Kotak Mahindra Bank,individual,dev-20cfc87da0e2,gambling_network,True,2025-01-15
ijaya5947@okicici,1681114776687470,ICIC0016005,Ijaya Apte,ICICI Bank,individual,dev-14967c74a92a,,True,2025-03-20
wakeeta5948@barodampay,71277620720,BARB0565809,Wakeeta Kala,Bank of Baroda,individual,dev-b0c0e6b3e7d6,,True,2026-05-28
munshikumer5949@kotak,353226520,KKBK0264493,Munshi-Kumer Electronics,Kotak Mahindra Bank,merchant,dev-509142b6cc60,,True,2026-02-22
raman5950@cnrb,62642780462,CNRB0263411,Raman and Sons Travel,Canara Bank,merchant,dev-aefaee97f184,,True,2026-06-15
hitesh5951@ybl,08972869735,YESB0599897,Hitesh Sharaf,Yes Bank,individual,dev-9f0260679f4e,,True,2025-04-02
qarin5952@cnrb,52208382544,CNRB0645931,Qarin Bhat,Canara Bank,individual,dev-159f922eb993,gambling_network,False,2026-06-29
mason5953@okaxis,3208618491,UTIB0323835,Mason Kanda,Axis Bank,individual,dev-1a64d7917b7b,,True,2026-05-17
darika5954@okaxis,2917866907840,UTIB0963169,Darika Narayanan,Axis Bank,individual,dev-86d110ada221,,True,2026-04-08
boase5955@oksbi,25441304246,SBIN0988206,Boase Inc Grocery,State Bank of India,merchant,dev-b36227837e61,,True,2025-10-19
balveer5956@barodampay,872008866818217,BARB0912147,Balveer Sama,Bank of Baroda,individual,dev-ab5e971f528f,,True,2024-10-27
ishani5957@cnrb,08432489310495,CNRB0194711,Ishani Konda,Canara Bank,individual,dev-cdc9e759fcbe,,True,2024-06-14
odika5958@oksbi,622146412030766,SBIN0886373,Odika Uppal,State Bank of India,individual,dev-2414059969a5,account_takeover,True,2025-03-26
xavier5959@kotak,619529355,KKBK0918096,Xavier Atwal,Kotak Mahindra Bank,individual,dev-f5b86e71cf41,,True,2024-05-14
jackson5960@okhdfcbank,5851349442079,HDFC0312269,Jackson Chakrabarti,HDFC Bank,individual,dev-a0cb363a372b,innocent_bystander,True,2024-12-18
maya5961@idfcfirst,2466627911,IDFB0882179,Maya Sawhney,IDFC First Bank,individual,dev-67d0b1249e06,,True,2024-02-28
laban5962@oksbi,398097124,SBIN0712730,Laban Ahuja,State Bank of India,individual,dev-3aa52be580e4,,True,2025-02-04
nattshan5963@okaxis,49665294116745,UTIB0926757,Natt-Shan Fuel,Axis Bank,merchant,dev-a321a52616f8,,True,2024-06-10
shravya5964@pnb,071164411,PUNB0648202,Shravya Naik,Punjab National Bank,individual,dev-6325bee45028,,True,2025-04-07
gagan5965@pnb,6722135317,PUNB0075423,Gagan Garg,Punjab National Bank,individual,dev-2e4b2237c5a3,,True,2023-11-23
sampath5966@oksbi,4501175733430397,SBIN0519884,"Sampath, Muni and Ganesh Home Services",State Bank of India,merchant,dev-7aa38f6b55e8,,True,2025-05-13
batrakashyap5967@barodampay,2241773684415,BARB0185446,Batra-Kashyap Pharmacy,Bank of Baroda,merchant,dev-0ee6570750cb,,True,2026-02-15
oni5968@okhdfcbank,873371376952,HDFC0521995,Oni Gola,HDFC Bank,individual,dev-3c54f04e0c93,innocent_bystander,True,2023-10-11
dhaliwal5969@ybl,1293735684964097,YESB0973484,Dhaliwal Group Utilities,Yes Bank,merchant,dev-2d0459c5e4fa,,True,2026-03-28
irya5970@idfcfirst,3318781956928,IDFB0830803,Irya Verma,IDFC First Bank,individual,dev-3409b95190ba,,True,2023-08-05
brahmbhatt5971@cnrb,59812193540406,CNRB0352787,Brahmbhatt LLC Fashion,Canara Bank,merchant,dev-ae47ea322a33,,True,2024-07-27
ubika5972@pnb,885175284839909,PUNB0419985,Ubika Bakshi,Punjab National Bank,individual,dev-669271101593,,True,2024-01-01
aarav5973@okicici,55876100680,ICIC0603450,Aarav Saxena,ICICI Bank,individual,dev-7a25725fbdee,,True,2026-07-01
chand5974@okaxis,4488476487133,UTIB0925970,Chand LLC Travel,Axis Bank,merchant,dev-0cb28f9b465a,,True,2026-01-30
upkaar5975@okaxis,425755777962271,UTIB0271855,Upkaar Ahuja,Axis Bank,individual,dev-6f15a0d4dd78,,True,2023-10-21
ranbir5976@okaxis,3106313857,UTIB0492278,Ranbir Sankar,Axis Bank,individual,dev-a84fa9db0e33,innocent_bystander,True,2023-07-31
hardik5977@pnb,501231861398,PUNB0337149,Hardik Garg,Punjab National Bank,individual,dev-87ff8a448a2d,,True,2025-12-03
ira5978@barodampay,26777557990396,BARB0433299,Ira Vohra,Bank of Baroda,individual,dev-1313319b20e1,,True,2025-06-03
vrinda5979@barodampay,0172432176,BARB0433953,Vrinda Agrawal,Bank of Baroda,individual,dev-531276ae571c,,True,2026-06-29
girindra5980@oksbi,466292212966420,SBIN0747505,Girindra Saraf,State Bank of India,individual,dev-3c568b120bd0,,True,2024-12-10
isaac5981@barodampay,755469192653798,BARB0335496,Isaac Thakur,Bank of Baroda,individual,dev-abbda067b1cb,,True,2024-06-08
siddharth5982@okicici,7102042463850,ICIC0433338,Siddharth Wason,ICICI Bank,individual,dev-3df591ad78a9,,True,2024-09-28
gaurangi5983@pnb,91920890497473,PUNB0287714,Gaurangi Bumb,Punjab National Bank,individual,dev-1f069371924b,innocent_bystander,True,2023-12-03
ubika5984@okicici,37453408320,ICIC0906433,Ubika Singhal,ICICI Bank,individual,dev-a70e18b9ea5a,,True,2026-03-13
girindra5985@pnb,6114543699271042,PUNB0243904,Girindra Raj,Punjab National Bank,individual,dev-49e5ba9e0349,,False,2023-10-16
chandresh5986@kotak,948045400,KKBK0872473,Chandresh Nori,Kotak Mahindra Bank,individual,dev-5b647aed5e44,,True,2024-10-05
varenya5987@idfcfirst,5436373410427,IDFB0119460,Varenya Warrior,IDFC First Bank,individual,dev-2782c83b6ecd,,True,2026-04-22
kalita5988@okhdfcbank,3540471009456250,HDFC0234910,"Kalita, Bhavsar and Prashad Fuel",HDFC Bank,merchant,dev-6295a4bca22b,,True,2023-09-20
dubey5989@okhdfcbank,1562450148382,HDFC0199630,"Dubey, Trivedi and Srinivasan Fashion",HDFC Bank,merchant,dev-0f3ba3ef5c46,,True,2026-04-13
yashodhara5990@okicici,477518646,ICIC0915772,Yashodhara Majumdar,ICICI Bank,individual,dev-5c408eafdf3e,,True,2023-11-25
deepa5991@idfcfirst,465218575150153,IDFB0782774,Deepa Bera,IDFC First Bank,individual,dev-f2413a74fe20,,True,2023-12-12
char5992@barodampay,3550214285,BARB0007459,"Char, Varkey and Devi Utilities",Bank of Baroda,merchant,dev-7ecb7dcccfdc,,True,2026-05-21
vansha5993@pnb,3053475900,PUNB0713522,Vansha Gaba,Punjab National Bank,individual,dev-50d60ed4e885,account_takeover,True,2024-12-19
chatura5994@idfcfirst,916832558308,IDFB0055791,Chatura Goel,IDFC First Bank,individual,dev-d0bad22ef8fb,,True,2023-08-26
chaitaly5995@barodampay,918666562,BARB0951628,Chaitaly Yadav,Bank of Baroda,individual,dev-47e11e950013,,True,2026-04-14
veer5996@oksbi,6010883331381025,SBIN0903151,Veer Deshmukh,State Bank of India,individual,dev-cc87b1a5206b,innocent_bystander,True,2026-05-20
daniel5997@idfcfirst,544209166,IDFB0565422,Daniel Krishnan,IDFC First Bank,individual,dev-ca1060af4c56,,True,2025-03-24
arunima5998@okicici,854187336236884,ICIC0538687,Arunima Mallick,ICICI Bank,individual,dev-2ff3c03572ac,innocent_bystander,True,2025-08-22
arya5999@idfcfirst,325022386282909,IDFB0517493,Arya Kakar,IDFC First Bank,individual,dev-0daa263df8f8,,True,2025-10-14
imaran6000@okicici,6018237204857,ICIC0551242,Imaran Bhatti,ICICI Bank,individual,dev-9a041c536018,,True,2023-11-09
jagvi6001@kotak,43161567031,KKBK0204596,Jagvi Hayre,Kotak Mahindra Bank,individual,dev-87bd38bcd357,scam_recipient,True,2026-08-29
jonathan6002@okaxis,616601658646253,UTIB0648868,Jonathan Arya,Axis Bank,individual,dev-ba93cea04426,scam_recipient,True,2026-08-29
balendra6003@okicici,765243803581433,ICIC0750508,Balendra Johal,ICICI Bank,individual,dev-f7b7423f3b3f,scam_recipient,True,2026-08-28
aradhana6004@okicici,668194572333,ICIC0239424,Aradhana Dixit,ICICI Bank,individual,dev-60d27a53dc92,scam_recipient,True,2026-08-28
karan6005@kotak,113390465497,KKBK0407229,Karan De,Kotak Mahindra Bank,individual,dev-1bf70b90518c,scam_recipient,True,2026-08-29
widisha6006@cnrb,799521867147,CNRB0296906,Widisha Parmer,Canara Bank,individual,dev-c7aca23a6e1d,scam_recipient,True,2026-08-29
harshil6007@ybl,240673184,YESB0489144,Harshil Kohli,Yes Bank,individual,dev-ab9af66b0d51,scam_recipient,True,2026-08-30
rishi6008@idfcfirst,37684233139,IDFB0905471,Rishi Barman,IDFC First Bank,individual,dev-d6cba7308c35,scam_recipient,True,2026-08-30
yahvi6009@kotak,904454370910,KKBK0777215,Yahvi Chander,Kotak Mahindra Bank,individual,dev-ecfbc309fa4a,scam_recipient,True,2026-08-29
gautami6010@kotak,409305599,KKBK0282648,Gautami Batta,Kotak Mahindra Bank,individual,dev-88e64abd8fd9,scam_recipient,True,2026-08-29
zehaan6011@okaxis,613122190836343,UTIB0071298,Zehaan Randhawa,Axis Bank,individual,dev-e0e2156f2733,scam_recipient,True,2026-08-29
aarnav6012@okhdfcbank,3813173790294924,HDFC0077644,Aarnav Bhandari,HDFC Bank,individual,dev-005e2dfa200c,scam_recipient,True,2026-08-29
vihaan6013@pnb,675751170567565,PUNB0382520,Vihaan Sarraf,Punjab National Bank,individual,dev-d45f5800be5d,scam_recipient,True,2026-09-03
tripti6014@oksbi,868931919390,SBIN0959477,Tripti Parekh,State Bank of India,individual,dev-a33234117ce3,scam_recipient,True,2026-09-03
gopal6015@kotak,9206435755429,KKBK0708263,Gopal Yogi,Kotak Mahindra Bank,individual,dev-90fc2b3d4283,scam_recipient,True,2026-08-30
kevin6016@kotak,89891171583,KKBK0549427,Kevin Bobal,Kotak Mahindra Bank,individual,dev-80a7fb93a668,scam_recipient,True,2026-08-30
neel6017@okaxis,712361042,UTIB0277827,Neel Chakraborty,Axis Bank,individual,dev-728404aeb871,scam_recipient,True,2026-09-02
ethan6018@barodampay,53658417438,BARB0371440,Ethan Singh,Bank of Baroda,individual,dev-fd58cd4e3194,scam_recipient,True,2026-09-02
kritika6019@idfcfirst,138694938,IDFB0236895,Kritika Baria,IDFC First Bank,individual,dev-0dd385df424b,scam_recipient,True,2026-08-27
tejas6020@okaxis,979457364,UTIB0847074,Tejas Dar,Axis Bank,individual,dev-0eee846b4ced,scam_recipient,True,2026-08-27
adya6021@pnb,0498041132598551,PUNB0344467,Adya Kota,Punjab National Bank,individual,dev-03b7936bce95,scam_recipient,True,2026-08-26
ekalinga6022@pnb,58764870578,PUNB0851579,Ekalinga Ram,Punjab National Bank,individual,dev-eb7fb0583746,scam_recipient,True,2026-08-26
nicholas6023@okhdfcbank,6091261403086591,HDFC0241978,Nicholas Dora,HDFC Bank,individual,dev-cd745fd7d291,scam_recipient,True,2026-08-26
samaksh6024@okicici,763542626405661,ICIC0962817,Samaksh Dani,ICICI Bank,individual,dev-5ca117c308ce,scam_recipient,True,2026-08-26
vidhi6025@oksbi,0029829431,SBIN0646920,Vidhi Atwal,State Bank of India,individual,dev-78a9252b4cf7,scam_recipient,True,2026-09-11
jeevika6026@kotak,4335835149757993,KKBK0178198,Jeevika Ravi,Kotak Mahindra Bank,individual,dev-ce7daeeb6011,scam_recipient,True,2026-09-11
omisha6027@okhdfcbank,581293721305,HDFC0320515,Omisha Ramaswamy,HDFC Bank,individual,dev-a0d8b288ec89,scam_recipient,True,2026-09-09
banjeet6028@idfcfirst,3123948388060,IDFB0319267,Banjeet Rajagopal,IDFC First Bank,individual,dev-b9c3a94f8fb9,scam_recipient,True,2026-09-09
meera6029@cnrb,591833839236958,CNRB0034528,Meera Dua,Canara Bank,individual,dev-3192bb8a02e0,scam_recipient,True,2026-08-31
yauvani6030@okicici,035886946,ICIC0882178,Yauvani Ramesh,ICICI Bank,individual,dev-d73f49580701,scam_recipient,True,2026-08-31
janaki6031@cnrb,2597514535910,CNRB0365548,Janaki Bhasin,Canara Bank,individual,dev-4ac9b7e8b4cb,scam_recipient,True,2026-08-30
bhavini6032@pnb,1405745861503,PUNB0877496,Bhavini Kumar,Punjab National Bank,individual,dev-06b6b8acd8e0,scam_recipient,True,2026-08-30
balhaar6033@idfcfirst,9853568744573610,IDFB0184326,Balhaar Sastry,IDFC First Bank,individual,dev-e1f96f237479,scam_recipient,True,2026-08-27
mahika6034@ybl,932821051979,YESB0661145,Mahika Hegde,Yes Bank,individual,dev-16aa3887ea33,scam_recipient,True,2026-08-27
ranbir6035@okaxis,41172292305,UTIB0437311,Ranbir Kar,Axis Bank,individual,dev-c0b06de27fa1,scam_recipient,True,2026-09-11
hemangini6036@okicici,40605649775,ICIC0356015,Hemangini Anand,ICICI Bank,individual,dev-f0da4c303fe3,scam_recipient,True,2026-09-11
krisha6037@oksbi,42188796265210,SBIN0366443,Krisha Ganesh,State Bank of India,individual,dev-f807bbe4374e,scam_recipient,True,2026-08-26
ranveer6038@barodampay,010993557774515,BARB0993120,Ranveer Dayal,Bank of Baroda,individual,dev-859f2e63c0f6,scam_recipient,True,2026-08-26
lekha6039@ybl,472596943,YESB0738159,Lekha Desai,Yes Bank,individual,dev-affd5401af23,scam_recipient,True,2026-08-27
jacob6040@idfcfirst,073426783667,IDFB0590411,Jacob Chakrabarti,IDFC First Bank,individual,dev-eb032ff7389f,scam_recipient,True,2026-08-27
manan6041@okicici,5911038405859440,ICIC0669765,Manan Kumer,ICICI Bank,individual,dev-e0ed2e7b3443,scam_recipient,True,2026-09-09
nirja6042@ybl,8392396814,YESB0917173,Nirja Devan,Yes Bank,individual,dev-37f7ac920815,scam_recipient,True,2026-09-09
ekani6043@idfcfirst,1837750370432,IDFB0101441,Ekani Lata,IDFC First Bank,individual,dev-c3771386d276,scam_recipient,True,2026-09-09
harrison6044@pnb,86052329775,PUNB0426592,Harrison Varma,Punjab National Bank,individual,dev-9badce6acd51,scam_recipient,True,2026-09-09
waida6045@cnrb,547939066,CNRB0365713,Waida Chaudhari,Canara Bank,individual,dev-b4baae19fd4b,scam_recipient,True,2026-08-31
manbir6046@okhdfcbank,45975867251003,HDFC0579510,Manbir Khatri,HDFC Bank,individual,dev-49507348dfa1,scam_recipient,True,2026-08-31
frado6047@ybl,266156806052310,YESB0979182,Frado Rai,Yes Bank,individual,dev-cc5ff757d800,scam_recipient,True,2026-09-06
thomas6048@ybl,600290650533,YESB0082500,Thomas Iyer,Yes Bank,individual,dev-5379d18725b5,scam_recipient,True,2026-09-06
wriddhish6049@idfcfirst,58263300656,IDFB0310215,Wriddhish Desai,IDFC First Bank,individual,dev-94146d4c72d2,scam_recipient,True,2026-08-30
triveni6050@idfcfirst,376184738821,IDFB0224888,Triveni Grover,IDFC First Bank,individual,dev-878653dc0bb1,scam_recipient,True,2026-08-30
dakshesh6051@kotak,063705472722,KKBK0243462,Dakshesh Patla,Kotak Mahindra Bank,individual,dev-4e20361b3002,scam_recipient,True,2026-08-27
umang6052@kotak,84424673832755,KKBK0745169,Umang Korpal,Kotak Mahindra Bank,individual,dev-be76c9c70f7e,scam_recipient,True,2026-08-27
samaksh6053@pnb,421471380849,PUNB0841871,Samaksh Banerjee,Punjab National Bank,individual,dev-4ce925901923,scam_recipient,True,2026-09-11
faras6054@oksbi,6658589318633928,SBIN0927743,Faras Brar,State Bank of India,individual,dev-e7000292356d,scam_recipient,True,2026-09-11
xalak6055@oksbi,36426692005,SBIN0384674,Xalak Ravi,State Bank of India,individual,dev-a8ed6fb2933e,scam_recipient,True,2026-09-06
kashvi6056@barodampay,510200170,BARB0708795,Kashvi Loke,Bank of Baroda,individual,dev-21fdfc88bf45,scam_recipient,True,2026-09-06
unni6057@okhdfcbank,52074009974,HDFC0872035,Unni Ramakrishnan,HDFC Bank,individual,dev-e1a6b0c0dfc3,scam_recipient,True,2026-09-07
xalak6058@idfcfirst,34896642668934,IDFB0496336,Xalak Narayanan,IDFC First Bank,individual,dev-6e7bea86cb76,scam_recipient,True,2026-09-07
neelima6059@okaxis,7609407383788814,UTIB0079454,Neelima Loyal,Axis Bank,individual,dev-8ac2f912703e,scam_recipient,True,2026-08-30
ryan6060@okhdfcbank,5287686549299927,HDFC0407066,Ryan Patel,HDFC Bank,individual,dev-ef188f337189,scam_recipient,True,2026-08-30
rajeshri6061@pnb,3397488306466321,PUNB0879361,Rajeshri Prabhakar,Punjab National Bank,individual,dev-ddf84d3fec1a,scam_recipient,True,2026-09-11
anika6062@pnb,7097528604127,PUNB0167210,Anika Ramaswamy,Punjab National Bank,individual,dev-f4cc8c933179,scam_recipient,True,2026-09-11
yadavi6063@ybl,0015098555,YESB0947371,Yadavi Raja,Yes Bank,individual,dev-f6f063e38e0a,scam_recipient,True,2026-09-03
raagini6064@ybl,931183479,YESB0513822,Raagini Joshi,Yes Bank,individual,dev-35ba72383ace,scam_recipient,True,2026-09-03
jonathan6065@okaxis,5434284173,UTIB0736319,Jonathan Brar,Axis Bank,individual,dev-3dc288f3ee73,scam_recipient,True,2026-09-05
hemal6066@oksbi,69959794456406,SBIN0680154,Hemal Mangal,State Bank of India,individual,dev-6d755bbc3526,scam_recipient,True,2026-09-05
anthony6067@barodampay,5573211739,BARB0011264,Anthony Wason,Bank of Baroda,individual,dev-0003a4c1b99b,scam_recipient,True,2026-09-04
gaurangi6068@okaxis,825865807,UTIB0140108,Gaurangi Mohan,Axis Bank,individual,dev-ce9e551aedf8,scam_recipient,True,2026-09-04
harita6069@pnb,77397932038,PUNB0900075,Harita Goyal,Punjab National Bank,individual,dev-582abff70d8f,scam_recipient,True,2026-09-10
luke6070@ybl,77623312917365,YESB0565911,Luke Naidu,Yes Bank,individual,dev-03085b7b955a,scam_recipient,True,2026-09-10
lakshmi6071@okaxis,760869302462,UTIB0987069,Lakshmi Ranganathan,Axis Bank,individual,dev-5e1c70f1c5ac,scam_recipient,True,2026-09-08
sanya6072@kotak,0195322083610155,KKBK0074496,Sanya Gopal,Kotak Mahindra Bank,individual,dev-6e87c5d80aa1,scam_recipient,True,2026-09-08
wriddhish6073@oksbi,44169897476184,SBIN0695347,Wriddhish Arya,State Bank of India,individual,dev-4ecb0c09caf2,scam_recipient,True,2026-09-08
anya6074@oksbi,518278477,SBIN0542899,Anya Deshpande,State Bank of India,individual,dev-148f8ece7ca9,scam_recipient,True,2026-09-08
jhalak6075@okaxis,110249418769705,UTIB0933212,Jhalak Dani,Axis Bank,individual,dev-aad53791f324,scam_recipient,True,2026-08-27
pratyush6076@okaxis,912863669015,UTIB0003226,Pratyush Rajan,Axis Bank,individual,dev-6717b5650b8d,scam_recipient,True,2026-08-27
bhavika6077@okicici,683167616,ICIC0821651,Bhavika Ben,ICICI Bank,individual,dev-70c708a5aaba,scam_recipient,True,2026-08-28
rohan6078@okaxis,1537003589081228,UTIB0364939,Rohan Kota,Axis Bank,individual,dev-dd7978c9ff39,scam_recipient,True,2026-08-28
ojasvi6079@idfcfirst,6138001816739,IDFB0434377,Ojasvi Dada,IDFC First Bank,individual,dev-3683f18ca33a,scam_recipient,True,2026-09-11
edhitha6080@okicici,050693672850774,ICIC0396304,Edhitha More,ICICI Bank,individual,dev-65b1c1506ff2,scam_recipient,True,2026-09-11
daksh6081@cnrb,113028557,CNRB0777464,Daksh Sethi,Canara Bank,individual,dev-e0ac8025d853,mule_network,True,2026-08-25
thomas6082@okicici,06603738251176,ICIC0194428,Thomas Shankar,ICICI Bank,individual,dev-e0ac8025d853,mule_network,True,2026-08-25
hemang6083@kotak,42736201278978,KKBK0515692,Hemang Badami,Kotak Mahindra Bank,individual,dev-08d8e23bf426,mule_network,True,2026-08-25
jairaj6084@cnrb,16333505539,CNRB0983161,Jairaj Tandon,Canara Bank,individual,dev-fda21c360d0d,mule_network,True,2026-08-25
oliver6085@cnrb,6351943885745,CNRB0336007,Oliver Dhar,Canara Bank,individual,dev-010cc87e750e,mule_network,True,2026-08-06
fariq6086@barodampay,3678508550,BARB0239817,Fariq Pillay,Bank of Baroda,individual,dev-010cc87e750e,mule_network,True,2026-08-06
george6087@okaxis,561503687,UTIB0785472,George Mand,Axis Bank,individual,dev-e643f9c2308a,mule_network,True,2026-08-06
naksh6088@pnb,61999493826,PUNB0620867,Naksh Kadakia,Punjab National Bank,individual,dev-163a0da75aaa,mule_network,True,2026-08-06
ati6089@pnb,50207888837,PUNB0925364,Ati Goda,Punjab National Bank,individual,dev-00022ef321b2,mule_network,True,2026-08-06
yashasvi6090@pnb,388561087642,PUNB0533512,Yashasvi Sharma,Punjab National Bank,individual,dev-94fd104e66f1,mule_network,True,2026-08-06
amara6091@ybl,5242355265,YESB0620164,Amara Tara,Yes Bank,individual,dev-0da7bd28f22b,mule_network,True,2026-09-02
isaiah6092@oksbi,316258507,SBIN0213396,Isaiah Tank,State Bank of India,individual,dev-0da7bd28f22b,mule_network,True,2026-09-02
nihal6093@okicici,7536552013211855,ICIC0556873,Nihal Bakshi,ICICI Bank,individual,dev-98f918dd9e9d,mule_network,True,2026-09-02
harita6094@okaxis,8207324964690280,UTIB0733449,Harita Divan,Axis Bank,individual,dev-dc5f99433309,mule_network,True,2026-09-02
sai6095@okicici,3002377845973,ICIC0680896,Sai Shere,ICICI Bank,individual,dev-d6fa0e7ad58e,mule_network,True,2026-09-02
kevin6096@kotak,7017507595594,KKBK0959217,Kevin Sani,Kotak Mahindra Bank,individual,dev-cbb6f5670c46,mule_network,True,2026-09-02
ekiya6097@ybl,85915550930161,YESB0655630,Ekiya Ray,Yes Bank,individual,dev-ca5fcad7066c,mule_network,True,2026-08-14
robert6098@ybl,9580607981,YESB0562535,Robert Sidhu,Yes Bank,individual,dev-ca5fcad7066c,mule_network,True,2026-08-14
isaac6099@pnb,52958892526883,PUNB0469992,Isaac Mallick,Punjab National Bank,individual,dev-09435e0a88e7,mule_network,True,2026-08-14
chakradhar6100@okhdfcbank,923849548078631,HDFC0879631,Chakradhar Parikh,HDFC Bank,individual,dev-14512a777f8b,mule_network,True,2026-08-14
reva6101@barodampay,2287740973727677,BARB0692735,Reva Yadav,Bank of Baroda,individual,dev-19d5e3133525,mule_network,True,2026-08-14
aryan6102@pnb,2797835652226,PUNB0434208,Aryan Pillai,Punjab National Bank,individual,dev-a49c6a906816,mule_network,True,2026-08-14
zilmil6103@idfcfirst,1885635366583,IDFB0557099,Zilmil Bath,IDFC First Bank,individual,dev-e9af8d7c7cb1,mule_network,True,2026-08-14
aryan6104@idfcfirst,486444884977,IDFB0639763,Aryan Doshi,IDFC First Bank,individual,dev-028a6a0510c6,mule_network,True,2026-07-19
pranav6105@okaxis,31723833230,UTIB0256781,Pranav Dave,Axis Bank,individual,dev-028a6a0510c6,mule_network,True,2026-07-19
dayamai6106@oksbi,86790097226,SBIN0444760,Dayamai Grewal,State Bank of India,individual,dev-b77ada4971ef,mule_network,True,2026-07-19
ubika6107@idfcfirst,0818484112249,IDFB0258945,Ubika Hayer,IDFC First Bank,individual,dev-1c5a65c49024,mule_network,True,2026-07-19
pavani6108@okaxis,7408011754500,UTIB0924767,Pavani Bala,Axis Bank,individual,dev-9818acab4389,mule_network,True,2026-07-19
utkarsh6109@barodampay,553998826,BARB0711120,Utkarsh Dasgupta,Bank of Baroda,individual,dev-d2e444624239,mule_network,True,2026-07-19
mitali6110@pnb,219755590305,PUNB0863501,Mitali Wadhwa,Punjab National Bank,individual,dev-9729081608b7,mule_network,True,2026-07-29
warda6111@barodampay,054460797745944,BARB0639663,Warda Gala,Bank of Baroda,individual,dev-9729081608b7,mule_network,True,2026-07-29
rushil6112@okaxis,17083813028025,UTIB0670059,Rushil Dara,Axis Bank,individual,dev-88271bc74872,mule_network,True,2026-07-29
kritika6113@okicici,8287748757,ICIC0895666,Kritika Pal,ICICI Bank,individual,dev-fd2877ab611e,mule_network,True,2026-07-29
mitesh6114@oksbi,2519057125728,SBIN0667198,Mitesh Vasa,State Bank of India,individual,dev-67a3c324dbc9,mule_network,True,2026-07-29
patrick6115@pnb,72968645000584,PUNB0753256,Patrick Bala,Punjab National Bank,individual,dev-35141cfccbc8,mule_network,True,2026-07-29
vedhika6116@okicici,7960989768137,ICIC0810177,Vedhika Koshy,ICICI Bank,individual,dev-f430657f66bc,mule_network,True,2026-07-29
joshua6117@pnb,81304890479,PUNB0935098,Joshua Prakash,Punjab National Bank,individual,dev-2f5fed443238,mule_network,True,2026-08-03
tanay6118@kotak,7961916963072987,KKBK0586994,Tanay Keer,Kotak Mahindra Bank,individual,dev-2f5fed443238,mule_network,True,2026-08-03
omkaar6119@barodampay,5185129901,BARB0160486,Omkaar Dora,Bank of Baroda,individual,dev-9456b8ed8cb1,mule_network,True,2026-08-03
utkarsh6120@okicici,7259841582065,ICIC0668909,Utkarsh Gupta,ICICI Bank,individual,dev-4722124e3a6c,mule_network,True,2026-08-03
aarav6121@cnrb,098229546680224,CNRB0661705,Aarav Mani,Canara Bank,individual,dev-d5af11936ea6,mule_network,True,2026-08-03
urvi6122@okaxis,1566946610053,UTIB0389912,Urvi Kapadia,Axis Bank,individual,dev-0dd199b5a63c,mule_network,True,2026-08-03
umang6123@oksbi,438881441197764,SBIN0397968,Umang Dayal,State Bank of India,individual,dev-348bb6907a30,mule_network,True,2026-08-03
pallavi6124@ybl,5134875886569120,YESB0399188,Pallavi Sane,Yes Bank,individual,dev-5ef16012c384,mule_network,True,2026-09-08
yashica6125@okhdfcbank,860631330,HDFC0398052,Yashica Palla,HDFC Bank,individual,dev-5ef16012c384,mule_network,True,2026-09-08
upasna6126@ybl,49550612618,YESB0135658,Upasna Ranganathan,Yes Bank,individual,dev-c26fa84959b0,mule_network,True,2026-09-08
chandran6127@okicici,7257823229475,ICIC0464357,Chandran Sharaf,ICICI Bank,individual,dev-b516acea7aed,mule_network,True,2026-09-08
yasti6128@pnb,95515120704,PUNB0773993,Yasti Grover,Punjab National Bank,individual,dev-28901fe2d766,mule_network,True,2026-09-08
widisha6129@okhdfcbank,3904321595,HDFC0155258,Widisha Dara,HDFC Bank,individual,dev-42824427c920,mule_network,True,2026-09-08
ryan6130@idfcfirst,133665076298,IDFB0155325,Ryan Raj,IDFC First Bank,individual,dev-bd157cc82682,mule_network,True,2026-09-08
hardik6131@barodampay,811502561525381,BARB0650938,Hardik Atwal,Bank of Baroda,individual,dev-e2f8c4af5dfc,mule_network,True,2026-08-18
jeet6132@okicici,49782110618873,ICIC0944737,Jeet Dugal,ICICI Bank,individual,dev-e2f8c4af5dfc,mule_network,True,2026-08-18
harish6133@kotak,6683152817707580,KKBK0784786,Harish Pandya,Kotak Mahindra Bank,individual,dev-35a1ef2a9014,mule_network,True,2026-08-18
qadim6134@cnrb,562979561744,CNRB0650861,Qadim Chakraborty,Canara Bank,individual,dev-8973bc949389,mule_network,True,2026-08-18
radhika6135@idfcfirst,632587575465552,IDFB0025606,Radhika Lala,IDFC First Bank,individual,dev-0cab0d0284a1,mule_network,True,2026-08-18
neha6136@kotak,27072154187,KKBK0120270,Neha Sridhar,Kotak Mahindra Bank,individual,dev-4d911eda21aa,mule_network,True,2026-08-18
ekta6137@idfcfirst,070856207436,IDFB0891257,Ekta Savant,IDFC First Bank,individual,dev-4d911eda21aa,mule_network,True,2026-08-18
karan6138@kotak,5144995902,KKBK0635200,Karan Dhillon,Kotak Mahindra Bank,individual,dev-953108f6947c,mule_network,True,2026-08-18
tarak6139@kotak,273918541480574,KKBK0344979,Tarak Dua,Kotak Mahindra Bank,individual,dev-b1b5d4c4fb32,mule_network,True,2026-08-18
neel6140@oksbi,141054169133,SBIN0218640,Neel Trivedi,State Bank of India,individual,dev-dd48abf7c89b,mule_network,True,2026-08-18
hitesh6141@barodampay,550148694,BARB0536482,Hitesh Master,Bank of Baroda,individual,dev-1bc762a76087,mule_network,True,2026-08-02
mitesh6142@cnrb,952242948100340,CNRB0722318,Mitesh Pal,Canara Bank,individual,dev-1bc762a76087,mule_network,True,2026-08-02
qarin6143@barodampay,51271345003,BARB0317999,Qarin Gokhale,Bank of Baroda,individual,dev-3822c58027b8,mule_network,True,2026-08-02
nidhi6144@okicici,882894386515409,ICIC0804389,Nidhi Bhandari,ICICI Bank,individual,dev-71ab6aa2cf86,mule_network,True,2026-08-02
qadim6145@kotak,963037722404,KKBK0528160,Qadim Nazareth,Kotak Mahindra Bank,individual,dev-4ae862bbd71c,mule_network,True,2026-08-02
kamya6146@kotak,18983132635388,KKBK0288163,Kamya Bawa,Kotak Mahindra Bank,individual,dev-9697a4b4d73e,mule_network,True,2026-08-09
xavier6147@okicici,710537629,ICIC0674262,Xavier Srinivas,ICICI Bank,individual,dev-9697a4b4d73e,mule_network,True,2026-08-09
ekalinga6148@cnrb,2283354755,CNRB0218917,Ekalinga Contractor,Canara Bank,individual,dev-a39eafde952c,mule_network,True,2026-08-09
anita6149@cnrb,9482660453,CNRB0968775,Anita Ranganathan,Canara Bank,individual,dev-940ff7e6c3fa,mule_network,True,2026-08-09
anya6150@okicici,91992154596,ICIC0287098,Anya Cheema,ICICI Bank,individual,dev-a508674640f4,mule_network,True,2026-08-09
abeer6151@idfcfirst,913708234634,IDFB0275489,Abeer Sunder,IDFC First Bank,individual,dev-f53b280fae8f,mule_network,True,2026-08-09
veer6152@okaxis,656600634427,UTIB0184428,Veer Mody,Axis Bank,individual,dev-4bcc8848c99f,mule_network,True,2026-08-09
ekiya6153@okaxis,927535635,UTIB0150500,Ekiya Dixit,Axis Bank,individual,dev-84019fc83f91,mule_network,True,2026-08-29
ekbal6154@okhdfcbank,36967610221,HDFC0291060,Ekbal Kannan,HDFC Bank,individual,dev-84019fc83f91,mule_network,True,2026-08-29
owen6155@cnrb,988448040555017,CNRB0182384,Owen Rattan,Canara Bank,individual,dev-e86c32b59350,mule_network,True,2026-08-29
yashoda6156@pnb,905569091671340,PUNB0110777,Yashoda Mangat,Punjab National Bank,individual,dev-3812a5833f5b,mule_network,True,2026-08-29
veer6157@okhdfcbank,887255235,HDFC0508046,Veer Solanki,HDFC Bank,individual,dev-8fae125e3eee,mule_network,True,2026-08-29
libni6158@pnb,965522985988,PUNB0577022,Libni Bhatnagar,Punjab National Bank,individual,dev-0198f816364a,mule_network,True,2026-08-05
aradhana6159@kotak,457171747504,KKBK0820393,Aradhana Soni,Kotak Mahindra Bank,individual,dev-0198f816364a,mule_network,True,2026-08-05
janaki6160@idfcfirst,11439409413,IDFB0574220,Janaki Nagar,IDFC First Bank,individual,dev-6463a556247c,mule_network,True,2026-08-05
elijah6161@oksbi,3017000161,SBIN0361890,Elijah Ghosh,State Bank of India,individual,dev-1ffa2bda0575,mule_network,True,2026-08-05
jyoti6162@idfcfirst,122144723886007,IDFB0165703,Jyoti Chadha,IDFC First Bank,individual,dev-066945b6ebd4,mule_network,True,2026-08-05
amrita6163@kotak,901278076,KKBK0054851,Amrita Bora,Kotak Mahindra Bank,individual,dev-df010806756c,mule_network,True,2026-08-31
hema6164@okhdfcbank,50576424948,HDFC0286261,Hema Narayan,HDFC Bank,individual,dev-df010806756c,mule_network,True,2026-08-31
anita6165@okaxis,657650351839046,UTIB0555143,Anita Badal,Axis Bank,individual,dev-dff866a723a6,mule_network,True,2026-08-31
keya6166@cnrb,060864601,CNRB0829036,Keya Kakar,Canara Bank,individual,dev-931a9201155d,mule_network,True,2026-08-31
shravya6167@barodampay,6324147477427,BARB0637371,Shravya Taneja,Bank of Baroda,individual,dev-815e945cfc3e,mule_network,True,2026-08-31
qasim6168@kotak,699829760447,KKBK0004581,Qasim Bhasin,Kotak Mahindra Bank,individual,dev-8688c397bdf2,mule_network,True,2026-08-31
aadi6169@ybl,06217677147,YESB0941329,Aadi Devan,Yes Bank,individual,dev-a3fdb299f704,mule_network,True,2026-08-10
zehaan6170@idfcfirst,46072708446972,IDFB0698982,Zehaan Ganguly,IDFC First Bank,individual,dev-a3fdb299f704,mule_network,True,2026-08-10
nathan6171@okaxis,790347025371581,UTIB0535548,Nathan Aurora,Axis Bank,individual,dev-cb6452a55f9b,mule_network,True,2026-08-10
watika6172@ybl,5689353155887,YESB0804527,Watika Char,Yes Bank,individual,dev-cca4f8bc913c,mule_network,True,2026-08-10
gaurav6173@okaxis,3390501367,UTIB0041821,Gaurav Doctor,Axis Bank,individual,dev-5f60043bcbe2,mule_network,True,2026-07-20
ethan6174@okaxis,5489304534699095,UTIB0987865,Ethan Jaggi,Axis Bank,individual,dev-5f60043bcbe2,mule_network,True,2026-07-20
qushi6175@idfcfirst,00074012815575,IDFB0211760,Qushi Raval,IDFC First Bank,individual,dev-698cd6062432,mule_network,True,2026-07-20
sudiksha6176@pnb,753864373682832,PUNB0774570,Sudiksha Ravi,Punjab National Bank,individual,dev-b4e504cc5c04,mule_network,True,2026-07-20
urvi6177@idfcfirst,8694501645,IDFB0324361,Urvi Kale,IDFC First Bank,individual,dev-b11e3b124a7e,mule_network,True,2026-07-20
nitesh6178@okhdfcbank,632972397880232,HDFC0194806,Nitesh Sandhu,HDFC Bank,individual,dev-36edec8cac3c,mule_network,True,2026-07-21
veda6179@okicici,0170644820696,ICIC0291266,Veda Kashyap,ICICI Bank,individual,dev-36edec8cac3c,mule_network,True,2026-07-21
qasim6180@oksbi,8085639565,SBIN0538219,Qasim Deo,State Bank of India,individual,dev-87ae7ce45cd8,mule_network,True,2026-07-21
lopa6181@kotak,13353443672,KKBK0783247,Lopa Bala,Kotak Mahindra Bank,individual,dev-5c7a7ee4968d,mule_network,True,2026-07-21
harinakshi6182@ybl,366803733087999,YESB0728389,Harinakshi Wali,Yes Bank,individual,dev-6cb47694f162,mule_network,True,2026-07-21
osha6183@oksbi,262305891689715,SBIN0699964,Osha Pandey,State Bank of India,individual,dev-f932ab85bef6,mule_network,True,2026-08-23
sarthak6184@kotak,40832479027883,KKBK0386884,Sarthak More,Kotak Mahindra Bank,individual,dev-f932ab85bef6,mule_network,True,2026-08-23
jack6185@kotak,30316821981,KKBK0510860,Jack Chand,Kotak Mahindra Bank,individual,dev-3f7b982084f2,mule_network,True,2026-08-23
falguni6186@cnrb,82282307828,CNRB0449642,Falguni More,Canara Bank,individual,dev-a3b808dd63b0,mule_network,True,2026-08-23
azaan6187@ybl,59285337708607,YESB0737068,Azaan Vala,Yes Bank,individual,dev-b49f6a1b746c,mule_network,True,2026-08-23
qabil6188@okicici,129211636660372,ICIC0672945,Qabil Kaul,ICICI Bank,individual,dev-d9c1f8bb9521,mule_network,True,2026-08-20
maanav6189@okaxis,5683211673240,UTIB0209963,Maanav Bath,Axis Bank,individual,dev-d9c1f8bb9521,mule_network,True,2026-08-20
jai6190@pnb,3271344753020436,PUNB0496368,Jai Biswas,Punjab National Bank,individual,dev-23f07bb04370,mule_network,True,2026-08-20
arjun6191@idfcfirst,125159575,IDFB0944170,Arjun Palla,IDFC First Bank,individual,dev-005cd5cc7b33,mule_network,True,2026-08-20
kritika6192@okaxis,3716245745545770,UTIB0827900,Kritika Magar,Axis Bank,individual,dev-6887c2ed2a2d,mule_network,True,2026-08-20
tanmayi6193@okhdfcbank,92422105593,HDFC0348312,Tanmayi Mander,HDFC Bank,individual,dev-d54ff16d756f,mule_network,True,2026-09-04
abhimanyu6194@cnrb,1919435236386297,CNRB0903965,Abhimanyu Bedi,Canara Bank,individual,dev-d54ff16d756f,mule_network,True,2026-09-04
logan6195@barodampay,19549318092031,BARB0682565,Logan Salvi,Bank of Baroda,individual,dev-78ad9315149b,mule_network,True,2026-09-04
meghana6196@kotak,1155365157662,KKBK0366683,Meghana Mohan,Kotak Mahindra Bank,individual,dev-071ace8b798f,mule_network,True,2026-09-04
radhika6197@cnrb,4857007279,CNRB0042454,Radhika Taneja,Canara Bank,individual,dev-2f9bfa668ced,mule_network,True,2026-09-04
chameli6198@okicici,56243984644,ICIC0824540,Chameli Sem,ICICI Bank,individual,dev-5be14a70b98e,mule_network,True,2026-09-04
dayamai6199@kotak,3582333697,KKBK0042537,Dayamai Chakraborty,Kotak Mahindra Bank,individual,dev-b47bd036891a,mule_network,True,2026-09-04
saksham6200@barodampay,026703157842,BARB0291710,Saksham Rajan,Bank of Baroda,individual,dev-444904b8a39f,mule_network,True,2026-09-03
pooja6201@cnrb,37355230894892,CNRB0231754,Pooja Bandi,Canara Bank,individual,dev-444904b8a39f,mule_network,True,2026-09-03
ganga6202@barodampay,689146834,BARB0346127,Ganga Bali,Bank of Baroda,individual,dev-eb9b5f137e6a,mule_network,True,2026-09-03
niharika6203@okicici,174140845052837,ICIC0275876,Niharika Konda,ICICI Bank,individual,dev-0b648b015754,mule_network,True,2026-09-03
divya6204@kotak,85884893775929,KKBK0929411,Divya Kannan,Kotak Mahindra Bank,individual,dev-d0a052495edf,mule_network,True,2026-09-03
rushil6205@idfcfirst,0172305953444346,IDFB0449937,Rushil Barad,IDFC First Bank,individual,dev-f0122aaf2678,mule_network,True,2026-09-03
anita6206@idfcfirst,140491273,IDFB0500979,Anita Sandhu,IDFC First Bank,individual,dev-16902c492a2c,mule_network,True,2026-08-06
ucchal6207@cnrb,067361513919130,CNRB0487604,Ucchal Sastry,Canara Bank,individual,dev-16902c492a2c,mule_network,True,2026-08-06
imaran6208@oksbi,5738892294,SBIN0017882,Imaran Parmar,State Bank of India,individual,dev-9566bdf78aab,mule_network,True,2026-08-06
lajita6209@cnrb,5313636639,CNRB0158931,Lajita Kapoor,Canara Bank,individual,dev-324c33052b60,mule_network,True,2026-08-06
samesh6210@idfcfirst,9059806492312601,IDFB0490415,Samesh Bawa,IDFC First Bank,individual,dev-ae6b4cb40860,mule_network,True,2026-08-06
unnati6211@oksbi,3402463021395007,SBIN0618280,Unnati Anand,State Bank of India,individual,dev-ffb31191a7a2,mule_network,True,2026-07-29
jhalak6212@okaxis,04586116754,UTIB0030963,Jhalak Palla,Axis Bank,individual,dev-ffb31191a7a2,mule_network,True,2026-07-29
neel6213@barodampay,0198704981386,BARB0318147,Neel Wadhwa,Bank of Baroda,individual,dev-ffe8a663c61d,mule_network,True,2026-07-29
turvi6214@okhdfcbank,055269728,HDFC0018769,Turvi Sachdev,HDFC Bank,individual,dev-0f9ad9b5a236,mule_network,True,2026-07-29
pooja6215@cnrb,08748784453007,CNRB0508988,Pooja Mistry,Canara Bank,individual,dev-a54d62223e64,mule_network,True,2026-07-29
farhan6216@idfcfirst,057583334601,IDFB0168644,Farhan Murthy,IDFC First Bank,individual,dev-f944855554bc,mule_network,True,2026-07-25
gautami6217@ybl,097441830,YESB0765619,Gautami Ramaswamy,Yes Bank,individual,dev-f944855554bc,mule_network,True,2026-07-25
baghyawati6218@pnb,61668882321821,PUNB0081002,Baghyawati Sachdev,Punjab National Bank,individual,dev-2ac8d98a8d4b,mule_network,True,2026-07-25
yug6219@cnrb,0251994863,CNRB0964084,Yug Misra,Canara Bank,individual,dev-3f43edc16a67,mule_network,True,2026-07-25
adweta6220@okaxis,494416739,UTIB0706625,Adweta Master,Axis Bank,individual,dev-d8538065742a,mule_network,True,2026-07-25
damyanti6221@idfcfirst,822664015330408,IDFB0069608,Damyanti Kurian,IDFC First Bank,individual,dev-fdfbf6eda594,mule_network,True,2026-07-25
dalaja6222@ybl,00237786922,YESB0528012,Dalaja Dara,Yes Bank,individual,dev-b44e0c1a55f3,mule_network,True,2026-09-02
yash6223@okhdfcbank,90344975490064,HDFC0907156,Yash Kibe,HDFC Bank,individual,dev-b44e0c1a55f3,mule_network,True,2026-09-02
anya6224@idfcfirst,9623414433,IDFB0167086,Anya Seshadri,IDFC First Bank,individual,dev-bb45f4047445,mule_network,True,2026-09-02
upkaar6225@ybl,818392456493203,YESB0515895,Upkaar Madan,Yes Bank,individual,dev-5a97133b655a,mule_network,True,2026-09-02
aishani6226@pnb,162961074,PUNB0549440,Aishani Badal,Punjab National Bank,individual,dev-914e076122b9,mule_network,True,2026-09-02
madhav6227@kotak,1091882293758526,KKBK0629949,Madhav Kapur,Kotak Mahindra Bank,individual,dev-9cd94c9b0830,mule_network,True,2026-09-02
falguni6228@okaxis,0614928808,UTIB0376781,Falguni Tella,Axis Bank,individual,dev-8fa16f87cae8,mule_network,True,2026-09-02
kabir6229@ybl,87743481375,YESB0183128,Kabir Sood,Yes Bank,individual,dev-5f7f2839264a,mule_network,True,2026-08-10
anamika6230@okaxis,1783231103,UTIB0193508,Anamika Chaudhry,Axis Bank,individual,dev-5f7f2839264a,mule_network,True,2026-08-10
nakul6231@barodampay,704766781672,BARB0073983,Nakul Chawla,Bank of Baroda,individual,dev-af0cc9464fd0,mule_network,True,2026-08-10
sanaya6232@barodampay,335576715,BARB0800935,Sanaya Dayal,Bank of Baroda,individual,dev-17d92ae7a111,mule_network,True,2026-08-10
oscar6233@okicici,3284899165209,ICIC0359207,Oscar Contractor,ICICI Bank,individual,dev-be0b2503358e,mule_network,True,2026-08-11
caleb6234@kotak,399425803614292,KKBK0786070,Caleb Srinivas,Kotak Mahindra Bank,individual,dev-be0b2503358e,mule_network,True,2026-08-11
charvi6235@ybl,80291928285,YESB0641843,Charvi Venkataraman,Yes Bank,individual,dev-0e97a1cc965e,mule_network,True,2026-08-11
reyansh6236@pnb,5728039580092728,PUNB0924401,Reyansh Mangat,Punjab National Bank,individual,dev-28f22bf2c30d,mule_network,True,2026-08-11
kamala6237@cnrb,26354294918141,CNRB0888756,Kamala Nayar,Canara Bank,individual,dev-f0e539c7b07b,mule_network,True,2026-08-11
kevin6238@kotak,771205525626002,KKBK0799507,Kevin Dass,Kotak Mahindra Bank,individual,dev-ea9f9b498aae,mule_network,True,2026-08-12
yash6239@cnrb,101609121566194,CNRB0766294,Yash Anne,Canara Bank,individual,dev-ea9f9b498aae,mule_network,True,2026-08-12
chasmum6240@ybl,89039911474854,YESB0893748,Chasmum Mall,Yes Bank,individual,dev-f2b3f65021d2,mule_network,True,2026-08-12
daksha6241@okicici,61669717807828,ICIC0229183,Daksha Raj,ICICI Bank,individual,dev-04e739e64fbf,mule_network,True,2026-08-12
manbir6242@oksbi,2667124637590,SBIN0648540,Manbir Kapoor,State Bank of India,individual,dev-b54ddd7e779f,mule_network,True,2026-08-12
ayaan6243@pnb,637888377,PUNB0289550,Ayaan Dhaliwal,Punjab National Bank,individual,dev-3d54f7634d22,mule_network,True,2026-08-11
hredhaan6244@okaxis,503028540358,UTIB0273683,Hredhaan Deshpande,Axis Bank,individual,dev-3d54f7634d22,mule_network,True,2026-08-11
samar6245@okhdfcbank,24103139142,HDFC0731088,Samar Shenoy,HDFC Bank,individual,dev-4258f6826eb5,mule_network,True,2026-08-11
maya6246@pnb,5338499789393096,PUNB0597823,Maya Parekh,Punjab National Bank,individual,dev-f92d62c7ce71,mule_network,True,2026-08-11
ranveer6247@kotak,6741022110822,KKBK0060702,Ranveer Narayanan,Kotak Mahindra Bank,individual,dev-2e1d83611b1b,mule_network,True,2026-08-11
urishilla6248@kotak,32976582845391,KKBK0183929,Urishilla Agate,Kotak Mahindra Bank,individual,dev-330060e421aa,mule_network,True,2026-08-11
farhan6249@cnrb,5784765740785,CNRB0909612,Farhan Kamdar,Canara Bank,individual,dev-28e9eb2bdfed,mule_network,True,2026-09-01
advika6250@kotak,47556576286,KKBK0254162,Advika Patel,Kotak Mahindra Bank,individual,dev-28e9eb2bdfed,mule_network,True,2026-09-01
ranbir6251@kotak,273092783036370,KKBK0584294,Ranbir Lad,Kotak Mahindra Bank,individual,dev-b1c72096e2a9,mule_network,True,2026-09-01
mekhala6252@kotak,176593883,KKBK0898599,Mekhala Rama,Kotak Mahindra Bank,individual,dev-3ffba6adb7cf,mule_network,True,2026-09-01
frado6253@okicici,9116438102,ICIC0831595,Frado Bora,ICICI Bank,individual,dev-2719053303bd,mule_network,True,2026-09-01
kamala6254@ybl,777718978,YESB0624623,Kamala Bava,Yes Bank,individual,dev-aa49677270ec,mule_network,True,2026-09-01
chaman6255@cnrb,0010350573938,CNRB0803556,Chaman Goswami,Canara Bank,individual,dev-3417ca94147d,mule_network,True,2026-08-02
nikita6256@okaxis,705316742163475,UTIB0920140,Nikita Dugar,Axis Bank,individual,dev-3417ca94147d,mule_network,True,2026-08-02
bahadurjit6257@barodampay,22400539461,BARB0256164,Bahadurjit Kothari,Bank of Baroda,individual,dev-74c381db65ee,mule_network,True,2026-08-02
dayita6258@barodampay,085691736,BARB0745204,Dayita Shankar,Bank of Baroda,individual,dev-a1053ee092df,mule_network,True,2026-08-02
qadim6259@pnb,28792006884056,PUNB0349883,Qadim Lanka,Punjab National Bank,individual,dev-5896c4b2d9cf,mule_network,True,2026-07-27
sarthak6260@cnrb,6321308836611841,CNRB0238896,Sarthak Chokshi,Canara Bank,individual,dev-5896c4b2d9cf,mule_network,True,2026-07-27
charvi6261@cnrb,69914960376248,CNRB0166333,Charvi Kata,Canara Bank,individual,dev-8a1f13efa81c,mule_network,True,2026-07-27
ojasvi6262@oksbi,119174182315018,SBIN0428608,Ojasvi Thaman,State Bank of India,individual,dev-b0e9fc94e6fd,mule_network,True,2026-07-27
ayaan6263@pnb,336075475,PUNB0524913,Ayaan Bali,Punjab National Bank,individual,dev-f7dd06b2385c,mule_network,True,2026-07-27
lohit6264@kotak,3145795455020962,KKBK0713986,Lohit Mand,Kotak Mahindra Bank,individual,dev-44ad257a90c7,mule_network,True,2026-07-22
chandresh6265@ybl,7387011211,YESB0066810,Chandresh Dua,Yes Bank,individual,dev-44ad257a90c7,mule_network,True,2026-07-22
vidhi6266@idfcfirst,407581015013548,IDFB0076016,Vidhi Sarma,IDFC First Bank,individual,dev-6d073e179202,mule_network,True,2026-07-22
devansh6267@kotak,8190209066,KKBK0289949,Devansh Shroff,Kotak Mahindra Bank,individual,dev-b3d5dcd1bedc,mule_network,True,2026-07-22
raghav6268@kotak,2714263629567698,KKBK0627940,Raghav Barad,Kotak Mahindra Bank,individual,dev-78fd6b393326,mule_network,True,2026-08-03
sarthak6269@kotak,634678519,KKBK0960151,Sarthak Nagar,Kotak Mahindra Bank,individual,dev-78fd6b393326,mule_network,True,2026-08-03
mohammed6270@okaxis,402643810149252,UTIB0173187,Mohammed Kari,Axis Bank,individual,dev-4dd3f6196d0f,mule_network,True,2026-08-03
champak6271@barodampay,23189692122273,BARB0111213,Champak Gade,Bank of Baroda,individual,dev-52702e9d0983,mule_network,True,2026-08-03
avni6272@ybl,440773833,YESB0460323,Avni Sami,Yes Bank,individual,dev-a8837bf16260,mule_network,True,2026-08-03
hamsini6273@oksbi,7679888026047,SBIN0031585,Hamsini Golla,State Bank of India,individual,dev-f2c03f530ffe,mule_network,True,2026-08-03
gayathri6274@pnb,27592166331,PUNB0750986,Gayathri Dutta,Punjab National Bank,individual,dev-fee32bd0245c,mule_network,True,2026-08-24
sai6275@pnb,109769230938,PUNB0316661,Sai Deol,Punjab National Bank,individual,dev-fee32bd0245c,mule_network,True,2026-08-24
vivaan6276@cnrb,338084243,CNRB0795728,Vivaan Andra,Canara Bank,individual,dev-23c397a66178,mule_network,True,2026-08-24
amol6277@cnrb,372745424,CNRB0927601,Amol Desai,Canara Bank,individual,dev-f435e067e1ac,mule_network,True,2026-08-24
nandini6278@okaxis,05380463165,UTIB0429213,Nandini Chokshi,Axis Bank,individual,dev-248ad21df581,mule_network,True,2026-08-24
samarth6279@pnb,8937670692991,PUNB0225876,Samarth Anne,Punjab National Bank,individual,dev-bc8a182e7613,mule_network,True,2026-08-24
anthony6280@okaxis,351732856,UTIB0705574,Anthony Kanda,Axis Bank,individual,dev-59b8c754335f,mule_network,True,2026-09-03
zehaan6281@kotak,9123673371235160,KKBK0117671,Zehaan Rege,Kotak Mahindra Bank,individual,dev-59b8c754335f,mule_network,True,2026-09-03
ridhi6282@kotak,88768378448618,KKBK0463887,Ridhi Bir,Kotak Mahindra Bank,individual,dev-d904c268e871,mule_network,True,2026-09-03
priya6283@okicici,26828787070051,ICIC0341185,Priya Shan,ICICI Bank,individual,dev-c170c1429d58,mule_network,True,2026-09-03
advaith6284@okhdfcbank,925721101,HDFC0495920,Advaith Sarma,HDFC Bank,individual,dev-e870ed651992,mule_network,True,2026-09-03
lucky6285@oksbi,071272180906,SBIN0516094,Lucky Sridhar,State Bank of India,individual,dev-85241531d1f8,mule_network,True,2026-09-03
divya6286@okaxis,02720470750,UTIB0731426,Divya Krish,Axis Bank,individual,dev-47bc0decc504,mule_network,True,2026-09-03
oscar6287@oksbi,911668194506646,SBIN0550244,Oscar Mall,State Bank of India,individual,dev-efbd6315afd9,mule_network,True,2026-08-08
shivansh6288@barodampay,801791973140,BARB0927169,Shivansh Bhalla,Bank of Baroda,individual,dev-efbd6315afd9,mule_network,True,2026-08-08
oscar6289@okhdfcbank,840083994789290,HDFC0870233,Oscar Kashyap,HDFC Bank,individual,dev-ef303548ab90,mule_network,True,2026-08-08
vinaya6290@cnrb,679627359,CNRB0636214,Vinaya Garde,Canara Bank,individual,dev-2e4c21be7417,mule_network,True,2026-08-08
ayush6291@okicici,862532186,ICIC0373069,Ayush Kalita,ICICI Bank,individual,dev-abb378544843,mule_network,True,2026-08-08
karan6292@kotak,6377583029133723,KKBK0533195,Karan Batra,Kotak Mahindra Bank,individual,dev-1c6df68fd40d,mule_network,True,2026-08-27
chaman6293@ybl,589377339,YESB0292460,Chaman Shanker,Yes Bank,individual,dev-1c6df68fd40d,mule_network,True,2026-08-27
amol6294@okhdfcbank,008286500141,HDFC0153175,Amol Chand,HDFC Bank,individual,dev-27c83519e62c,mule_network,True,2026-08-27
nicholas6295@ybl,363607386,YESB0037675,Nicholas Gade,Yes Bank,individual,dev-611d07e5fd83,mule_network,True,2026-08-27
brinda6296@idfcfirst,14604038141232,IDFB0873233,Brinda Ben,IDFC First Bank,individual,dev-7877406b01bd,mule_network,True,2026-08-27
dalbir6297@okaxis,047287398301889,UTIB0719776,Dalbir Sarna,Axis Bank,individual,dev-28818baa5d38,mule_network,True,2026-08-13
aashi6298@ybl,7418383596387,YESB0067708,Aashi Shere,Yes Bank,individual,dev-28818baa5d38,mule_network,True,2026-08-13
vamakshi6299@okhdfcbank,766174215,HDFC0942464,Vamakshi Tandon,HDFC Bank,individual,dev-040a79179c18,mule_network,True,2026-08-13
abha6300@oksbi,4228430161436951,SBIN0609846,Abha Sachdev,State Bank of India,individual,dev-a13af3e23f3e,mule_network,True,2026-08-13
qadim6301@okicici,40688453110868,ICIC0935993,Qadim Lalla,ICICI Bank,individual,dev-ddc52362ace1,mule_network,True,2026-08-13
libni6302@barodampay,704341231808,BARB0289714,Libni Parsa,Bank of Baroda,individual,dev-48681f47962d,mule_network,True,2026-08-13
ridhi6303@okhdfcbank,48327515322,HDFC0861995,Ridhi Dube,HDFC Bank,individual,dev-4cb2743dd3ba,mule_network,True,2026-08-13
manbir6304@pnb,2723510227536634,PUNB0178163,Manbir Nori,Punjab National Bank,individual,dev-316bac9e47c5,layering_chain,True,2026-08-25
pranit6305@barodampay,7042683200946286,BARB0569743,Pranit Dugal,Bank of Baroda,individual,dev-880de7255417,layering_chain,True,2026-08-25
banjeet6306@kotak,5801178165245117,KKBK0077606,Banjeet Oza,Kotak Mahindra Bank,individual,dev-101e3a991f12,layering_chain,True,2026-08-25
meera6307@barodampay,355352182710758,BARB0468220,Meera Walla,Bank of Baroda,individual,dev-fec868067c24,layering_chain,True,2026-08-25
aachal6308@okaxis,7821268566,UTIB0767653,Aachal Tripathi,Axis Bank,individual,dev-35a0226152d2,layering_chain,True,2026-08-25
yug6309@okhdfcbank,8353428323251,HDFC0131732,Yug Sunder,HDFC Bank,individual,dev-d245cb2d662d,layering_chain,True,2026-08-25
raghav6310@idfcfirst,645877133,IDFB0636747,Raghav Seth,IDFC First Bank,individual,dev-fc43678b0697,layering_chain,True,2026-08-20
quincy6311@ybl,6767055479627057,YESB0340073,Quincy Chaudhry,Yes Bank,individual,dev-379b866732f0,layering_chain,True,2026-08-20
frado6312@barodampay,00420590238,BARB0391416,Frado Chadha,Bank of Baroda,individual,dev-85bc8b276592,layering_chain,True,2026-08-20
jagdish6313@ybl,3314087812881,YESB0829927,Jagdish Wali,Yes Bank,individual,dev-a50b166f4241,layering_chain,True,2026-08-20
yochana6314@cnrb,300653251,CNRB0262518,Yochana Barman,Canara Bank,individual,dev-a316ae4a924c,layering_chain,True,2026-08-20
hiral6315@oksbi,791912560338741,SBIN0460697,Hiral Sagar,State Bank of India,individual,dev-d333755b1997,layering_chain,True,2026-08-20
ethan6316@barodampay,94945080792464,BARB0846600,Ethan Sha,Bank of Baroda,individual,dev-aaa1952eff78,layering_chain,True,2026-08-20
vedhika6317@barodampay,2128256134,BARB0382018,Vedhika Manne,Bank of Baroda,individual,dev-b4a6d311ab79,layering_chain,True,2026-09-13
umang6318@barodampay,76468904260575,BARB0572022,Umang Dora,Bank of Baroda,individual,dev-a845124e105e,layering_chain,True,2026-09-13
hemang6319@ybl,147335112065059,YESB0673266,Hemang Krishnamurthy,Yes Bank,individual,dev-02b9e618830e,layering_chain,True,2026-09-13
pranav6320@oksbi,605435515696955,SBIN0537084,Pranav Nadkarni,State Bank of India,individual,dev-02675c2ba69d,layering_chain,True,2026-09-13
wakeeta6321@kotak,1596628842664,KKBK0713323,Wakeeta Chaudry,Kotak Mahindra Bank,individual,dev-ed972b6db6d2,layering_chain,True,2026-08-06
parth6322@okicici,6339534404012968,ICIC0967087,Parth Dhar,ICICI Bank,individual,dev-19ad62104aeb,layering_chain,True,2026-08-06
lipika6323@kotak,6844232575,KKBK0982252,Lipika Kumar,Kotak Mahindra Bank,individual,dev-9ab4aad3aaf1,layering_chain,True,2026-08-06
thomas6324@barodampay,427615729361,BARB0044439,Thomas Sha,Bank of Baroda,individual,dev-2257a5d3a7ab,layering_chain,True,2026-08-06
nihal6325@pnb,813805936435942,PUNB0484789,Nihal Bail,Punjab National Bank,individual,dev-7e50509003f8,layering_chain,True,2026-08-06
bimala6326@barodampay,321435319610,BARB0317042,Bimala Doctor,Bank of Baroda,individual,dev-f1563a977920,layering_chain,True,2026-08-06
isaiah6327@okaxis,6553015774850,UTIB0562149,Isaiah Prashad,Axis Bank,individual,dev-5d4fe1c8a209,layering_chain,True,2026-08-06
krisha6328@okicici,382585902186314,ICIC0708997,Krisha Nagi,ICICI Bank,individual,dev-6deba846380a,layering_chain,True,2026-08-07
lavanya6329@idfcfirst,745573265392136,IDFB0935628,Lavanya Handa,IDFC First Bank,individual,dev-10b416239506,layering_chain,True,2026-08-07
aarav6330@kotak,560118983558537,KKBK0537806,Aarav Zacharia,Kotak Mahindra Bank,individual,dev-a4b3b41278f0,layering_chain,True,2026-08-07
samaksh6331@okaxis,777880823776983,UTIB0566494,Samaksh Mann,Axis Bank,individual,dev-4c6dfc8d22f6,layering_chain,True,2026-08-07
chasmum6332@okaxis,39920294181338,UTIB0468442,Chasmum Savant,Axis Bank,individual,dev-c857944e432f,layering_chain,True,2026-08-07
dalaja6333@okaxis,22081920838,UTIB0335856,Dalaja Thakkar,Axis Bank,individual,dev-0989a0ebfce0,layering_chain,True,2026-08-07
yashoda6334@okaxis,74637966907837,UTIB0347699,Yashoda Narayanan,Axis Bank,individual,dev-0341f7b99877,layering_chain,True,2026-09-12
anika6335@pnb,598916405044771,PUNB0180583,Anika Shetty,Punjab National Bank,individual,dev-a6999c34ec7d,layering_chain,True,2026-09-12
ojas6336@ybl,1371415688966,YESB0566505,Ojas Anne,Yes Bank,individual,dev-19be33b702fa,layering_chain,True,2026-09-12
krishna6337@barodampay,226548592,BARB0925294,Krishna Tripathi,Bank of Baroda,individual,dev-bcf05a4f8bd0,layering_chain,True,2026-09-12
ekbal6338@barodampay,694073640993,BARB0280213,Ekbal Munshi,Bank of Baroda,individual,dev-22cd88a50f33,layering_chain,True,2026-09-12
sara6339@pnb,9236367065979949,PUNB0920515,Sara Taneja,Punjab National Bank,individual,dev-137a9b6dc4ca,layering_chain,True,2026-08-19
qabil6340@okaxis,50446754224,UTIB0200379,Qabil Ranganathan,Axis Bank,individual,dev-2eaff24dc652,layering_chain,True,2026-08-19
shaurya6341@pnb,5773030406984545,PUNB0499372,Shaurya Dutta,Punjab National Bank,individual,dev-7a19fd8d84d1,layering_chain,True,2026-08-19
oeshi6342@okaxis,274776147120154,UTIB0495218,Oeshi Kaul,Axis Bank,individual,dev-462c3a67ecef,layering_chain,True,2026-08-19
qasim6343@okhdfcbank,1502729303053053,HDFC0060271,Qasim Sethi,HDFC Bank,individual,dev-caf682da6c95,layering_chain,True,2026-08-19
urvi6344@kotak,1247127326,KKBK0022952,Urvi Nagar,Kotak Mahindra Bank,individual,dev-6cb2bd1f7444,layering_chain,True,2026-08-19
nathaniel6345@ybl,97131724731158,YESB0888331,Nathaniel Parmer,Yes Bank,individual,dev-282b6aafa807,layering_chain,True,2026-08-19
anay6346@okaxis,69606246343360,UTIB0860715,Anay Sahota,Axis Bank,individual,dev-f70c2ab16fba,layering_chain,True,2026-08-06
mohini6347@barodampay,8487750593343400,BARB0089962,Mohini Palla,Bank of Baroda,individual,dev-3fb0ed0aa0d1,layering_chain,True,2026-08-06
lucky6348@kotak,977463448,KKBK0249752,Lucky Desai,Kotak Mahindra Bank,individual,dev-45fade3fbf2c,layering_chain,True,2026-08-06
jyoti6349@kotak,23591252127739,KKBK0276536,Jyoti Dugar,Kotak Mahindra Bank,individual,dev-4005d755f319,layering_chain,True,2026-08-06
bhavika6350@okicici,21761407555938,ICIC0830587,Bhavika Dada,ICICI Bank,individual,dev-43861aae5afc,layering_chain,True,2026-08-05
ekantika6351@kotak,561631290,KKBK0306446,Ekantika Roy,Kotak Mahindra Bank,individual,dev-e585761f40bc,layering_chain,True,2026-08-05
brijesh6352@ybl,3490353439,YESB0304635,Brijesh Doshi,Yes Bank,individual,dev-a5a03816061f,layering_chain,True,2026-08-05
diya6353@pnb,58476363438,PUNB0437828,Diya Ratti,Punjab National Bank,individual,dev-a6b96613ca04,layering_chain,True,2026-08-05
rajata6354@kotak,0413910624,KKBK0753241,Rajata Konda,Kotak Mahindra Bank,individual,dev-aba015e57d9f,layering_chain,True,2026-08-05
mitesh6355@pnb,8180402742650665,PUNB0508283,Mitesh Rege,Punjab National Bank,individual,dev-33572e0cfbda,layering_chain,True,2026-08-05
chaman6356@oksbi,27066594963,SBIN0803442,Chaman Gole,State Bank of India,individual,dev-30a333cdc722,layering_chain,True,2026-09-08
raagini6357@pnb,0630580018140,PUNB0502140,Raagini Purohit,Punjab National Bank,individual,dev-9f201e620a1d,layering_chain,True,2026-09-08
gautami6358@okicici,7425871318595371,ICIC0236402,Gautami Lad,ICICI Bank,individual,dev-17ed18fc194a,layering_chain,True,2026-09-08
harinakshi6359@cnrb,099537634800,CNRB0179287,Harinakshi Chatterjee,Canara Bank,individual,dev-b8f83b097e56,layering_chain,True,2026-09-08
samarth6360@okhdfcbank,991461236450541,HDFC0226062,Samarth Chhabra,HDFC Bank,individual,dev-558feeb1deaf,layering_chain,True,2026-09-08
banjeet6361@cnrb,17776113171,CNRB0860521,Banjeet Bassi,Canara Bank,individual,dev-f0c934974b57,layering_chain,True,2026-09-08
udarsh6362@cnrb,1239492725,CNRB0059091,Udarsh Dugar,Canara Bank,individual,dev-670923e561b5,layering_chain,True,2026-08-29
fiyaz6363@barodampay,230495471628,BARB0646420,Fiyaz Goel,Bank of Baroda,individual,dev-585a9d5e401b,layering_chain,True,2026-08-29
girindra6364@cnrb,3149794875179,CNRB0012242,Girindra Ghose,Canara Bank,individual,dev-7eafefdd8266,layering_chain,True,2026-08-29
kashish6365@okhdfcbank,339428297539,HDFC0501482,Kashish Minhas,HDFC Bank,individual,dev-6c9b0cd3a9be,layering_chain,True,2026-08-29
kashish6366@cnrb,7043789054428024,CNRB0086244,Kashish Yohannan,Canara Bank,individual,dev-f599e82c2101,layering_chain,True,2026-08-29
radhika6367@kotak,3090979486248,KKBK0970235,Radhika Sahni,Kotak Mahindra Bank,individual,dev-9652e681353d,layering_chain,True,2026-08-29
neelima6368@cnrb,517990137,CNRB0053779,Neelima Misra,Canara Bank,individual,dev-692e983ded53,layering_chain,True,2026-08-13
hemang6369@okhdfcbank,673068677538820,HDFC0053105,Hemang Choudhary,HDFC Bank,individual,dev-da6ec31d0054,layering_chain,True,2026-08-13
adweta6370@kotak,822521337090417,KKBK0805092,Adweta Yogi,Kotak Mahindra Bank,individual,dev-8931bbe620b9,layering_chain,True,2026-08-13
lopa6371@idfcfirst,596291787185463,IDFB0272817,Lopa More,IDFC First Bank,individual,dev-d98e4d1cd55f,layering_chain,True,2026-08-13
kiaan6372@kotak,524307507725,KKBK0563441,Kiaan Acharya,Kotak Mahindra Bank,individual,dev-30952120cce9,layering_chain,True,2026-08-13
lipika6373@oksbi,704168194,SBIN0344458,Lipika Goel,State Bank of India,individual,dev-f0d57a9baa4f,layering_chain,True,2026-08-13
riya6374@barodampay,3898835050,BARB0666610,Riya Vohra,Bank of Baroda,individual,dev-e3598aa037eb,layering_chain,True,2026-08-13
yash6375@oksbi,943012486,SBIN0669352,Yash Murthy,State Bank of India,individual,dev-6465a90dd36f,layering_chain,True,2026-08-07
lipika6376@pnb,473050576055739,PUNB0603606,Lipika Ratti,Punjab National Bank,individual,dev-319f5de5a38d,layering_chain,True,2026-08-07
mohini6377@okaxis,907008499,UTIB0061227,Mohini Mukhopadhyay,Axis Bank,individual,dev-8e47be12445a,layering_chain,True,2026-08-07
radhika6378@idfcfirst,4421643537978,IDFB0474352,Radhika Dayal,IDFC First Bank,individual,dev-c7a1dc53bc2e,layering_chain,True,2026-08-07
chaman6379@pnb,60404674921395,PUNB0807798,Chaman Gole,Punjab National Bank,individual,dev-c884f134bf38,layering_chain,True,2026-08-07
lohit6380@cnrb,1824806947655943,CNRB0485129,Lohit Sarin,Canara Bank,individual,dev-b23511428440,layering_chain,True,2026-08-17
praneel6381@okicici,41176158616188,ICIC0067407,Praneel Borde,ICICI Bank,individual,dev-4a02ee172932,layering_chain,True,2026-08-17
qadim6382@okicici,947600126,ICIC0699932,Qadim Badal,ICICI Bank,individual,dev-8ad561a42176,layering_chain,True,2026-08-17
devansh6383@okhdfcbank,1120957625,HDFC0384246,Devansh Bath,HDFC Bank,individual,dev-d4f99a1d9c23,layering_chain,True,2026-08-17
nihal6384@okicici,580301921895,ICIC0785719,Nihal Kulkarni,ICICI Bank,individual,dev-0c65388f90f2,layering_chain,True,2026-08-14
isaiah6385@barodampay,35545031020496,BARB0606320,Isaiah Manda,Bank of Baroda,individual,dev-2772f4a0d44f,layering_chain,True,2026-08-14
yasti6386@pnb,1184135618,PUNB0751239,Yasti Choudhury,Punjab National Bank,individual,dev-291730ef3c6e,layering_chain,True,2026-08-14
urishilla6387@oksbi,98257745404,SBIN0191253,Urishilla Sekhon,State Bank of India,individual,dev-05fce051eea1,layering_chain,True,2026-08-14
niharika6388@pnb,1526793260895,PUNB0089739,Niharika Mall,Punjab National Bank,individual,dev-8f5e6b8ccb27,layering_chain,True,2026-08-14
naveen6389@oksbi,07323098778,SBIN0892751,Naveen Varkey,State Bank of India,individual,dev-79bcf2ca8368,layering_chain,True,2026-09-13
indrajit6390@kotak,479920839924,KKBK0788607,Indrajit Bahri,Kotak Mahindra Bank,individual,dev-7402e846fc4e,layering_chain,True,2026-09-13
theodore6391@okaxis,1045698514215416,UTIB0349339,Theodore Sankaran,Axis Bank,individual,dev-73ed4070a6ac,layering_chain,True,2026-09-13
nimrat6392@kotak,428469885,KKBK0173351,Nimrat Bail,Kotak Mahindra Bank,individual,dev-7f95b69bab3b,layering_chain,True,2026-09-13
aarnav6393@ybl,094101583325,YESB0000461,Aarnav Bhatia,Yes Bank,individual,dev-b26edd43f225,layering_chain,True,2026-09-13
ijaya6394@oksbi,31184005330454,SBIN0333634,Ijaya Hegde,State Bank of India,individual,dev-19468346edcd,layering_chain,True,2026-09-13
gayathri6395@pnb,458671474,PUNB0247186,Gayathri Hari,Punjab National Bank,individual,dev-2ecbc50ed9b0,layering_chain,True,2026-09-13
ranbir6396@pnb,08644499797,PUNB0738973,Ranbir Char,Punjab National Bank,individual,dev-6f20d1b22424,layering_chain,True,2026-08-08
ekanta6397@oksbi,514392584,SBIN0869003,Ekanta Batra,State Bank of India,individual,dev-2d97f9c52d13,layering_chain,True,2026-08-08
praneel6398@pnb,536752167775275,PUNB0770753,Praneel Madan,Punjab National Bank,individual,dev-dc60c6cf4640,layering_chain,True,2026-08-08
wahab6399@idfcfirst,411394611,IDFB0167989,Wahab Agarwal,IDFC First Bank,individual,dev-5ea8b4fd7d82,layering_chain,True,2026-08-08
neel6400@kotak,9981033445373773,KKBK0441512,Neel Sahni,Kotak Mahindra Bank,individual,dev-b8b9739541f3,layering_chain,True,2026-08-08
david6401@ybl,629578600066,YESB0487985,David Bhasin,Yes Bank,individual,dev-aeecf87c7079,layering_chain,True,2026-08-08
mitali6402@barodampay,0092649671076625,BARB0502372,Mitali Walla,Bank of Baroda,individual,dev-131fd115b6a4,layering_chain,True,2026-08-08
nihal6403@kotak,083537842846,KKBK0168549,Nihal Shankar,Kotak Mahindra Bank,individual,dev-355307e98d4b,layering_chain,True,2026-08-20
yagnesh6404@idfcfirst,422341543,IDFB0689098,Yagnesh Karan,IDFC First Bank,individual,dev-fabe8704195a,layering_chain,True,2026-08-20
samuel6405@idfcfirst,461740871704657,IDFB0594248,Samuel Thaker,IDFC First Bank,individual,dev-3bd4a9097f81,layering_chain,True,2026-08-20
samar6406@idfcfirst,409237480066435,IDFB0389520,Samar Kala,IDFC First Bank,individual,dev-76ae983fa2fc,layering_chain,True,2026-08-20
nikita6407@pnb,2145981550508433,PUNB0057239,Nikita Chacko,Punjab National Bank,individual,dev-900df9017d00,layering_chain,True,2026-08-20
ishaan6408@cnrb,00003605632,CNRB0646652,Ishaan Rau,Canara Bank,individual,dev-45016b921214,layering_chain,True,2026-08-16
mitali6409@pnb,451694116561289,PUNB0010741,Mitali Sha,Punjab National Bank,individual,dev-8e4dfa592db1,layering_chain,True,2026-08-16
yug6410@kotak,6174602007,KKBK0596175,Yug Saraf,Kotak Mahindra Bank,individual,dev-341239fa670e,layering_chain,True,2026-08-16
ikbal6411@pnb,44745836044207,PUNB0080257,Ikbal Acharya,Punjab National Bank,individual,dev-50aabd25db5e,layering_chain,True,2026-08-16
ranveer6412@idfcfirst,060321456,IDFB0727875,Ranveer Dubey,IDFC First Bank,individual,dev-2d6932f171c0,layering_chain,True,2026-08-16
sai6413@kotak,423837548,KKBK0256869,Sai Kara,Kotak Mahindra Bank,individual,dev-812aadf26d98,layering_chain,True,2026-08-16
hardik6414@pnb,837553213095,PUNB0681076,Hardik Zachariah,Punjab National Bank,individual,dev-55631c686431,layering_chain,True,2026-08-16
ikshita6415@okhdfcbank,767353167932,HDFC0922798,Ikshita Grover,HDFC Bank,individual,dev-da17b1ee70ae,layering_chain,True,2026-08-18
dev6416@idfcfirst,92041012376,IDFB0522137,Dev Wadhwa,IDFC First Bank,individual,dev-b4ca9f213917,layering_chain,True,2026-08-18
eshana6417@okaxis,61083815862696,UTIB0328786,Eshana Bahri,Axis Bank,individual,dev-8dde6dccfed5,layering_chain,True,2026-08-18
vasatika6418@kotak,18570769767463,KKBK0435720,Vasatika Tailor,Kotak Mahindra Bank,individual,dev-fd003628019c,layering_chain,True,2026-08-18
girish6419@idfcfirst,331389195136834,IDFB0929334,Girish Bassi,IDFC First Bank,individual,dev-2c8a12202572,layering_chain,True,2026-08-18
kamala6420@okicici,67893535024,ICIC0180040,Kamala Ganesh,ICICI Bank,individual,dev-c417c27a5f8e,layering_chain,True,2026-08-09
harish6421@barodampay,339267551272661,BARB0957063,Harish Lata,Bank of Baroda,individual,dev-39e91965ecde,layering_chain,True,2026-08-09
falan6422@barodampay,184444317719,BARB0241000,Falan Datta,Bank of Baroda,individual,dev-a3df5866a5c2,layering_chain,True,2026-08-09
sai6423@okaxis,252870664319031,UTIB0535025,Sai Rout,Axis Bank,individual,dev-b72cc9616da7,layering_chain,True,2026-08-09
triveni6424@okaxis,5428525890643592,UTIB0228698,Triveni Thakur,Axis Bank,individual,dev-92775438d930,layering_chain,True,2026-08-09
indira6425@barodampay,2035525218092,BARB0704203,Indira Saini,Bank of Baroda,individual,dev-42e2fc7dccbd,layering_chain,True,2026-08-09
chandani6426@idfcfirst,1061744063376020,IDFB0107800,Chandani Palla,IDFC First Bank,individual,dev-dd6b499ab539,layering_chain,True,2026-08-09
pranav6427@pnb,7178885543802,PUNB0759439,Pranav Badal,Punjab National Bank,individual,dev-d9ca585ea383,layering_chain,True,2026-08-25
mahika6428@idfcfirst,521038335133170,IDFB0830471,Mahika Puri,IDFC First Bank,individual,dev-e4133b5aaa89,layering_chain,True,2026-08-25
mohini6429@okaxis,30384235094331,UTIB0231616,Mohini Walla,Axis Bank,individual,dev-5ef8e99f707b,layering_chain,True,2026-08-25
onkar6430@okicici,776158950685,ICIC0006593,Onkar Pandya,ICICI Bank,individual,dev-2025fd531a0e,layering_chain,True,2026-08-25
lakshit6431@barodampay,681907060950,BARB0793669,Lakshit Naik,Bank of Baroda,individual,dev-709f2a9b1f35,layering_chain,True,2026-08-25
samarth6432@pnb,6373739918173080,PUNB0172955,Samarth Morar,Punjab National Bank,individual,dev-a26162a6b7e0,layering_chain,True,2026-08-03
hemal6433@idfcfirst,4439490813818,IDFB0430070,Hemal Nanda,IDFC First Bank,individual,dev-869aca141070,layering_chain,True,2026-08-03
anjali6434@pnb,2615041209086492,PUNB0788583,Anjali Saran,Punjab National Bank,individual,dev-341080dc0bf9,layering_chain,True,2026-08-03
sai6435@cnrb,1402238634,CNRB0157535,Sai Misra,Canara Bank,individual,dev-f4c9f75a240d,layering_chain,True,2026-08-03
arin6436@kotak,34044580165222,KKBK0516687,Arin Saxena,Kotak Mahindra Bank,individual,dev-b83b18ea704d,layering_chain,True,2026-08-03
vaishnavi6437@oksbi,44496233050,SBIN0541338,Vaishnavi Dhar,State Bank of India,individual,dev-e7d8d9ce85ef,layering_chain,True,2026-08-03
pallavi6438@okaxis,3809750690698,UTIB0824472,Pallavi Modi,Axis Bank,individual,dev-3ecb9f5cebb5,layering_chain,True,2026-08-03
raksha6439@pnb,0243736852,PUNB0208551,Raksha Randhawa,Punjab National Bank,individual,dev-60205d85e3bc,layering_chain,True,2026-08-04
anthony6440@cnrb,273249419072,CNRB0549127,Anthony Aggarwal,Canara Bank,individual,dev-737d12ccc7fa,layering_chain,True,2026-08-04
damyanti6441@okhdfcbank,13148731583,HDFC0765186,Damyanti Tank,HDFC Bank,individual,dev-b6f8a4e7506a,layering_chain,True,2026-08-04
indira6442@barodampay,343004891,BARB0090960,Indira Mane,Bank of Baroda,individual,dev-6ba9459b50b5,layering_chain,True,2026-08-04
anya6443@barodampay,409089300,BARB0462822,Anya Borra,Bank of Baroda,individual,dev-22873b12a722,layering_chain,True,2026-08-02
yamini6444@barodampay,74847116408,BARB0595175,Yamini Mittal,Bank of Baroda,individual,dev-f21675b02310,layering_chain,True,2026-08-02
nirja6445@oksbi,197312817,SBIN0286898,Nirja Shere,State Bank of India,individual,dev-55f586f84877,layering_chain,True,2026-08-02
bhavya6446@idfcfirst,831554248,IDFB0470907,Bhavya Shanker,IDFC First Bank,individual,dev-b00417b4d528,layering_chain,True,2026-08-02
samuel6447@okhdfcbank,418633751092953,HDFC0287628,Samuel Rastogi,HDFC Bank,individual,dev-359729071db5,layering_chain,True,2026-08-02
lajita6448@oksbi,062135806666307,SBIN0808889,Lajita Master,State Bank of India,individual,dev-6eb814860646,layering_chain,True,2026-08-02
alka6449@okicici,87710096223,ICIC0205304,Alka Mann,ICICI Bank,individual,dev-871d7f4e94fc,layering_chain,True,2026-08-02
advaith6450@okaxis,55048719510382,UTIB0692275,Advaith Ganesan,Axis Bank,individual,dev-d75dee2ab5ad,layering_chain,True,2026-08-11
advaith6451@cnrb,9856422292,CNRB0899721,Advaith Narain,Canara Bank,individual,dev-e246a7e430b1,layering_chain,True,2026-08-11
jagat6452@cnrb,1047423118184236,CNRB0234125,Jagat Balay,Canara Bank,individual,dev-878e89611052,layering_chain,True,2026-08-11
mohini6453@cnrb,415084614618,CNRB0319286,Mohini Dewan,Canara Bank,individual,dev-5d98d0c377ab,layering_chain,True,2026-08-11
balveer6454@idfcfirst,2322945996,IDFB0837221,Balveer Ranganathan,IDFC First Bank,individual,dev-675b02bbe8be,layering_chain,True,2026-08-31
bimala6455@barodampay,43303081281010,BARB0765945,Bimala Bhat,Bank of Baroda,individual,dev-c241d78e0a8c,layering_chain,True,2026-08-31
praneel6456@oksbi,402562562803368,SBIN0974373,Praneel Madan,State Bank of India,individual,dev-d33b539b572b,layering_chain,True,2026-08-31
jagrati6457@idfcfirst,4507805488167097,IDFB0431142,Jagrati Venkatesh,IDFC First Bank,individual,dev-5517a4959f9a,layering_chain,True,2026-08-31
timothy6458@okhdfcbank,791165210560827,HDFC0966455,Timothy Acharya,HDFC Bank,individual,dev-52dff40dc98f,layering_chain,True,2026-08-31
benjamin6459@okaxis,963547083,UTIB0496081,Benjamin Narayan,Axis Bank,individual,dev-6deeb78acd91,layering_chain,True,2026-08-31
dalaja6460@cnrb,176155146377507,CNRB0769687,Dalaja Zachariah,Canara Bank,individual,dev-728a6d5cf066,layering_chain,True,2026-08-31
urvi6461@okicici,737158528,ICIC0693222,Urvi Lala,ICICI Bank,individual,dev-2998f67aa6c5,layering_chain,True,2026-08-16
idika6462@oksbi,8884816978706,SBIN0512018,Idika Sagar,State Bank of India,individual,dev-a285ecd0a726,layering_chain,True,2026-08-16
akshay6463@kotak,32529812329,KKBK0928527,Akshay Dixit,Kotak Mahindra Bank,individual,dev-92ede37a545a,layering_chain,True,2026-08-16
kamala6464@idfcfirst,017161421,IDFB0441708,Kamala Arya,IDFC First Bank,individual,dev-876f3ce2e4f2,layering_chain,True,2026-08-16
aadi6465@okhdfcbank,064142500,HDFC0926575,Aadi Kala,HDFC Bank,individual,dev-5d3b4e55fdc6,layering_chain,True,2026-08-16
hemani6466@okicici,991388965036,ICIC0581825,Hemani Ramakrishnan,ICICI Bank,individual,dev-c62dacff61a4,layering_chain,True,2026-08-16
harsh6467@ybl,7691929964275,YESB0552101,Harsh Parekh,Yes Bank,individual,dev-1788546c0733,layering_chain,True,2026-08-16
anay6468@okicici,70316962535,ICIC0375268,Anay Parmar,ICICI Bank,individual,dev-e2352b88f51d,layering_chain,True,2026-09-05
brinda6469@cnrb,388962114394,CNRB0460828,Brinda Chatterjee,Canara Bank,individual,dev-2ba10825026d,layering_chain,True,2026-09-05
rehaan6470@okhdfcbank,01253688849581,HDFC0849578,Rehaan Sarma,HDFC Bank,individual,dev-4b1e1778b344,layering_chain,True,2026-09-05
rachana6471@idfcfirst,7912515926428724,IDFB0178644,Rachana Sen,IDFC First Bank,individual,dev-87f46cb559ec,layering_chain,True,2026-09-05
yadavi6472@barodampay,2238402624153453,BARB0175732,Yadavi Srinivasan,Bank of Baroda,individual,dev-6f63e53fb1bb,layering_chain,True,2026-08-24
jagat6473@okhdfcbank,241799512301,HDFC0170574,Jagat Wali,HDFC Bank,individual,dev-3316e749cd12,layering_chain,True,2026-08-24
neel6474@barodampay,0567747930803754,BARB0250637,Neel Sachdeva,Bank of Baroda,individual,dev-bbc00703ffbc,layering_chain,True,2026-08-24
azaan6475@idfcfirst,690096945339,IDFB0458073,Azaan Chowdhury,IDFC First Bank,individual,dev-acb2fc0e5792,layering_chain,True,2026-08-24
prisha6476@okaxis,3157504547520102,UTIB0289010,Prisha Pradhan,Axis Bank,individual,dev-eb05f26a43c0,layering_chain,True,2026-09-13
champak6477@pnb,6750902927239,PUNB0293114,Champak Kashyap,Punjab National Bank,individual,dev-df825994bc10,layering_chain,True,2026-09-13
chakrika6478@cnrb,1346305240845374,CNRB0652606,Chakrika Mitter,Canara Bank,individual,dev-3fd7d4729ef6,layering_chain,True,2026-09-13
karan6479@pnb,76233507471162,PUNB0075748,Karan Bassi,Punjab National Bank,individual,dev-a020228e565d,layering_chain,True,2026-09-13
veda6480@okicici,10226859209867,ICIC0430551,Veda Mahal,ICICI Bank,individual,dev-163e01210188,layering_chain,True,2026-09-13
pahal6481@okicici,23704744172159,ICIC0323600,Pahal Rattan,ICICI Bank,individual,dev-25d437c823c5,layering_chain,True,2026-09-13
nitesh6482@idfcfirst,139651468,IDFB0026250,Nitesh Mitra,IDFC First Bank,individual,dev-c7515f33dffe,layering_chain,True,2026-09-13
krishna6483@idfcfirst,907877561,IDFB0181130,Krishna Dhar,IDFC First Bank,individual,dev-c760e6c0423c,layering_chain,True,2026-09-04
jackson6484@barodampay,577938690800964,BARB0006586,Jackson Naik,Bank of Baroda,individual,dev-c89a3b38c8bd,layering_chain,True,2026-09-04
rajata6485@okicici,331472700,ICIC0827840,Rajata Sridhar,ICICI Bank,individual,dev-ea1b2d98fc00,layering_chain,True,2026-09-04
divya6486@okhdfcbank,227545743,HDFC0726293,Divya Sandal,HDFC Bank,individual,dev-f0721689417a,layering_chain,True,2026-09-04
qarin6487@idfcfirst,24258367952,IDFB0629253,Qarin Golla,IDFC First Bank,individual,dev-e4d7ece0087e,layering_chain,True,2026-09-04
abhiram6488@oksbi,538181262234541,SBIN0044092,Abhiram Narula,State Bank of India,individual,dev-d7e09c80cf78,layering_chain,True,2026-09-04
tanveer6489@oksbi,096894626917,SBIN0846921,Tanveer Menon,State Bank of India,individual,dev-ec3578dbbbbc,layering_chain,True,2026-08-30
ayushman6490@idfcfirst,8544653683730,IDFB0629980,Ayushman Kuruvilla,IDFC First Bank,individual,dev-c570122ed17b,layering_chain,True,2026-08-30
damyanti6491@okicici,165097665,ICIC0700332,Damyanti Srinivasan,ICICI Bank,individual,dev-f107647fdf91,layering_chain,True,2026-08-30
chavvi6492@okaxis,925645927272311,UTIB0599431,Chavvi Mani,Axis Bank,individual,dev-7d5fb936a086,layering_chain,True,2026-08-30
kashish6493@kotak,688080785,KKBK0857865,Kashish Kapoor,Kotak Mahindra Bank,individual,dev-e2d420ecc70d,layering_chain,True,2026-08-14
eta6494@ybl,4460572220206361,YESB0021339,Eta Garde,Yes Bank,individual,dev-cb43240c3039,layering_chain,True,2026-08-14
vincent6495@okicici,164328000826,ICIC0951160,Vincent Warrior,ICICI Bank,individual,dev-95ec1cda6eca,layering_chain,True,2026-08-14
dhriti6496@ybl,735608790048,YESB0839048,Dhriti Ahuja,Yes Bank,individual,dev-4c96a2f333a4,layering_chain,True,2026-08-14
finn6497@idfcfirst,404504451096,IDFB0836022,Finn Devan,IDFC First Bank,individual,dev-cc957331922a,layering_chain,True,2026-08-14
gauri6498@okicici,47270412587156,ICIC0279618,Gauri Pall,ICICI Bank,individual,dev-677ed7d99a50,layering_chain,True,2026-08-06
harsh6499@okaxis,0607691210064,UTIB0954576,Harsh Ganesan,Axis Bank,individual,dev-dd5bfdc33d35,layering_chain,True,2026-08-06
aarush6500@cnrb,82666676844,CNRB0315988,Aarush Krish,Canara Bank,individual,dev-586734cbfab4,layering_chain,True,2026-08-06
joshua6501@ybl,2331699549662,YESB0394194,Joshua Goyal,Yes Bank,individual,dev-2759e7e1128c,layering_chain,True,2026-08-06
ekansh6502@barodampay,888549065504080,BARB0993419,Ekansh Sodhi,Bank of Baroda,individual,dev-c7151ed276d5,layering_chain,True,2026-08-06
luke6503@okaxis,281746149,UTIB0371895,Luke Sheth,Axis Bank,individual,dev-d3fef0aee7f4,layering_chain,True,2026-08-20
naksh6504@okicici,2541288854887,ICIC0047504,Naksh Sandal,ICICI Bank,individual,dev-58c5873a455e,layering_chain,True,2026-08-20
yatin6505@barodampay,63858530627516,BARB0984068,Yatin Pal,Bank of Baroda,individual,dev-91b2088a6314,layering_chain,True,2026-08-20
ekani6506@pnb,6077656997413,PUNB0375073,Ekani Nair,Punjab National Bank,individual,dev-b4dda1e47046,layering_chain,True,2026-08-20
pratyush6507@okicici,042277047975650,ICIC0960624,Pratyush Mody,ICICI Bank,individual,dev-a5c90662f704,layering_chain,True,2026-08-03
hiral6508@okicici,705058584238,ICIC0845426,Hiral Dey,ICICI Bank,individual,dev-0ca4bddb3548,layering_chain,True,2026-08-03
harrison6509@okhdfcbank,05701871858699,HDFC0586250,Harrison Ravi,HDFC Bank,individual,dev-3e1bc77b878c,layering_chain,True,2026-08-03
yadavi6510@pnb,462619138277,PUNB0670340,Yadavi Narang,Punjab National Bank,individual,dev-5819e4ef8fcf,layering_chain,True,2026-08-03
jyoti6511@okicici,79997905806733,ICIC0659198,Jyoti Chad,ICICI Bank,individual,dev-84da839e2028,layering_chain,True,2026-08-03
ekalinga6512@pnb,73663384954,PUNB0262839,Ekalinga Bhakta,Punjab National Bank,individual,dev-af60dc2eb2e5,layering_chain,True,2026-08-03
charles6513@ybl,159989956,YESB0532721,Charles Wadhwa,Yes Bank,individual,dev-3e4b977b8702,layering_chain,True,2026-08-03
janani6514@okicici,92401587904,ICIC0640996,Janani Morar,ICICI Bank,individual,dev-81007cc46005,layering_chain,True,2026-08-12
aarna6515@okhdfcbank,41231339139933,HDFC0050705,Aarna Sem,HDFC Bank,individual,dev-d32b9380b911,layering_chain,True,2026-08-12
damyanti6516@okaxis,81810205711,UTIB0677902,Damyanti Luthra,Axis Bank,individual,dev-533e7f00111b,layering_chain,True,2026-08-12
victor6517@ybl,3248799548670,YESB0862750,Victor Pau,Yes Bank,individual,dev-b5d38cdf20bd,layering_chain,True,2026-08-12
ishanvi6518@pnb,9057569965240805,PUNB0054662,Ishanvi Dhaliwal,Punjab National Bank,individual,dev-cf1a5a00f78d,layering_chain,True,2026-08-12
raksha6519@cnrb,60968408826404,CNRB0366083,Raksha Wadhwa,Canara Bank,individual,dev-29eb5c806345,layering_chain,True,2026-08-06
isaac6520@ybl,432929249791,YESB0159297,Isaac Shenoy,Yes Bank,individual,dev-d4a19201f2d6,layering_chain,True,2026-08-06
ishani6521@ybl,459036413,YESB0822547,Ishani Mital,Yes Bank,individual,dev-3bc33ac474ce,layering_chain,True,2026-08-06
ryan6522@okhdfcbank,293582188185695,HDFC0462657,Ryan Lad,HDFC Bank,individual,dev-36d863d34998,layering_chain,True,2026-08-06
samar6523@oksbi,624920814,SBIN0435399,Samar Bansal,State Bank of India,individual,dev-5d2b38886b45,layering_chain,True,2026-09-04
vihaan6524@kotak,481342746045621,KKBK0473985,Vihaan Suresh,Kotak Mahindra Bank,individual,dev-0f9c5affbf15,layering_chain,True,2026-09-04
tristan6525@okicici,0086291513009868,ICIC0856488,Tristan Hayer,ICICI Bank,individual,dev-95963c5cb38b,layering_chain,True,2026-09-04
teerth6526@idfcfirst,02378142683,IDFB0642445,Teerth Sama,IDFC First Bank,individual,dev-5c458f36c2e1,layering_chain,True,2026-09-04
ekapad6527@okicici,646441688811894,ICIC0795411,Ekapad Iyer,ICICI Bank,individual,dev-4fd82798a12a,layering_chain,True,2026-08-01
qabil6528@cnrb,924956670,CNRB0381000,Qabil Sane,Canara Bank,individual,dev-03e0c4aae68b,layering_chain,True,2026-08-01
yochana6529@cnrb,00611878671,CNRB0423191,Yochana Som,Canara Bank,individual,dev-4d6e21e8bff2,layering_chain,True,2026-08-01
ekansh6530@ybl,45133594834001,YESB0366591,Ekansh Pandit,Yes Bank,individual,dev-0e2cb4f983d5,layering_chain,True,2026-08-01
varsha6531@okaxis,759443457417051,UTIB0252656,Varsha Soman,Axis Bank,individual,dev-3ed91491528b,layering_chain,True,2026-08-01
aditya6532@okhdfcbank,506537229,HDFC0272827,Aditya Mangal,HDFC Bank,individual,dev-a8d841393f0f,layering_chain,True,2026-08-03
qarin6533@ybl,01512212430754,YESB0596931,Qarin Mutti,Yes Bank,individual,dev-f7f23207846e,layering_chain,True,2026-08-03
dhriti6534@okaxis,49252764552854,UTIB0186803,Dhriti Golla,Axis Bank,individual,dev-913bb23b0a60,layering_chain,True,2026-08-03
sai6535@cnrb,1048827158352620,CNRB0492531,Sai Mohan,Canara Bank,individual,dev-0ce85d0437e2,layering_chain,True,2026-08-03
eta6536@okhdfcbank,08264952285710,HDFC0975144,Eta Kala,HDFC Bank,individual,dev-3d6bd2ab4845,layering_chain,True,2026-08-03
upkaar6537@barodampay,412331740676,BARB0737475,Upkaar Subramanian,Bank of Baroda,individual,dev-8ad13351f3ab,layering_chain,True,2026-08-03
harrison6538@okicici,11300069803304,ICIC0681329,Harrison Vala,ICICI Bank,individual,dev-b9236eacdbd1,layering_chain,True,2026-09-06
ishani6539@oksbi,857536869,SBIN0327631,Ishani Sandal,State Bank of India,individual,dev-d518d44817d4,layering_chain,True,2026-09-06
raghav6540@pnb,0073193271745097,PUNB0575716,Raghav Master,Punjab National Bank,individual,dev-4527580e67ae,layering_chain,True,2026-09-06
lakshmi6541@oksbi,861657944288805,SBIN0349397,Lakshmi Taneja,State Bank of India,individual,dev-9a3f688693ff,layering_chain,True,2026-09-06
varenya6542@cnrb,35050635314,CNRB0997135,Varenya Savant,Canara Bank,individual,dev-866239ec9a56,layering_chain,True,2026-09-06
nicholas6543@okicici,10228476222,ICIC0301354,Nicholas Rao,ICICI Bank,individual,dev-83ff2e37ef7b,layering_chain,True,2026-09-06
dayita6544@ybl,317314350308,YESB0403941,Dayita Kapur,Yes Bank,individual,dev-708ab157b14c,layering_chain,True,2026-09-12
meghana6545@okaxis,67723727811822,UTIB0067881,Meghana Deshpande,Axis Bank,individual,dev-9d54a4ab45c3,layering_chain,True,2026-09-12
krisha6546@okaxis,44467977109,UTIB0378670,Krisha Sani,Axis Bank,individual,dev-21b779501c2b,layering_chain,True,2026-09-12
harita6547@okaxis,7136760901,UTIB0470653,Harita Ben,Axis Bank,individual,dev-ab0954e6a235,layering_chain,True,2026-09-12
balhaar6548@cnrb,025244518,CNRB0988264,Balhaar Choudhury,Canara Bank,individual,dev-e1dd6a4d620b,layering_chain,True,2026-09-12
harini6549@okaxis,1911682101201116,UTIB0361782,Harini Srinivasan,Axis Bank,individual,dev-e15356bbde55,layering_chain,True,2026-09-12
anay6550@okaxis,8485766464928,UTIB0252583,Anay Wali,Axis Bank,individual,dev-1fc0b0f12ec3,layering_chain,True,2026-08-01
harini6551@okicici,5314571841240,ICIC0250243,Harini Gade,ICICI Bank,individual,dev-effa207ea535,layering_chain,True,2026-08-01
frederick6552@pnb,83500354800,PUNB0882770,Frederick Zachariah,Punjab National Bank,individual,dev-7cd5697026ad,layering_chain,True,2026-08-01
bina6553@okicici,39496870381715,ICIC0734285,Bina Mani,ICICI Bank,individual,dev-50cfcc50cb9e,layering_chain,True,2026-08-01
chaitaly6554@okhdfcbank,7957012097555,HDFC0982747,Chaitaly Ramakrishnan,HDFC Bank,individual,dev-fb20e0ab32ec,layering_chain,True,2026-08-31
yoshita6555@barodampay,079818066,BARB0127127,Yoshita Varughese,Bank of Baroda,individual,dev-99ec363555e6,layering_chain,True,2026-08-31
tanvi6556@barodampay,69852211450428,BARB0577216,Tanvi Prabhakar,Bank of Baroda,individual,dev-4c4dfbc7a563,layering_chain,True,2026-08-31
onkar6557@kotak,0761697354764,KKBK0859492,Onkar Prabhakar,Kotak Mahindra Bank,individual,dev-201656c9e311,layering_chain,True,2026-08-31
falguni6558@kotak,830535213,KKBK0392783,Falguni Pall,Kotak Mahindra Bank,individual,dev-4f679dc2207f,layering_chain,True,2026-08-31
zarna6559@okaxis,185583426,UTIB0742626,Zarna Choudhry,Axis Bank,individual,dev-1852ade2a1d7,layering_chain,True,2026-08-31
praneel6560@cnrb,53974181410,CNRB0661475,Praneel Dhar,Canara Bank,individual,dev-fa68dcdc32b4,layering_chain,True,2026-08-31
ridhi6561@ybl,5054240383,YESB0280032,Ridhi Shere,Yes Bank,individual,dev-ebe277fc162b,layering_chain,True,2026-08-31
laksh6562@okicici,226543982962,ICIC0863451,Laksh Mistry,ICICI Bank,individual,dev-6067ff101aff,layering_chain,True,2026-08-31
siya6563@cnrb,577584855891847,CNRB0663466,Siya Bumb,Canara Bank,individual,dev-1b3c21a2c345,layering_chain,True,2026-08-08
akshay6564@oksbi,53804395134596,SBIN0580433,Akshay Narasimhan,State Bank of India,individual,dev-120a25098378,layering_chain,True,2026-08-08
adweta6565@ybl,309529444396,YESB0172102,Adweta Narasimhan,Yes Bank,individual,dev-8e4272b4544f,layering_chain,True,2026-08-08
amaira6566@kotak,9787526227330105,KKBK0455839,Amaira Jhaveri,Kotak Mahindra Bank,individual,dev-3760fc5b42cb,layering_chain,True,2026-08-08
watika6567@cnrb,5602792230307,CNRB0731333,Watika Dutta,Canara Bank,individual,dev-8fa0283597df,layering_chain,True,2026-08-08
henry6568@ybl,799248110089,YESB0568161,Henry Butala,Yes Bank,individual,dev-730912b3e17e,layering_chain,True,2026-08-08
teerth6569@ybl,13595551478338,YESB0610507,Teerth Balan,Yes Bank,individual,dev-08489732db0b,layering_chain,True,2026-08-08
yadavi6570@okaxis,0611039226,UTIB0487114,Yadavi Om,Axis Bank,individual,dev-f209c7dd1819,layering_chain,True,2026-08-21
ishaan6571@pnb,6968385004167735,PUNB0401771,Ishaan Bumb,Punjab National Bank,individual,dev-5ea96a5ee9ca,layering_chain,True,2026-08-21
vyanjana6572@okaxis,002239533,UTIB0807498,Vyanjana Yohannan,Axis Bank,individual,dev-cf7fb213aed9,layering_chain,True,2026-08-21
anvi6573@ybl,277047786,YESB0744558,Anvi Nayar,Yes Bank,individual,dev-7471ccb2a8fa,layering_chain,True,2026-08-21
arin6574@oksbi,581101756084,SBIN0782497,Arin Ganesan,State Bank of India,individual,dev-d07bea660d6a,layering_chain,True,2026-08-21
sai6575@idfcfirst,151568009084,IDFB0914895,Sai Sidhu,IDFC First Bank,individual,dev-ebd168ccab5e,layering_chain,True,2026-08-22
kamala6576@kotak,12686364639411,KKBK0017528,Kamala Mutti,Kotak Mahindra Bank,individual,dev-b26a338500c6,layering_chain,True,2026-08-22
pavani6577@kotak,261772599,KKBK0739734,Pavani Sampath,Kotak Mahindra Bank,individual,dev-bdcc65ec16ec,layering_chain,True,2026-08-22
timothy6578@okaxis,8011501383319237,UTIB0297418,Timothy Prakash,Axis Bank,individual,dev-05a72962f9af,layering_chain,True,2026-08-22
dhriti6579@okicici,215088887,ICIC0340406,Dhriti Thaman,ICICI Bank,individual,dev-71f270b551fb,layering_chain,True,2026-08-22
ucchal6580@ybl,0148069723511,YESB0613785,Ucchal Arora,Yes Bank,individual,dev-cbc2cdca6ce6,layering_chain,True,2026-08-22
robert6581@okaxis,6217231339857,UTIB0980375,Robert Date,Axis Bank,individual,dev-88cad76ad6f3,layering_chain,True,2026-08-22
anmol6582@okaxis,7246712698368,UTIB0951573,Anmol Dara,Axis Bank,individual,dev-85ec82e746b8,layering_chain,True,2026-08-16
wridesh6583@ybl,9185957439,YESB0725415,Wridesh Buch,Yes Bank,individual,dev-32e75ad144f2,layering_chain,True,2026-08-16
yuvraj6584@okicici,70269006062,ICIC0991455,Yuvraj Walia,ICICI Bank,individual,dev-b67c95f6173e,layering_chain,True,2026-08-16
urvi6585@okhdfcbank,239140671,HDFC0615171,Urvi Mohanty,HDFC Bank,individual,dev-949bb68ca8c7,layering_chain,True,2026-08-16
divya6586@ybl,9213984622104086,YESB0784596,Divya Palla,Yes Bank,individual,dev-264d036f7b63,layering_chain,True,2026-08-16
yagnesh6587@ybl,66230557493984,YESB0380354,Yagnesh Sandhu,Yes Bank,individual,dev-8d62183fcb65,layering_chain,True,2026-08-19
daniel6588@okaxis,0330477602358,UTIB0700956,Daniel Wali,Axis Bank,individual,dev-54c9d3357c0d,layering_chain,True,2026-08-19
harrison6589@pnb,5132498312489,PUNB0930456,Harrison Thakkar,Punjab National Bank,individual,dev-6c705f6e8321,layering_chain,True,2026-08-19
brijesh6590@barodampay,12729480705504,BARB0433904,Brijesh Mander,Bank of Baroda,individual,dev-c3a1c1726f6d,layering_chain,True,2026-08-19
darsh6591@kotak,7798420465289440,KKBK0200897,Darsh Deshmukh,Kotak Mahindra Bank,individual,dev-d7195d8056c6,layering_chain,True,2026-08-19
simon6592@idfcfirst,326819208127,IDFB0734432,Simon Shenoy,IDFC First Bank,individual,dev-41067f59351d,layering_chain,True,2026-08-19
nandini6593@ybl,900052148,YESB0085538,Nandini Boase,Yes Bank,individual,dev-887721f1e32c,layering_chain,True,2026-08-19
watika6594@idfcfirst,0599276078871,IDFB0880962,Watika Jha,IDFC First Bank,individual,dev-074f20db9b9d,layering_chain,True,2026-08-12
neelima6595@okicici,7330298803,ICIC0734967,Neelima Dey,ICICI Bank,individual,dev-497be9c63593,layering_chain,True,2026-08-12
farhan6596@okicici,67816742854527,ICIC0866738,Farhan Kalla,ICICI Bank,individual,dev-6691e18fa6d7,layering_chain,True,2026-08-12
yashodhara6597@okhdfcbank,580714598,HDFC0024117,Yashodhara Rattan,HDFC Bank,individual,dev-a8d1acf04e07,layering_chain,True,2026-08-12
shaurya6598@pnb,6828415295919692,PUNB0217620,Shaurya Pandit,Punjab National Bank,individual,dev-e4c0e607ac6d,layering_chain,True,2026-08-12
darpan6599@ybl,5374002174199569,YESB0945785,Darpan Amble,Yes Bank,individual,dev-15e1962b16f3,layering_chain,True,2026-08-12
ekanta6600@okaxis,732462202678027,UTIB0117089,Ekanta Sani,Axis Bank,individual,dev-5e57c1114e6e,layering_chain,True,2026-08-12
jeevika6601@ybl,62284082896060,YESB0140264,Jeevika Manne,Yes Bank,individual,dev-ce7727cca85b,layering_chain,True,2026-09-03
yatin6602@barodampay,118224483695,BARB0080818,Yatin Chadha,Bank of Baroda,individual,dev-81b63f089b5f,layering_chain,True,2026-09-03
libni6603@okaxis,90217514072204,UTIB0459980,Libni Prashad,Axis Bank,individual,dev-88fd5f6a5b72,layering_chain,True,2026-09-03
vinaya6604@okicici,0041466638115,ICIC0206844,Vinaya Grewal,ICICI Bank,individual,dev-383866329082,layering_chain,True,2026-09-03
idika6605@cnrb,409603965,CNRB0561927,Idika D’Alia,Canara Bank,individual,dev-86f05b37b6fd,layering_chain,True,2026-09-03
ladli6606@ybl,10060525529529,YESB0714290,Ladli Mannan,Yes Bank,individual,dev-9cde1770176c,layering_chain,True,2026-09-03
maya6607@okaxis,1512778265021,UTIB0391670,Maya Basak,Axis Bank,individual,dev-ad00331cadc2,layering_chain,True,2026-08-16
yashoda6608@okaxis,3564848554829623,UTIB0138217,Yashoda Khatri,Axis Bank,individual,dev-65279558a45a,layering_chain,True,2026-08-16
vedika6609@oksbi,0238592117,SBIN0270265,Vedika Gopal,State Bank of India,individual,dev-292d9e380207,layering_chain,True,2026-08-16
ayaan6610@kotak,00950785037355,KKBK0058101,Ayaan Dutt,Kotak Mahindra Bank,individual,dev-cf3459af7baa,layering_chain,True,2026-08-16
kritika6611@okaxis,80580367560,UTIB0604542,Kritika Rout,Axis Bank,individual,dev-018d22a64123,layering_chain,True,2026-08-05
hemal6612@cnrb,6870894039,CNRB0436090,Hemal Krish,Canara Bank,individual,dev-88a6c8ad163d,layering_chain,True,2026-08-05
peter6613@idfcfirst,15335798183233,IDFB0601022,Peter Verma,IDFC First Bank,individual,dev-34e291bdbfb7,layering_chain,True,2026-08-05
krishna6614@idfcfirst,5020322688,IDFB0793229,Krishna Kumer,IDFC First Bank,individual,dev-dc18a267a8ef,layering_chain,True,2026-08-05
ekapad6615@idfcfirst,6739997865168231,IDFB0860855,Ekapad Sachar,IDFC First Bank,individual,dev-0894302b175a,layering_chain,True,2026-08-05
bakhshi6616@barodampay,91130675225006,BARB0540995,Bakhshi Cheema,Bank of Baroda,individual,dev-01a9a93cceda,layering_chain,True,2026-09-10
ekiya6617@oksbi,767167352,SBIN0567727,Ekiya Jayaraman,State Bank of India,individual,dev-b87c24653ee8,layering_chain,True,2026-09-10
chandani6618@okicici,411058663233610,ICIC0322951,Chandani Rout,ICICI Bank,individual,dev-48722c577a56,layering_chain,True,2026-09-10
brijesh6619@pnb,622390240669840,PUNB0548234,Brijesh Prakash,Punjab National Bank,individual,dev-1b9afcf079a2,layering_chain,True,2026-09-10
baljiwan6620@ybl,394546884,YESB0400889,Baljiwan Gulati,Yes Bank,individual,dev-3d95b82bc617,layering_chain,True,2026-09-10
krishna6621@okhdfcbank,7587428322,HDFC0975247,Krishna Swaminathan,HDFC Bank,individual,dev-86b043faaaed,layering_chain,True,2026-09-10
abhiram6622@okaxis,084836060075583,UTIB0811625,Abhiram Lalla,Axis Bank,individual,dev-a4b278cdd2b5,layering_chain,True,2026-08-24
vidhi6623@okicici,799018675105267,ICIC0143945,Vidhi Saini,ICICI Bank,individual,dev-3e77955560de,layering_chain,True,2026-08-24
pahal6624@kotak,09859710488826,KKBK0874576,Pahal Desai,Kotak Mahindra Bank,individual,dev-fe712ce38dd7,layering_chain,True,2026-08-24
adya6625@okaxis,262335983,UTIB0678700,Adya Lad,Axis Bank,individual,dev-204ef34e5527,layering_chain,True,2026-08-24
sudiksha6626@cnrb,12742014962,CNRB0098174,Sudiksha D’Alia,Canara Bank,individual,dev-7c9cf628b11e,layering_chain,True,2026-08-16
edhitha6627@kotak,2625578387,KKBK0523523,Edhitha Kakar,Kotak Mahindra Bank,individual,dev-0864472c57f7,layering_chain,True,2026-08-16
nisha6628@oksbi,028014692542727,SBIN0347614,Nisha Basu,State Bank of India,individual,dev-6cea41cbca32,layering_chain,True,2026-08-16
warhi6629@pnb,2371844448,PUNB0870075,Warhi Ratti,Punjab National Bank,individual,dev-d1d9ebcdf38b,layering_chain,True,2026-08-16
aarush6630@okhdfcbank,864641508893,HDFC0706346,Aarush Ghose,HDFC Bank,individual,dev-0e930598f745,layering_chain,True,2026-08-16
yashasvi6631@idfcfirst,0428089509887764,IDFB0808782,Yashasvi Yadav,IDFC First Bank,individual,dev-1d398e6cba63,layering_chain,True,2026-08-16
yashodhara6632@kotak,091157742244322,KKBK0641513,Yashodhara Sha,Kotak Mahindra Bank,individual,dev-706d7364c96c,layering_chain,True,2026-08-29
ekaja6633@okicici,6742496007578270,ICIC0698934,Ekaja Panchal,ICICI Bank,individual,dev-ac768d621570,layering_chain,True,2026-08-29
warjas6634@idfcfirst,505639835891,IDFB0093164,Warjas Narasimhan,IDFC First Bank,individual,dev-4fd2102e4e4d,layering_chain,True,2026-08-29
laban6635@okaxis,65834439391746,UTIB0001763,Laban Swaminathan,Axis Bank,individual,dev-1ae2fe9712c4,layering_chain,True,2026-08-29
sudiksha6636@pnb,5034278349,PUNB0676066,Sudiksha Lata,Punjab National Bank,individual,dev-7dd68b93a46b,layering_chain,True,2026-08-29
ansh6637@oksbi,482925443,SBIN0999710,Ansh Sandal,State Bank of India,individual,dev-3562650384a6,layering_chain,True,2026-08-29
hitesh6638@okicici,155406569575,ICIC0757197,Hitesh Rajagopal,ICICI Bank,individual,dev-05eb308272f5,layering_chain,True,2026-08-29
bakhshi6639@okicici,82517933232081,ICIC0433519,Bakhshi Jain,ICICI Bank,individual,dev-9057a34d04e4,layering_chain,True,2026-09-07
sathvik6640@ybl,887584561637988,YESB0662201,Sathvik Thakur,Yes Bank,individual,dev-289efa1ac7b1,layering_chain,True,2026-09-07
yashica6641@cnrb,502334098,CNRB0075421,Yashica Tak,Canara Bank,individual,dev-7f36646c69da,layering_chain,True,2026-09-07
upma6642@idfcfirst,5861698136,IDFB0899278,Upma Savant,IDFC First Bank,individual,dev-34e17ac17cf5,layering_chain,True,2026-09-07
yauvani6643@ybl,1241232662693761,YESB0142630,Yauvani Kapadia,Yes Bank,individual,dev-8155f11f7ca6,layering_chain,True,2026-09-07
tanish6644@idfcfirst,74346076947762,IDFB0443593,Tanish Ravel,IDFC First Bank,individual,dev-e410ed11c00c,layering_chain,True,2026-09-07
vaishnavi6645@barodampay,9915067587,BARB0306365,Vaishnavi Sengupta,Bank of Baroda,individual,dev-9daed953bd43,layering_chain,True,2026-08-20
zayan6646@okhdfcbank,3334119544650395,HDFC0560627,Zayan Chandra,HDFC Bank,individual,dev-0973a7dcc75b,layering_chain,True,2026-08-20
abhiram6647@okhdfcbank,589358696645206,HDFC0008111,Abhiram Arora,HDFC Bank,individual,dev-dfd06e39f372,layering_chain,True,2026-08-20
ikshita6648@okhdfcbank,690770131037512,HDFC0640232,Ikshita Hans,HDFC Bank,individual,dev-6460f25d9813,layering_chain,True,2026-08-20
arin6649@idfcfirst,25340987028,IDFB0916562,Arin Grewal,IDFC First Bank,individual,dev-4afd08adce1a,layering_chain,True,2026-08-20
meghana6650@okicici,3709099127420,ICIC0475398,Meghana Deol,ICICI Bank,individual,dev-1b94f82a3b7e,layering_chain,True,2026-08-20
aishani6651@cnrb,7327878706418388,CNRB0880366,Aishani Ganesan,Canara Bank,individual,dev-df73122dc160,layering_chain,True,2026-08-20
adweta6652@idfcfirst,110124940853,IDFB0194682,Adweta Bir,IDFC First Bank,individual,dev-183fd0081fc0,layering_chain,True,2026-08-09
viraj6653@okicici,591604221161603,ICIC0066874,Viraj Chada,ICICI Bank,individual,dev-76e4f665324b,layering_chain,True,2026-08-09
ishani6654@ybl,86612083230981,YESB0772219,Ishani Seshadri,Yes Bank,individual,dev-53e2b0ca67fa,layering_chain,True,2026-08-09
krish6655@idfcfirst,9816635563,IDFB0474543,Krish Amble,IDFC First Bank,individual,dev-4ce4ef134987,layering_chain,True,2026-08-09
ati6656@idfcfirst,715485092,IDFB0673739,Ati Bhatti,IDFC First Bank,individual,dev-8ea3c1eaf8c7,layering_chain,True,2026-08-09
daksh6657@cnrb,767875230760,CNRB0941618,Daksh Talwar,Canara Bank,individual,dev-e0ef2730c357,layering_chain,True,2026-08-09
harish6658@kotak,8115786631408,KKBK0281932,Harish Kale,Kotak Mahindra Bank,individual,dev-77896e7eed3d,layering_chain,True,2026-08-09
anika6659@okaxis,3076995342226477,UTIB0891740,Anika Prabhu,Axis Bank,individual,dev-042751150cbb,layering_chain,True,2026-08-21
faqid6660@barodampay,791835295512412,BARB0806819,Faqid Bhargava,Bank of Baroda,individual,dev-7353d416358d,layering_chain,True,2026-08-21
dayamai6661@idfcfirst,54494680838993,IDFB0386792,Dayamai Chaudhary,IDFC First Bank,individual,dev-92de324be993,layering_chain,True,2026-08-21
maanas6662@pnb,9944873457,PUNB0112544,Maanas Malhotra,Punjab National Bank,individual,dev-8669868712d1,layering_chain,True,2026-08-21
ayaan6663@cnrb,357767976,CNRB0301279,Ayaan Soman,Canara Bank,individual,dev-6e1147c045be,layering_chain,True,2026-08-21
madhavi6664@cnrb,7631216447380601,CNRB0179504,Madhavi Kumer,Canara Bank,individual,dev-0e045723d90f,layering_chain,True,2026-09-06
samarth6665@pnb,11730454569,PUNB0220476,Samarth Goswami,Punjab National Bank,individual,dev-80d8ddaf172e,layering_chain,True,2026-09-06
kashvi6666@okhdfcbank,097670395,HDFC0631122,Kashvi Brar,HDFC Bank,individual,dev-97f6962c53b7,layering_chain,True,2026-09-06
chanchal6667@cnrb,10176699224,CNRB0973926,Chanchal Dhawan,Canara Bank,individual,dev-e39498f26f6a,layering_chain,True,2026-09-06
bimala6668@pnb,0040509360,PUNB0789772,Bimala Atwal,Punjab National Bank,individual,dev-dce99007fb76,layering_chain,True,2026-08-07
tanish6669@pnb,74278493302806,PUNB0520320,Tanish Gera,Punjab National Bank,individual,dev-6d6a68a6c7a5,layering_chain,True,2026-08-07
harish6670@oksbi,575713723107971,SBIN0818351,Harish Chokshi,State Bank of India,individual,dev-e9afc63bfbc7,layering_chain,True,2026-08-07
balendra6671@pnb,5115541591308,PUNB0287395,Balendra Hans,Punjab National Bank,individual,dev-29cb387e63ec,layering_chain,True,2026-08-07
lavanya6672@kotak,15665580306,KKBK0194514,Lavanya Vora,Kotak Mahindra Bank,individual,dev-7e75d1ab57db,layering_chain,True,2026-08-07
hardik6673@ybl,99816539944865,YESB0201320,Hardik Raj,Yes Bank,individual,dev-8d31d298c820,layering_chain,True,2026-09-13
chandresh6674@kotak,181141481,KKBK0089544,Chandresh Soman,Kotak Mahindra Bank,individual,dev-f99998a251ec,layering_chain,True,2026-09-13
manthan6675@okaxis,3391062754140721,UTIB0956932,Manthan Rastogi,Axis Bank,individual,dev-0b62ccda13ad,layering_chain,True,2026-09-13
omkaar6676@pnb,92946655481059,PUNB0631736,Omkaar Bhalla,Punjab National Bank,individual,dev-2d77d3b6af21,layering_chain,True,2026-09-13
bakhshi6677@idfcfirst,85352515702,IDFB0353471,Bakhshi Balay,IDFC First Bank,individual,dev-41dd4077f89a,layering_chain,True,2026-09-13
warjas6678@okaxis,2579271189729032,UTIB0513075,Warjas Raman,Axis Bank,individual,dev-5a2df3d6a8cc,layering_chain,True,2026-09-13
krishna6679@pnb,47936428052096,PUNB0275940,Krishna Boase,Punjab National Bank,individual,dev-13e1008d1229,layering_chain,True,2026-08-27
ronith6680@kotak,497586268,KKBK0185627,Ronith Rout,Kotak Mahindra Bank,individual,dev-33b0feba79c5,layering_chain,True,2026-08-27
advaith6681@idfcfirst,0470782074983,IDFB0208218,Advaith Nori,IDFC First Bank,individual,dev-dee0bcb4dd65,layering_chain,True,2026-08-27
vamakshi6682@pnb,2682290404695171,PUNB0535494,Vamakshi Munshi,Punjab National Bank,individual,dev-c3de8985c22e,layering_chain,True,2026-08-27
darpan6683@okhdfcbank,187052128457,HDFC0395200,Darpan Char,HDFC Bank,individual,dev-54bfb3287cc8,layering_chain,True,2026-08-03
yagnesh6684@kotak,6299768076,KKBK0021569,Yagnesh Deshpande,Kotak Mahindra Bank,individual,dev-eb40bcb521d3,layering_chain,True,2026-08-03
advik6685@ybl,8915184745,YESB0890298,Advik Bal,Yes Bank,individual,dev-7cc8dbf43852,layering_chain,True,2026-08-03
tarak6686@ybl,3112926826414854,YESB0742136,Tarak Shenoy,Yes Bank,individual,dev-67789aea58ef,layering_chain,True,2026-08-03
ranveer6687@okicici,4417299671,ICIC0089107,Ranveer Banerjee,ICICI Bank,individual,dev-8c8955251c98,layering_chain,True,2026-08-03
onveer6688@barodampay,620923775,BARB0195241,Onveer Dyal,Bank of Baroda,individual,dev-ebe3d438299d,layering_chain,True,2026-08-03
ikbal6689@kotak,0091037572371868,KKBK0888307,Ikbal Jayaraman,Kotak Mahindra Bank,individual,dev-eb94a3c8d937,layering_chain,True,2026-08-03
benjamin6690@okhdfcbank,28101909500217,HDFC0599640,Benjamin Upadhyay,HDFC Bank,individual,dev-84871426dc54,layering_chain,True,2026-08-07
faqid6691@pnb,551500269210575,PUNB0255409,Faqid Ramakrishnan,Punjab National Bank,individual,dev-509f24e7fc82,layering_chain,True,2026-08-07
lucky6692@okicici,1974326220,ICIC0988937,Lucky Grewal,ICICI Bank,individual,dev-3bea94e53904,layering_chain,True,2026-08-07
aryan6693@barodampay,909556581,BARB0287137,Aryan Kulkarni,Bank of Baroda,individual,dev-bd0cd1c9af48,layering_chain,True,2026-08-07
ati6694@cnrb,6210891684,CNRB0890720,Ati Reddy,Canara Bank,individual,dev-20ab9548981d,layering_chain,True,2026-09-11
warhi6695@pnb,97545418622042,PUNB0828384,Warhi Choudhry,Punjab National Bank,individual,dev-be5dd2905dd4,layering_chain,True,2026-09-11
ekapad6696@ybl,19923781422,YESB0471218,Ekapad Som,Yes Bank,individual,dev-9b295df0974d,layering_chain,True,2026-09-11
suhani6697@oksbi,547537310896,SBIN0092093,Suhani Kunda,State Bank of India,individual,dev-d925008b38f4,layering_chain,True,2026-09-11
yash6698@ybl,15410217191,YESB0800104,Yash Ray,Yes Bank,individual,dev-7e5e72810733,layering_chain,True,2026-09-11
maanav6699@okicici,378401789,ICIC0024924,Maanav Kar,ICICI Bank,individual,dev-52d553e9a65e,layering_chain,True,2026-08-07
chaaya6700@barodampay,8707743064913162,BARB0510224,Chaaya Deep,Bank of Baroda,individual,dev-6a715f254e75,layering_chain,True,2026-08-07
jalsa6701@pnb,3564600551630,PUNB0887389,Jalsa Dhawan,Punjab National Bank,individual,dev-a45e7632886e,layering_chain,True,2026-08-07
mekhala6702@okhdfcbank,442300470717568,HDFC0421260,Mekhala Aurora,HDFC Bank,individual,dev-ce27159746fc,layering_chain,True,2026-08-07
hema6703@ybl,650779750,YESB0613984,Hema Golla,Yes Bank,individual,dev-9ae2bbcc2ff4,layering_chain,True,2026-08-07
anamika6704@ybl,110823248,YESB0945961,Anamika Butala,Yes Bank,individual,dev-29fc9ac55918,layering_chain,True,2026-08-02
anay6705@barodampay,106650483,BARB0452253,Anay Magar,Bank of Baroda,individual,dev-f2af59e4681e,layering_chain,True,2026-08-02
sanaya6706@okhdfcbank,07053501602496,HDFC0096806,Sanaya Som,HDFC Bank,individual,dev-d04028d7791b,layering_chain,True,2026-08-02
keya6707@pnb,144968789,PUNB0962135,Keya Bajaj,Punjab National Bank,individual,dev-f08da362211b,layering_chain,True,2026-08-02
qadim6708@okhdfcbank,09953417909,HDFC0525977,Qadim Salvi,HDFC Bank,individual,dev-4f16e8496c87,layering_chain,True,2026-08-22
diya6709@oksbi,747774531950916,SBIN0466471,Diya Chandra,State Bank of India,individual,dev-6a9822ae4480,layering_chain,True,2026-08-22
kalpit6710@ybl,622476476,YESB0958539,Kalpit Singhal,Yes Bank,individual,dev-af8b330aec5d,layering_chain,True,2026-08-22
farhan6711@kotak,63033530443,KKBK0135469,Farhan Shroff,Kotak Mahindra Bank,individual,dev-899675a4db6d,layering_chain,True,2026-08-22
arjun6712@barodampay,15936749920,BARB0605098,Arjun Desai,Bank of Baroda,individual,dev-f458cfb39289,layering_chain,True,2026-08-22
hemani6713@okhdfcbank,39867387539,HDFC0362966,Hemani Parmer,HDFC Bank,individual,dev-3fbeacb3bcd5,layering_chain,True,2026-08-22
isaac6714@barodampay,6245783533,BARB0054019,Isaac Raja,Bank of Baroda,individual,dev-b3919b9dd14f,layering_chain,True,2026-09-01
karan6715@okicici,48472876256151,ICIC0843173,Karan Cherian,ICICI Bank,individual,dev-a71d500b7ad0,layering_chain,True,2026-09-01
indrajit6716@ybl,91765925758043,YESB0315895,Indrajit Nagarajan,Yes Bank,individual,dev-4aad948480ab,layering_chain,True,2026-09-01
onkar6717@okaxis,2616655288,UTIB0920063,Onkar Sani,Axis Bank,individual,dev-0fb3ba123894,layering_chain,True,2026-09-01
bhavika6718@cnrb,39984628977,CNRB0549169,Bhavika Wason,Canara Bank,individual,dev-53c26bfb92f9,layering_chain,True,2026-09-01
aadhya6719@ybl,926295840,YESB0726071,Aadhya Srinivas,Yes Bank,individual,dev-693f379a0fc8,layering_chain,True,2026-08-18
yoshita6720@barodampay,192133880546,BARB0515475,Yoshita Sama,Bank of Baroda,individual,dev-e5dd39a94e6b,layering_chain,True,2026-08-18
tanish6721@okhdfcbank,3398479254717,HDFC0600088,Tanish Sheth,HDFC Bank,individual,dev-51583b86c409,layering_chain,True,2026-08-18
daniel6722@barodampay,1486169321,BARB0912021,Daniel Andra,Bank of Baroda,individual,dev-7bdb68ba70f1,layering_chain,True,2026-08-18
devika6723@idfcfirst,4954017061635,IDFB0345523,Devika Shan,IDFC First Bank,individual,dev-812df2734afa,layering_chain,True,2026-08-18
arjun6724@barodampay,327462444948512,BARB0944167,Arjun Vaidya,Bank of Baroda,individual,dev-35ee17659e6c,layering_chain,True,2026-08-28
raksha6725@okaxis,761069296570207,UTIB0542777,Raksha Chakrabarti,Axis Bank,individual,dev-7a7adb4e8bfe,layering_chain,True,2026-08-28
bachittar6726@pnb,8952579714978765,PUNB0285314,Bachittar Swaminathan,Punjab National Bank,individual,dev-7594ef9cd3f3,layering_chain,True,2026-08-28
kalpit6727@pnb,389054079004,PUNB0124455,Kalpit Chada,Punjab National Bank,individual,dev-e55b1f77bb70,layering_chain,True,2026-08-28
charita6728@kotak,1547293714618,KKBK0491061,Charita Bassi,Kotak Mahindra Bank,individual,dev-79ec61d12d3b,layering_chain,True,2026-08-28
netra6729@kotak,037353149565,KKBK0511304,Netra Wadhwa,Kotak Mahindra Bank,individual,dev-f25eeacd7cf9,layering_chain,True,2026-08-28
maya6730@barodampay,4941250989,BARB0598236,Maya Datta,Bank of Baroda,individual,dev-cc4b0cff8808,layering_chain,True,2026-09-03
eshana6731@oksbi,7923000799861,SBIN0327627,Eshana Karpe,State Bank of India,individual,dev-29cc9f99ac05,layering_chain,True,2026-09-03
amruta6732@pnb,5107956500479,PUNB0328293,Amruta Uppal,Punjab National Bank,individual,dev-c522a911980e,layering_chain,True,2026-09-03
anamika6733@barodampay,0551568079,BARB0249313,Anamika Sen,Bank of Baroda,individual,dev-5169c5723f57,layering_chain,True,2026-09-03
yamini6734@idfcfirst,4155501002,IDFB0971164,Yamini Dugar,IDFC First Bank,individual,dev-d9a9dc5c4a89,layering_chain,True,2026-08-12
udarsh6735@idfcfirst,5041761972137,IDFB0594528,Udarsh Wable,IDFC First Bank,individual,dev-f5569879a27b,layering_chain,True,2026-08-12
eiravati6736@idfcfirst,34384269811416,IDFB0481865,Eiravati Mahal,IDFC First Bank,individual,dev-eb42ff108ffa,layering_chain,True,2026-08-12
rachit6737@cnrb,2624960986,CNRB0307296,Rachit Divan,Canara Bank,individual,dev-d573919d376c,layering_chain,True,2026-08-12
om6738@idfcfirst,41003925148721,IDFB0316655,Om Bhatti,IDFC First Bank,individual,dev-b51521ed445e,layering_chain,True,2026-08-12
ryan6739@okicici,145702224854497,ICIC0228436,Ryan Swamy,ICICI Bank,individual,dev-336885422b43,layering_chain,True,2026-09-10
akshay6740@cnrb,198585316778447,CNRB0708533,Akshay Parmer,Canara Bank,individual,dev-007cc3a70076,layering_chain,True,2026-09-10
aarav6741@pnb,3747919831685767,PUNB0501114,Aarav Joshi,Punjab National Bank,individual,dev-be1165f3ac2f,layering_chain,True,2026-09-10
aarnav6742@pnb,823893164955,PUNB0015984,Aarnav Bhat,Punjab National Bank,individual,dev-870f0ff3c2fe,layering_chain,True,2026-09-10
andrew6743@cnrb,1064071921,CNRB0500903,Andrew Venkataraman,Canara Bank,individual,dev-fc4e84e5ef4f,layering_chain,True,2026-09-10
yuvraj6744@okaxis,2888545613,UTIB0277593,Yuvraj Manne,Axis Bank,individual,dev-b36ddbc61b69,layering_chain,True,2026-09-10
sudiksha6745@barodampay,02884113930,BARB0178670,Sudiksha Khatri,Bank of Baroda,individual,dev-b26e77363b57,layering_chain,True,2026-09-10
aayush6746@ybl,10753869091988,YESB0814565,Aayush Aggarwal,Yes Bank,individual,dev-f51412d12cbb,layering_chain,True,2026-08-31
jairaj6747@cnrb,169437816309,CNRB0533051,Jairaj Krishnan,Canara Bank,individual,dev-1e5a9cd6d867,layering_chain,True,2026-08-31
nidra6748@idfcfirst,70831816277,IDFB0393310,Nidra Agate,IDFC First Bank,individual,dev-ed1a1811dadc,layering_chain,True,2026-08-31
george6749@okaxis,247173466,UTIB0765699,George Rajagopalan,Axis Bank,individual,dev-cfcb41d4235e,layering_chain,True,2026-08-31
wahab6750@idfcfirst,20363722146,IDFB0575564,Wahab Dewan,IDFC First Bank,individual,dev-6f04cf1359ed,layering_chain,True,2026-08-31
saksham6751@pnb,4101134421793213,PUNB0845700,Saksham Shan,Punjab National Bank,individual,dev-60703b4780b7,layering_chain,True,2026-08-31
chaitanya6752@oksbi,13847178123432,SBIN0284726,Chaitanya Rama,State Bank of India,individual,dev-4dc8209a1b07,layering_chain,True,2026-08-10
gayathri6753@kotak,360923266417,KKBK0115893,Gayathri Mital,Kotak Mahindra Bank,individual,dev-af24b367985a,layering_chain,True,2026-08-10
pavani6754@cnrb,62519352540700,CNRB0769581,Pavani Srinivasan,Canara Bank,individual,dev-56ecff16f88f,layering_chain,True,2026-08-10
lipika6755@kotak,4771907887786,KKBK0651822,Lipika Konda,Kotak Mahindra Bank,individual,dev-70345b5aca6c,layering_chain,True,2026-08-10
chandresh6756@kotak,0527076942229146,KKBK0786387,Chandresh Bajaj,Kotak Mahindra Bank,individual,dev-46b7c21df60d,layering_chain,True,2026-08-10
theodore6757@okicici,99162481393499,ICIC0409666,Theodore Krish,ICICI Bank,individual,dev-3b013211347f,layering_chain,True,2026-08-10
jagat6758@oksbi,83834495183684,SBIN0353863,Jagat Chatterjee,State Bank of India,individual,dev-9fe968ffd1dd,layering_chain,True,2026-08-19
sanaya6759@idfcfirst,856135446078839,IDFB0446694,Sanaya Butala,IDFC First Bank,individual,dev-c5e408b43207,layering_chain,True,2026-08-19
frederick6760@idfcfirst,92248789427,IDFB0657968,Frederick Nadkarni,IDFC First Bank,individual,dev-c964e13f426b,layering_chain,True,2026-08-19
kala6761@ybl,264188889740925,YESB0499032,Kala Lad,Yes Bank,individual,dev-a3efa441cf63,layering_chain,True,2026-08-19
yachana6762@oksbi,804382455,SBIN0040091,Yachana Dhaliwal,State Bank of India,individual,dev-31dda7f0ae4c,layering_chain,True,2026-08-10
mason6763@okaxis,963919302258997,UTIB0412040,Mason Badami,Axis Bank,individual,dev-f89702902811,layering_chain,True,2026-08-10
abha6764@barodampay,771136937478269,BARB0132633,Abha Arora,Bank of Baroda,individual,dev-34c5e70457ac,layering_chain,True,2026-08-10
janani6765@kotak,12855110348653,KKBK0951228,Janani Jani,Kotak Mahindra Bank,individual,dev-e21c6cb4d23c,layering_chain,True,2026-08-10
william6766@idfcfirst,574715175,IDFB0924708,William Mall,IDFC First Bank,individual,dev-eebf69fe2ddd,layering_chain,True,2026-08-10
nirja6767@ybl,084792707130,YESB0996202,Nirja Balan,Yes Bank,individual,dev-cfd9173bd96e,layering_chain,True,2026-08-10
ekanta6768@okaxis,0883147752639,UTIB0825253,Ekanta Prashad,Axis Bank,individual,dev-a4fa02e9b528,layering_chain,True,2026-08-10
bhanumati6769@pnb,653367353,PUNB0477197,Bhanumati Mahajan,Punjab National Bank,individual,dev-a298aa463b35,layering_chain,True,2026-08-17
rachana6770@ybl,306794977,YESB0411255,Rachana Sathe,Yes Bank,individual,dev-18aedd4ac8ce,layering_chain,True,2026-08-17
chatresh6771@okaxis,9499101960763,UTIB0613569,Chatresh Chandran,Axis Bank,individual,dev-065bba24ac90,layering_chain,True,2026-08-17
lakshit6772@pnb,677198345,PUNB0132137,Lakshit Loke,Punjab National Bank,individual,dev-80d216f2ad80,layering_chain,True,2026-08-17
liam6773@okhdfcbank,512130474469732,HDFC0986541,Liam Zacharia,HDFC Bank,individual,dev-bc7557df4ab1,layering_chain,True,2026-08-17
yashica6774@oksbi,4206973339988,SBIN0550813,Yashica Doshi,State Bank of India,individual,dev-e275f2243862,layering_chain,True,2026-08-17
tristan6775@idfcfirst,4237371060655,IDFB0587805,Tristan Varghese,IDFC First Bank,individual,dev-4c4b504624cf,layering_chain,True,2026-08-17
bhavya6776@pnb,872370469,PUNB0188060,Bhavya Agarwal,Punjab National Bank,individual,dev-a1440c6d3535,layering_chain,True,2026-08-21
mahika6777@idfcfirst,6774644343235864,IDFB0213158,Mahika Dhaliwal,IDFC First Bank,individual,dev-990a10ba4bd4,layering_chain,True,2026-08-21
hiral6778@pnb,37003938837,PUNB0929142,Hiral Tella,Punjab National Bank,individual,dev-491008750b30,layering_chain,True,2026-08-21
watika6779@okaxis,37449147392395,UTIB0015815,Watika Lala,Axis Bank,individual,dev-c8896f9161b0,layering_chain,True,2026-08-21
laban6780@barodampay,8781829077165344,BARB0831992,Laban Sibal,Bank of Baroda,individual,dev-1394743ca1e9,layering_chain,True,2026-08-17
jagrati6781@okaxis,74339451506,UTIB0977785,Jagrati Hans,Axis Bank,individual,dev-ddef94ebaf04,layering_chain,True,2026-08-17
devika6782@ybl,80367456632808,YESB0551998,Devika Dutta,Yes Bank,individual,dev-7c7481ea4155,layering_chain,True,2026-08-17
hemangini6783@cnrb,9611526105948,CNRB0892419,Hemangini Sha,Canara Bank,individual,dev-42c291c93355,layering_chain,True,2026-08-17
abhiram6784@okhdfcbank,884378165822,HDFC0211518,Abhiram Menon,HDFC Bank,individual,dev-8f4d5a1106b2,layering_chain,True,2026-08-17
nathaniel6785@okaxis,3225066912083,UTIB0544285,Nathaniel Chandra,Axis Bank,individual,dev-2a3bfcad1e91,layering_chain,True,2026-08-17
garima6786@barodampay,33163925506728,BARB0124295,Garima Chhabra,Bank of Baroda,individual,dev-d4c3a84c1283,layering_chain,True,2026-08-02
omya6787@ybl,5967553149,YESB0395827,Omya Boase,Yes Bank,individual,dev-bd395a815a48,layering_chain,True,2026-08-02
falak6788@okicici,0568933046,ICIC0546761,Falak Pal,ICICI Bank,individual,dev-1b1078b20a7b,layering_chain,True,2026-08-02
bhavini6789@pnb,530134415791224,PUNB0673616,Bhavini Rao,Punjab National Bank,individual,dev-12b3852a520a,layering_chain,True,2026-08-02
azad6790@okhdfcbank,9297354501100,HDFC0932841,Azad Bhat,HDFC Bank,individual,dev-a9710de7842f,layering_chain,True,2026-08-10
oscar6791@okicici,859446775,ICIC0388076,Oscar Kanda,ICICI Bank,individual,dev-6be171225e53,layering_chain,True,2026-08-10
aishani6792@okicici,104782263427,ICIC0864482,Aishani Sandhu,ICICI Bank,individual,dev-c6b9f3923f82,layering_chain,True,2026-08-10
arjun6793@ybl,94516184886,YESB0657030,Arjun Bhagat,Yes Bank,individual,dev-67200a1399c4,layering_chain,True,2026-08-10
joshua6794@pnb,6173022902,PUNB0117584,Joshua Kibe,Punjab National Bank,individual,dev-5f1e93192208,layering_chain,True,2026-08-10
tara6795@cnrb,2891631634260,CNRB0923162,Tara Chadha,Canara Bank,individual,dev-771ed89a4eb0,layering_chain,True,2026-08-10
gaurav6796@cnrb,813012853284,CNRB0606565,Gaurav Gill,Canara Bank,individual,dev-3ed099c94d87,layering_chain,True,2026-08-10
joshua6797@okhdfcbank,696193523,HDFC0761149,Joshua Sane,HDFC Bank,individual,dev-6a455ddefd22,layering_chain,True,2026-08-10
indali6798@okaxis,71565790614,UTIB0659365,Indali Chakraborty,Axis Bank,individual,dev-fa8836f47500,layering_chain,True,2026-08-10
ayushman6799@oksbi,39787584890735,SBIN0082017,Ayushman Lalla,State Bank of India,individual,dev-b4630abab37c,layering_chain,True,2026-08-09
advay6800@pnb,8879301365,PUNB0376860,Advay Tank,Punjab National Bank,individual,dev-7fa7aabf61fd,layering_chain,True,2026-08-09
radhika6801@oksbi,299721308809,SBIN0470814,Radhika Nair,State Bank of India,individual,dev-3feafc3ae293,layering_chain,True,2026-08-09
aarna6802@idfcfirst,758061540,IDFB0687420,Aarna Muni,IDFC First Bank,individual,dev-f273bb3a8063,layering_chain,True,2026-08-09
chakradhar6803@pnb,5806589030,PUNB0542740,Chakradhar Mody,Punjab National Bank,individual,dev-d2e3976e89b5,layering_chain,True,2026-08-09
maanas6804@ybl,422009292577725,YESB0691941,Maanas Sarraf,Yes Bank,individual,dev-8cd351e3f3d3,layering_chain,True,2026-08-09
theodore6805@ybl,506561313465269,YESB0226220,Theodore Mital,Yes Bank,individual,dev-2b9c771d6204,layering_chain,True,2026-08-09
aryan6806@ybl,191743113709479,YESB0273418,Aryan Chhabra,Yes Bank,individual,dev-7160daa492cf,layering_chain,True,2026-09-13
gaurangi6807@okaxis,616939127701,UTIB0329531,Gaurangi Khalsa,Axis Bank,individual,dev-a878757114d2,layering_chain,True,2026-09-13
jasmit6808@okhdfcbank,1588519699665001,HDFC0142653,Jasmit Tata,HDFC Bank,individual,dev-ad9610405833,layering_chain,True,2026-09-13
dayamai6809@cnrb,5106843548989,CNRB0458292,Dayamai Swamy,Canara Bank,individual,dev-3c77954b92f4,layering_chain,True,2026-09-13
aashi6810@ybl,4600289704,YESB0313282,Aashi Keer,Yes Bank,individual,dev-f3dab58085c6,layering_chain,True,2026-09-02
oviya6811@oksbi,40554511526860,SBIN0103365,Oviya Chacko,State Bank of India,individual,dev-0267c420140f,layering_chain,True,2026-09-02
nimrat6812@okhdfcbank,729839811542,HDFC0059920,Nimrat Warrior,HDFC Bank,individual,dev-9b1847beb968,layering_chain,True,2026-09-02
nihal6813@idfcfirst,8021480874227190,IDFB0641380,Nihal Nadkarni,IDFC First Bank,individual,dev-beaa4ddc621f,layering_chain,True,2026-09-02
jonathan6814@barodampay,3795842890666,BARB0667435,Jonathan Shanker,Bank of Baroda,individual,dev-eb13d2a79d46,layering_chain,True,2026-09-08
meera6815@idfcfirst,88798664921,IDFB0185059,Meera Sethi,IDFC First Bank,individual,dev-9a057539e189,layering_chain,True,2026-09-08
yashodhara6816@cnrb,9345353662526067,CNRB0421614,Yashodhara Ramanathan,Canara Bank,individual,dev-09d2df6b373c,layering_chain,True,2026-09-08
lila6817@kotak,915014938,KKBK0698725,Lila Panchal,Kotak Mahindra Bank,individual,dev-d20418962938,layering_chain,True,2026-09-08
michael6818@cnrb,717635167,CNRB0224678,Michael De,Canara Bank,individual,dev-c6a8b5dca75c,layering_chain,True,2026-09-08
faraj6819@pnb,3649176921,PUNB0030605,Faraj Sathe,Punjab National Bank,individual,dev-2eea54ebe677,layering_chain,True,2026-09-08
riya6820@pnb,1971324369022,PUNB0497905,Riya Uppal,Punjab National Bank,individual,dev-cb143ef34e26,layering_chain,True,2026-09-08
chaaya6821@okicici,28154885134,ICIC0810464,Chaaya Solanki,ICICI Bank,individual,dev-5d8190027200,layering_chain,True,2026-09-03
faris6822@okicici,219310302042,ICIC0832701,Faris Dutta,ICICI Bank,individual,dev-bbc38bdeb5d6,layering_chain,True,2026-09-03
sarthak6823@oksbi,72524285370,SBIN0155464,Sarthak Pathak,State Bank of India,individual,dev-2d90a32c55a7,layering_chain,True,2026-09-03
balhaar6824@okaxis,2638689298,UTIB0940304,Balhaar Sachar,Axis Bank,individual,dev-1d6dc07961a2,layering_chain,True,2026-09-03
yashvi6825@okaxis,9681392635812,UTIB0148983,Yashvi Mitter,Axis Bank,individual,dev-e1462fc6ab79,layering_chain,True,2026-09-03
charvi6826@pnb,849041948,PUNB0405471,Charvi Dhingra,Punjab National Bank,individual,dev-4e71e47212d2,layering_chain,True,2026-09-11
wahab6827@kotak,03365136727262,KKBK0023762,Wahab Munshi,Kotak Mahindra Bank,individual,dev-ce11b514257b,layering_chain,True,2026-09-11
shaurya6828@cnrb,77781555083910,CNRB0608239,Shaurya Mohanty,Canara Bank,individual,dev-fd32bd1fb692,layering_chain,True,2026-09-11
damyanti6829@ybl,4143408398709,YESB0675844,Damyanti Saini,Yes Bank,individual,dev-23039bdffd43,layering_chain,True,2026-09-11
michael6830@ybl,604596998779320,YESB0964226,Michael Choudhry,Yes Bank,individual,dev-495a8c092636,layering_chain,True,2026-09-11
gabriel6831@ybl,728364045486622,YESB0633969,Gabriel Nayar,Yes Bank,individual,dev-092e12346753,layering_chain,True,2026-09-11
zayyan6832@okicici,8877756582880431,ICIC0196170,Zayyan Parekh,ICICI Bank,individual,dev-0e9844bf0788,layering_chain,True,2026-09-11
ishanvi6833@kotak,39671225084,KKBK0918723,Ishanvi Kunda,Kotak Mahindra Bank,individual,dev-bb43cc0e5587,layering_chain,True,2026-09-09
anay6834@okhdfcbank,77631391115291,HDFC0393329,Anay Ratta,HDFC Bank,individual,dev-33523e350fc3,layering_chain,True,2026-09-09
barkha6835@okaxis,095013155,UTIB0075293,Barkha Chakrabarti,Axis Bank,individual,dev-70ca23493624,layering_chain,True,2026-09-09
harrison6836@cnrb,326351749596,CNRB0408736,Harrison Tailor,Canara Bank,individual,dev-ab1fcd56ec19,layering_chain,True,2026-09-09
faris6837@okhdfcbank,118161173,HDFC0583446,Faris Wali,HDFC Bank,individual,dev-7a8f5435ee4a,layering_chain,True,2026-08-02
ubika6838@kotak,57295141661,KKBK0009615,Ubika Krish,Kotak Mahindra Bank,individual,dev-515b2301bc6c,layering_chain,True,2026-08-02
pushti6839@barodampay,6530037203197,BARB0389010,Pushti Kaur,Bank of Baroda,individual,dev-8583e3df0187,layering_chain,True,2026-08-02
umang6840@oksbi,00887404930,SBIN0150221,Umang Nazareth,State Bank of India,individual,dev-6fc2edba7e82,layering_chain,True,2026-08-02
xiti6841@oksbi,307554748319,SBIN0774638,Xiti Thakkar,State Bank of India,individual,dev-bc8cc72cf87b,layering_chain,True,2026-08-07
dhruv6842@ybl,50682930726,YESB0731970,Dhruv Wable,Yes Bank,individual,dev-f7702eacde67,layering_chain,True,2026-08-07
oni6843@oksbi,87783260718959,SBIN0005800,Oni Yadav,State Bank of India,individual,dev-94cec5114d33,layering_chain,True,2026-08-07
nidhi6844@kotak,820882050,KKBK0194703,Nidhi Ravel,Kotak Mahindra Bank,individual,dev-a65d94980b55,layering_chain,True,2026-08-07
andrew6845@kotak,5716741584520956,KKBK0437779,Andrew Palan,Kotak Mahindra Bank,individual,dev-6f507c969288,layering_chain,True,2026-08-07
harrison6846@pnb,122805751,PUNB0865815,Harrison Bassi,Punjab National Bank,individual,dev-f9f8eed9b3ad,layering_chain,True,2026-09-11
gavin6847@okicici,98996279811332,ICIC0776416,Gavin Dyal,ICICI Bank,individual,dev-f5bc639ed7b2,layering_chain,True,2026-09-11
deepa6848@pnb,0335401305912,PUNB0224530,Deepa Hayre,Punjab National Bank,individual,dev-2bea8cee0c92,layering_chain,True,2026-09-11
fitan6849@okhdfcbank,5498317648629,HDFC0190094,Fitan Grewal,HDFC Bank,individual,dev-4342339385af,layering_chain,True,2026-09-11
ayushman6850@ybl,149836261832383,YESB0668078,Ayushman Dani,Yes Bank,individual,dev-6d2e67dae930,layering_chain,True,2026-09-11
charan6851@ybl,2356648509040,YESB0079807,Charan Mukhopadhyay,Yes Bank,individual,dev-ff63d089874b,layering_chain,True,2026-09-11
aayush6852@okaxis,13555083098635,UTIB0216180,Aayush Khatri,Axis Bank,individual,dev-0e714a46830b,layering_chain,True,2026-08-05
lucky6853@idfcfirst,7336351703390,IDFB0225160,Lucky Chaudhry,IDFC First Bank,individual,dev-7190d03bc0d1,layering_chain,True,2026-08-05
chatresh6854@kotak,915955013716,KKBK0703029,Chatresh Bhardwaj,Kotak Mahindra Bank,individual,dev-068533fcfc4e,layering_chain,True,2026-08-05
nihal6855@barodampay,825279427099,BARB0595589,Nihal Bhatia,Bank of Baroda,individual,dev-2a030722c6c9,layering_chain,True,2026-08-05
henry6856@oksbi,372598272414,SBIN0864628,Henry Sekhon,State Bank of India,individual,dev-24086dbd508b,layering_chain,True,2026-08-05
faris6857@ybl,78870035682634,YESB0032336,Faris Chakraborty,Yes Bank,individual,dev-2b8ac16505d9,layering_chain,True,2026-08-05
bachittar6858@cnrb,4172965169094053,CNRB0576524,Bachittar Arya,Canara Bank,individual,dev-653b798b299f,layering_chain,True,2026-09-06
chameli6859@oksbi,271920236,SBIN0098846,Chameli Soman,State Bank of India,individual,dev-8da7e8ae849a,layering_chain,True,2026-09-06
wridesh6860@idfcfirst,1382836108,IDFB0064261,Wridesh Chhabra,IDFC First Bank,individual,dev-ca88ced42b20,layering_chain,True,2026-09-06
hardik6861@oksbi,5164352240,SBIN0408957,Hardik Shukla,State Bank of India,individual,dev-5d55c9d84b61,layering_chain,True,2026-09-06
chakradev6862@kotak,56616943319118,KKBK0570471,Chakradev Cheema,Kotak Mahindra Bank,individual,dev-0575d66bef4c,layering_chain,True,2026-08-08
nachiket6863@kotak,942251845136,KKBK0550726,Nachiket Pant,Kotak Mahindra Bank,individual,dev-c45dd804d3ee,layering_chain,True,2026-08-08
yashica6864@oksbi,761840895546678,SBIN0024723,Yashica Kuruvilla,State Bank of India,individual,dev-82af6c5a86c7,layering_chain,True,2026-08-08
bhavani6865@pnb,78619469004349,PUNB0587008,Bhavani Shukla,Punjab National Bank,individual,dev-11a7ce6ab6f1,layering_chain,True,2026-08-08
janya6866@okhdfcbank,6598868952,HDFC0484972,Janya Andra,HDFC Bank,individual,dev-3c68854ff4a1,layering_chain,True,2026-08-08
faraj6867@oksbi,1400329037,SBIN0650506,Faraj Jha,State Bank of India,individual,dev-7571e17eb6a6,layering_chain,True,2026-08-08
harini6868@cnrb,57667677117,CNRB0818739,Harini Kapoor,Canara Bank,individual,dev-3ca95757e10e,layering_chain,True,2026-08-21
noah6869@oksbi,1064924187,SBIN0349145,Noah Dar,State Bank of India,individual,dev-99368e489241,layering_chain,True,2026-08-21
urmi6870@oksbi,060040766242,SBIN0903230,Urmi Ganesan,State Bank of India,individual,dev-8c47c849bb28,layering_chain,True,2026-08-21
aarush6871@kotak,60145329568,KKBK0780305,Aarush Sinha,Kotak Mahindra Bank,individual,dev-c3ecd1455175,layering_chain,True,2026-08-21
upadhriti6872@barodampay,581057381164592,BARB0312961,Upadhriti Bhalla,Bank of Baroda,individual,dev-2e91316b8fee,layering_chain,True,2026-08-21
upadhriti6873@okicici,618291368777,ICIC0178040,Upadhriti Choudhury,ICICI Bank,individual,dev-47d9b85d2241,layering_chain,True,2026-08-01
hitesh6874@barodampay,27981496932573,BARB0722284,Hitesh Sandhu,Bank of Baroda,individual,dev-2b455f27b2f2,layering_chain,True,2026-08-01
yauvani6875@ybl,03898644333,YESB0503315,Yauvani Choudhry,Yes Bank,individual,dev-2d4cd6f161b3,layering_chain,True,2026-08-01
mohammed6876@kotak,9334808921,KKBK0489350,Mohammed Dayal,Kotak Mahindra Bank,individual,dev-e785ea6b82b3,layering_chain,True,2026-08-01
leena6877@pnb,01302537846861,PUNB0227804,Leena Krishnamurthy,Punjab National Bank,individual,dev-fa6ce8bcfe5a,layering_chain,True,2026-08-01
vritti6878@idfcfirst,360581040,IDFB0506481,Vritti Dara,IDFC First Bank,individual,dev-84648b79a40d,layering_chain,True,2026-08-01
vedhika6879@okhdfcbank,5658033152503860,HDFC0778260,Vedhika Nigam,HDFC Bank,individual,dev-da0240682056,layering_chain,True,2026-08-01
banjeet6880@oksbi,14380335152255,SBIN0059400,Banjeet Sem,State Bank of India,individual,dev-36b20fb81cf6,layering_chain,True,2026-08-25
hitesh6881@pnb,83726127559,PUNB0628580,Hitesh Amble,Punjab National Bank,individual,dev-ad9407d4fdc9,layering_chain,True,2026-08-25
bhavini6882@oksbi,0528736897797737,SBIN0824743,Bhavini Aurora,State Bank of India,individual,dev-b3ea8eaf7541,layering_chain,True,2026-08-25
indira6883@idfcfirst,111569804,IDFB0729652,Indira Shroff,IDFC First Bank,individual,dev-cd6181d9201e,layering_chain,True,2026-08-25
alexander6884@idfcfirst,074494542,IDFB0026814,Alexander Gara,IDFC First Bank,individual,dev-841cb7ea5ca5,layering_chain,True,2026-08-25
chaaya6885@okicici,41456266548,ICIC0148205,Chaaya Hari,ICICI Bank,individual,dev-a59ea70cc115,layering_chain,True,2026-08-25
tanay6886@ybl,6069043266,YESB0610013,Tanay Rana,Yes Bank,individual,dev-237aa6274989,layering_chain,True,2026-09-02
nicholas6887@barodampay,9574320994918,BARB0944900,Nicholas Dara,Bank of Baroda,individual,dev-8b3201b0613e,layering_chain,True,2026-09-02
baljiwan6888@pnb,61674200469,PUNB0412710,Baljiwan Rajagopalan,Punjab National Bank,individual,dev-9d24a03594c7,layering_chain,True,2026-09-02
indira6889@okhdfcbank,293648920738,HDFC0320365,Indira Shah,HDFC Bank,individual,dev-4ad6033fa79a,layering_chain,True,2026-09-02
mitali6890@cnrb,5221403618,CNRB0985330,Mitali Sodhi,Canara Bank,individual,dev-0ad08607e483,layering_chain,True,2026-09-09
lopa6891@kotak,755775602710944,KKBK0967905,Lopa Savant,Kotak Mahindra Bank,individual,dev-a3afb746e52d,layering_chain,True,2026-09-09
dominic6892@oksbi,34084589434,SBIN0018594,Dominic Sarkar,State Bank of India,individual,dev-6538e635f975,layering_chain,True,2026-09-09
yatan6893@ybl,0454497366,YESB0390911,Yatan Patla,Yes Bank,individual,dev-17068ef00a8e,layering_chain,True,2026-09-09
gaurav6894@ybl,9691599454460617,YESB0228115,Gaurav Nagy,Yes Bank,individual,dev-89df1148c015,layering_chain,True,2026-09-09
jack6895@pnb,2533099346,PUNB0479800,Jack Ray,Punjab National Bank,individual,dev-700388bce7df,layering_chain,True,2026-08-31
maanav6896@okicici,59315527402,ICIC0651228,Maanav Rama,ICICI Bank,individual,dev-dadf5ed5b5d9,layering_chain,True,2026-08-31
aayush6897@ybl,6945147460199,YESB0660571,Aayush Srinivasan,Yes Bank,individual,dev-5d2cd6256a99,layering_chain,True,2026-08-31
teerth6898@oksbi,772112513,SBIN0404633,Teerth Hora,State Bank of India,individual,dev-23090f40be56,layering_chain,True,2026-08-31
chakradhar6899@okhdfcbank,1587385551313885,HDFC0332912,Chakradhar Virk,HDFC Bank,individual,dev-698d7c3f8b35,layering_chain,True,2026-08-31
naksh6900@okicici,0205635835420,ICIC0103415,Naksh Manda,ICICI Bank,individual,dev-57b8fc295f65,layering_chain,True,2026-08-10
isaiah6901@kotak,4836955450373671,KKBK0029175,Isaiah Yohannan,Kotak Mahindra Bank,individual,dev-de2015e6cafd,layering_chain,True,2026-08-10
laksh6902@oksbi,83821548309,SBIN0605997,Laksh Mani,State Bank of India,individual,dev-f68aac9532db,layering_chain,True,2026-08-10
yahvi6903@cnrb,3699081176,CNRB0786960,Yahvi Bhatti,Canara Bank,individual,dev-30ab5437fed0,layering_chain,True,2026-08-10
arjun6904@okhdfcbank,0321371329029,HDFC0580826,Arjun Anne,HDFC Bank,individual,dev-2c859b053bab,layering_chain,True,2026-08-10
hredhaan6905@ybl,642788227810,YESB0579143,Hredhaan Sandal,Yes Bank,individual,dev-d2e16b5a2307,layering_chain,True,2026-08-10
alexander6906@kotak,6393711096,KKBK0090103,Alexander Mutti,Kotak Mahindra Bank,individual,dev-b71cf8864d0c,layering_chain,True,2026-08-10
chakradhar6907@idfcfirst,684959544990771,IDFB0502026,Chakradhar Din,IDFC First Bank,individual,dev-a9c1c43f41a9,layering_chain,True,2026-09-08
jyoti6908@barodampay,42227023979790,BARB0522693,Jyoti Bobal,Bank of Baroda,individual,dev-0423bd70c34b,layering_chain,True,2026-09-08
vamakshi6909@barodampay,995735440865738,BARB0248532,Vamakshi Patla,Bank of Baroda,individual,dev-7fbc4bb78238,layering_chain,True,2026-09-08
bina6910@ybl,5250927378606063,YESB0412364,Bina Raval,Yes Bank,individual,dev-6f70e07ba955,layering_chain,True,2026-09-08
vihaan6911@pnb,8962495611,PUNB0350635,Vihaan Narayan,Punjab National Bank,individual,dev-1c90768ae603,layering_chain,True,2026-08-07
dayita6912@kotak,896983315,KKBK0503517,Dayita Chana,Kotak Mahindra Bank,individual,dev-9915d435d5f1,layering_chain,True,2026-08-07
aarush6913@okhdfcbank,2804439762215,HDFC0281193,Aarush Nanda,HDFC Bank,individual,dev-60d9debf4550,layering_chain,True,2026-08-07
jagat6914@kotak,27071895497256,KKBK0827865,Jagat Majumdar,Kotak Mahindra Bank,individual,dev-41a04aad8c87,layering_chain,True,2026-08-07
osha6915@oksbi,618961555,SBIN0978653,Osha Lad,State Bank of India,individual,dev-bc9de4c0fff5,layering_chain,True,2026-08-27
vritti6916@okicici,563970996867,ICIC0944695,Vritti Tiwari,ICICI Bank,individual,dev-91c1443d2c06,layering_chain,True,2026-08-27
jason6917@barodampay,5614115153,BARB0151047,Jason Nagarajan,Bank of Baroda,individual,dev-b20ab54f6df2,layering_chain,True,2026-08-27
yatin6918@okhdfcbank,3619920775,HDFC0459288,Yatin Nazareth,HDFC Bank,individual,dev-ffbe8a9d1c1c,layering_chain,True,2026-08-27
indrajit6919@okhdfcbank,898387891346959,HDFC0862155,Indrajit Devan,HDFC Bank,individual,dev-ccd2d873fb98,layering_chain,True,2026-08-27
saumya6920@pnb,9536261750,PUNB0722078,Saumya Tailor,Punjab National Bank,individual,dev-71a7c0aafd48,layering_chain,True,2026-08-27
guneet6921@okhdfcbank,7198159830,HDFC0643136,Guneet Desai,HDFC Bank,individual,dev-848e98f627f0,layering_chain,True,2026-08-27
kashish6922@oksbi,9067464937637460,SBIN0576934,Kashish Tank,State Bank of India,individual,dev-7612ae21da4d,layering_chain,True,2026-09-06
harita6923@oksbi,05892502143,SBIN0615906,Harita Pathak,State Bank of India,individual,dev-93edf2f34a40,layering_chain,True,2026-09-06
mohammed6924@cnrb,4653854988286,CNRB0105541,Mohammed Puri,Canara Bank,individual,dev-e6ad1c83ca0b,layering_chain,True,2026-09-06
triya6925@cnrb,634092486123,CNRB0193584,Triya Dyal,Canara Bank,individual,dev-ac7c925a301a,layering_chain,True,2026-09-06
leela6926@cnrb,758252853496,CNRB0260669,Leela Bahl,Canara Bank,individual,dev-08e4cb34cb0e,layering_chain,True,2026-09-06
chakrika6927@pnb,009929665578,PUNB0144198,Chakrika Master,Punjab National Bank,individual,dev-b5be0fd5ac1c,layering_chain,True,2026-09-06
kala6928@oksbi,890107559997,SBIN0400559,Kala Mammen,State Bank of India,individual,dev-7d1ce8cb93bd,layering_chain,True,2026-09-02
turvi6929@ybl,85893408066,YESB0568787,Turvi Sidhu,Yes Bank,individual,dev-a0ccd476e135,layering_chain,True,2026-09-02
balhaar6930@ybl,4148397820527,YESB0037505,Balhaar Parmar,Yes Bank,individual,dev-c29ec58d1d4e,layering_chain,True,2026-09-02
riya6931@cnrb,278156259447075,CNRB0336191,Riya Chaudry,Canara Bank,individual,dev-b291092b7b52,layering_chain,True,2026-09-02
triveni6932@kotak,61158329861,KKBK0906375,Triveni Jani,Kotak Mahindra Bank,individual,dev-b1d94f833b27,layering_chain,True,2026-09-02
xiti6933@kotak,60661632792,KKBK0051760,Xiti Sheth,Kotak Mahindra Bank,individual,dev-e350cf1a90a7,layering_chain,True,2026-09-02
janaki6934@idfcfirst,360966847,IDFB0465298,Janaki Rajagopalan,IDFC First Bank,individual,dev-026e2582bd04,layering_chain,True,2026-09-10
vasana6935@cnrb,86816296247390,CNRB0057279,Vasana Wali,Canara Bank,individual,dev-5d385c25877a,layering_chain,True,2026-09-10
vasana6936@ybl,1002303209590,YESB0519798,Vasana Bhat,Yes Bank,individual,dev-0c5ca8a96f22,layering_chain,True,2026-09-10
guneet6937@idfcfirst,0128869884736,IDFB0590043,Guneet Sur,IDFC First Bank,individual,dev-e6b38c5ecf7d,layering_chain,True,2026-09-10
damyanti6938@cnrb,710600553881597,CNRB0008861,Damyanti Kari,Canara Bank,individual,dev-3e17845cb96b,layering_chain,True,2026-08-21
quincy6939@ybl,7919269755814,YESB0019165,Quincy Sathe,Yes Bank,individual,dev-4db1a3fd727e,layering_chain,True,2026-08-21
elijah6940@kotak,6566052098366,KKBK0533377,Elijah Mitra,Kotak Mahindra Bank,individual,dev-728d2cc1047c,layering_chain,True,2026-08-21
tripti6941@idfcfirst,923559875822804,IDFB0903206,Tripti Golla,IDFC First Bank,individual,dev-513b0a8259cb,layering_chain,True,2026-08-21
chandresh6942@barodampay,62808642781,BARB0471494,Chandresh Edwin,Bank of Baroda,individual,dev-2eaf30688fea,layering_chain,True,2026-08-21
gaurangi6943@cnrb,175481299,CNRB0916594,Gaurangi Lad,Canara Bank,individual,dev-b82a731707c2,layering_chain,True,2026-08-21
neha6944@idfcfirst,871783873121,IDFB0760324,Neha Divan,IDFC First Bank,individual,dev-e67d9c7357c9,layering_chain,True,2026-08-01
quincy6945@okaxis,17488078537,UTIB0787479,Quincy Varty,Axis Bank,individual,dev-438ceeb64337,layering_chain,True,2026-08-01
chakradev6946@okhdfcbank,7228485796009330,HDFC0542148,Chakradev Sen,HDFC Bank,individual,dev-76c733c48cba,layering_chain,True,2026-08-01
priya6947@barodampay,798981451154,BARB0210659,Priya Krishna,Bank of Baroda,individual,dev-7d4ae8fe11fd,layering_chain,True,2026-08-01
advaith6948@kotak,45260266087,KKBK0294512,Advaith Sehgal,Kotak Mahindra Bank,individual,dev-0bd6b9a41c50,layering_chain,True,2026-08-01
samuel6949@okaxis,6097514011272,UTIB0146311,Samuel Dhawan,Axis Bank,individual,dev-9fc8b6764032,layering_chain,True,2026-08-01
ekansh6950@okhdfcbank,3487619641,HDFC0747995,Ekansh Jhaveri,HDFC Bank,individual,dev-df12cfa0ce29,layering_chain,True,2026-08-05
sathvik6951@oksbi,0648375607,SBIN0752643,Sathvik Rattan,State Bank of India,individual,dev-e5f2541f871c,layering_chain,True,2026-08-05
omisha6952@kotak,0704001120150,KKBK0287963,Omisha Devi,Kotak Mahindra Bank,individual,dev-f9d4621930c8,layering_chain,True,2026-08-05
jeremiah6953@okhdfcbank,980757679233889,HDFC0009855,Jeremiah Kamdar,HDFC Bank,individual,dev-34cc37a69014,layering_chain,True,2026-08-05
yamini6954@idfcfirst,599233425908,IDFB0192536,Yamini Soman,IDFC First Bank,individual,dev-1d2e67e90209,layering_chain,True,2026-08-05
niharika6955@idfcfirst,017427943,IDFB0588238,Niharika Balan,IDFC First Bank,individual,dev-b394f8004d49,layering_chain,True,2026-08-19
zansi6956@okaxis,944254628,UTIB0502125,Zansi Virk,Axis Bank,individual,dev-d6689271a62c,layering_chain,True,2026-08-19
vivaan6957@kotak,598848917447,KKBK0245863,Vivaan Goda,Kotak Mahindra Bank,individual,dev-c9e08d9b0e8d,layering_chain,True,2026-08-19
gaurika6958@pnb,54652006430098,PUNB0944951,Gaurika Prabhakar,Punjab National Bank,individual,dev-db48679d87ad,layering_chain,True,2026-08-19
aashi6959@oksbi,7294866357541,SBIN0196709,Aashi Ahuja,State Bank of India,individual,dev-7163348d659f,layering_chain,True,2026-08-19
atharv6960@ybl,792507131224035,YESB0710586,Atharv Vohra,Yes Bank,individual,dev-7ce65501dd6b,layering_chain,True,2026-08-02
urvi6961@barodampay,039774715066,BARB0549404,Urvi Iyengar,Bank of Baroda,individual,dev-07a4248096fb,layering_chain,True,2026-08-02
fiyaz6962@ybl,96574955323,YESB0729086,Fiyaz Narang,Yes Bank,individual,dev-4e4dedb5582d,layering_chain,True,2026-08-02
pushti6963@idfcfirst,41345113623,IDFB0281443,Pushti Kurian,IDFC First Bank,individual,dev-7e09b7f7b553,layering_chain,True,2026-08-02
dipta6964@idfcfirst,915147217,IDFB0545669,Dipta Handa,IDFC First Bank,individual,dev-3a4c9e5b904e,layering_chain,True,2026-08-02
nisha6965@pnb,0027188897282,PUNB0642968,Nisha Seshadri,Punjab National Bank,individual,dev-10f52c64ffdb,layering_chain,True,2026-09-13
urvi6966@cnrb,5493638151744549,CNRB0589335,Urvi Tella,Canara Bank,individual,dev-44adf14b34cb,layering_chain,True,2026-09-13
xalak6967@ybl,014050532,YESB0138041,Xalak Nori,Yes Bank,individual,dev-e39cadeedd25,layering_chain,True,2026-09-13
aachal6968@pnb,2642710236,PUNB0482832,Aachal Dutt,Punjab National Bank,individual,dev-380169ee0517,layering_chain,True,2026-09-13
faraj6969@okhdfcbank,237144577,HDFC0569198,Faraj Bala,HDFC Bank,individual,dev-9b0e67cb7241,layering_chain,True,2026-09-13
aashi6970@pnb,169511071,PUNB0413886,Aashi Din,Punjab National Bank,individual,dev-d5dcdcb5819b,layering_chain,True,2026-09-13
vansha6971@ybl,44950067950413,YESB0547985,Vansha Kade,Yes Bank,individual,dev-7fffba46c5f7,layering_chain,True,2026-08-24
kalpit6972@cnrb,0077429344442231,CNRB0622544,Kalpit Shah,Canara Bank,individual,dev-08fe892dfa5e,layering_chain,True,2026-08-24
pranit6973@okaxis,90508642312,UTIB0607873,Pranit Bhasin,Axis Bank,individual,dev-bf63ad409037,layering_chain,True,2026-08-24
parth6974@okicici,69953526729442,ICIC0047963,Parth Din,ICICI Bank,individual,dev-2ab3e7c079e3,layering_chain,True,2026-08-24
harshil6975@barodampay,459236480415592,BARB0325837,Harshil Cherian,Bank of Baroda,individual,dev-83423035fce2,layering_chain,True,2026-08-24
ucchal6976@okicici,18539917176829,ICIC0190452,Ucchal Prabhakar,ICICI Bank,individual,dev-064e1b50c6d6,layering_chain,True,2026-09-03
pooja6977@okaxis,022881333,UTIB0853412,Pooja Dara,Axis Bank,individual,dev-c99fd33e1292,layering_chain,True,2026-09-03
hredhaan6978@kotak,402946125,KKBK0088027,Hredhaan Sampath,Kotak Mahindra Bank,individual,dev-ecac3f160f97,layering_chain,True,2026-09-03
dakshesh6979@cnrb,7949008618361103,CNRB0403220,Dakshesh Menon,Canara Bank,individual,dev-a60d3bfb27ed,layering_chain,True,2026-09-03
kamya6980@pnb,817892703029486,PUNB0781377,Kamya Comar,Punjab National Bank,individual,dev-9e5690ac03fd,layering_chain,True,2026-09-03
amrita6981@pnb,92882865414,PUNB0713401,Amrita Raval,Punjab National Bank,individual,dev-ba08d9d5bddc,layering_chain,True,2026-08-05
bachittar6982@okhdfcbank,6387275500,HDFC0961664,Bachittar Prasad,HDFC Bank,individual,dev-49e33f4764ec,layering_chain,True,2026-08-05
hemang6983@cnrb,896614798973386,CNRB0217666,Hemang Sandal,Canara Bank,individual,dev-6d5c1ef8580a,layering_chain,True,2026-08-05
sarthak6984@okaxis,4066218089053811,UTIB0745436,Sarthak Gola,Axis Bank,individual,dev-1183a26edb79,layering_chain,True,2026-08-05
ayushman6985@cnrb,293794838602,CNRB0343148,Ayushman Gole,Canara Bank,individual,dev-e7f7904eecc2,layering_chain,True,2026-08-05
akshay6986@oksbi,94977028462391,SBIN0412852,Akshay Chandran,State Bank of India,individual,dev-7d86b7536f41,layering_chain,True,2026-08-31
qarin6987@okhdfcbank,7338418923,HDFC0655531,Qarin Rao,HDFC Bank,individual,dev-2a6f986ace51,layering_chain,True,2026-08-31
warhi6988@kotak,58088868194197,KKBK0857200,Warhi Brahmbhatt,Kotak Mahindra Bank,individual,dev-ab5e5780a6b1,layering_chain,True,2026-08-31
pahal6989@kotak,4923351031624,KKBK0525775,Pahal Bakshi,Kotak Mahindra Bank,individual,dev-2185fe737924,layering_chain,True,2026-08-31
shravya6990@okaxis,90363009805553,UTIB0786315,Shravya Shetty,Axis Bank,individual,dev-254eb5b71558,layering_chain,True,2026-08-31
tarak6991@ybl,21266621766,YESB0417133,Tarak Buch,Yes Bank,individual,dev-cd984d60ff5a,layering_chain,True,2026-08-22
rishi6992@okicici,1756227299,ICIC0797512,Rishi Sehgal,ICICI Bank,individual,dev-7c61c82646bf,layering_chain,True,2026-08-22
hema6993@okicici,6642877839666,ICIC0440712,Hema Apte,ICICI Bank,individual,dev-beae74cd8b8b,layering_chain,True,2026-08-22
bishakha6994@cnrb,527231418041,CNRB0459324,Bishakha Issac,Canara Bank,individual,dev-ad927532418e,layering_chain,True,2026-08-22
qasim6995@oksbi,6658184187873263,SBIN0358881,Qasim Sachdev,State Bank of India,individual,dev-287283a905dc,layering_chain,True,2026-08-22
qadim6996@oksbi,19799337646,SBIN0835449,Qadim Kulkarni,State Bank of India,individual,dev-39cf50e82dff,layering_chain,True,2026-08-22
krisha6997@kotak,057820295855,KKBK0865579,Krisha Kapur,Kotak Mahindra Bank,individual,dev-8a720d82c81b,layering_chain,True,2026-08-29
ridhi6998@kotak,2765525443151947,KKBK0614621,Ridhi Dutta,Kotak Mahindra Bank,individual,dev-2e43fd16dc3f,layering_chain,True,2026-08-29
sachi6999@oksbi,7265765288250950,SBIN0371261,Sachi Sant,State Bank of India,individual,dev-ab25f9dadb83,layering_chain,True,2026-08-29
abdul7000@oksbi,847050020,SBIN0761525,Abdul Zacharia,State Bank of India,individual,dev-25fe00f766a8,layering_chain,True,2026-08-29
bachittar7001@barodampay,726746071781886,BARB0965391,Bachittar Rao,Bank of Baroda,individual,dev-2854c902f9da,layering_chain,True,2026-08-29
abha7002@idfcfirst,34865227400,IDFB0703590,Abha Bhat,IDFC First Bank,individual,dev-91043a549684,layering_chain,True,2026-08-29
inaya7003@kotak,591825872862317,KKBK0407125,Inaya Nair,Kotak Mahindra Bank,individual,dev-25a832eeabed,layering_chain,True,2026-08-26
theodore7004@oksbi,9049601965380695,SBIN0929149,Theodore Kar,State Bank of India,individual,dev-b5d6b4b0cac3,layering_chain,True,2026-08-26
turvi7005@barodampay,4224876922802,BARB0025652,Turvi Dugar,Bank of Baroda,individual,dev-97bfe69c168e,layering_chain,True,2026-08-26
pranit7006@kotak,793500124,KKBK0065504,Pranit Zachariah,Kotak Mahindra Bank,individual,dev-38cf6f9ac6ca,layering_chain,True,2026-08-26
nathaniel7007@barodampay,148418005868,BARB0029321,Nathaniel Dalal,Bank of Baroda,individual,dev-1efdcbe97c4d,layering_chain,True,2026-08-26
tristan7008@idfcfirst,470340859033727,IDFB0595326,Tristan Pall,IDFC First Bank,individual,dev-37dcb5e4b03e,layering_chain,True,2026-08-26
chanchal7009@barodampay,29084643233,BARB0175448,Chanchal Sanghvi,Bank of Baroda,individual,dev-117fd29907be,layering_chain,True,2026-08-05
jeremiah7010@okaxis,6468588846,UTIB0926302,Jeremiah Sani,Axis Bank,individual,dev-b63bbbc75198,layering_chain,True,2026-08-05
sneha7011@okhdfcbank,0923092039,HDFC0243241,Sneha Rana,HDFC Bank,individual,dev-6fa4f6b220cb,layering_chain,True,2026-08-05
onveer7012@pnb,972370065704,PUNB0309093,Onveer Setty,Punjab National Bank,individual,dev-8816ffbdde95,layering_chain,True,2026-08-05
daksha7013@okaxis,10742160412,UTIB0661442,Daksha Parekh,Axis Bank,individual,dev-277275f0c63f,layering_chain,True,2026-09-10
vrinda7014@oksbi,4309842271650708,SBIN0539692,Vrinda Lanka,State Bank of India,individual,dev-daf46bdc286a,layering_chain,True,2026-09-10
arin7015@cnrb,3754351507,CNRB0198621,Arin Sethi,Canara Bank,individual,dev-2741d6cf6b5f,layering_chain,True,2026-09-10
yashasvi7016@idfcfirst,713717281,IDFB0099991,Yashasvi Saran,IDFC First Bank,individual,dev-33810ae31948,layering_chain,True,2026-09-10
aarnav7017@pnb,332582856889544,PUNB0221017,Aarnav Sahota,Punjab National Bank,individual,dev-17ead5898219,layering_chain,True,2026-09-10
januja7018@idfcfirst,90376759763914,IDFB0512603,Januja Sachar,IDFC First Bank,individual,dev-6a7edd14f54f,layering_chain,True,2026-09-12
omkaar7019@oksbi,1879684506,SBIN0651763,Omkaar Basu,State Bank of India,individual,dev-3e1ade6972ff,layering_chain,True,2026-09-12
harshil7020@okaxis,2193412383,UTIB0238999,Harshil Garg,Axis Bank,individual,dev-420dba010bd0,layering_chain,True,2026-09-12
noah7021@oksbi,0865189371329,SBIN0848502,Noah Grewal,State Bank of India,individual,dev-6902ed954e75,layering_chain,True,2026-09-12
kamya7022@cnrb,315674391889,CNRB0333231,Kamya Mistry,Canara Bank,individual,dev-95fc67312d3b,layering_chain,True,2026-09-12
bachittar7023@ybl,902506870,YESB0616454,Bachittar Mammen,Yes Bank,individual,dev-b1fc04b6c750,layering_chain,True,2026-08-04
bakhshi7024@idfcfirst,5483128724,IDFB0005015,Bakhshi Kar,IDFC First Bank,individual,dev-eaac01db96ef,layering_chain,True,2026-08-04
naksh7025@kotak,457870306,KKBK0778561,Naksh Pall,Kotak Mahindra Bank,individual,dev-78c19f92293d,layering_chain,True,2026-08-04
yug7026@kotak,780734129822,KKBK0751275,Yug Jhaveri,Kotak Mahindra Bank,individual,dev-8f349bc3ec8c,layering_chain,True,2026-08-04
abeer7027@cnrb,85501393903364,CNRB0968078,Abeer Ganesh,Canara Bank,individual,dev-cf85ae7e47dc,layering_chain,True,2026-08-04
ishita7028@oksbi,58678845312,SBIN0166817,Ishita Bhavsar,State Bank of India,individual,dev-83d1aac0a689,layering_chain,True,2026-09-04
mitesh7029@ybl,8419227972524,YESB0599685,Mitesh Prasad,Yes Bank,individual,dev-9ad9031bd482,layering_chain,True,2026-09-04
hemangini7030@barodampay,734509452,BARB0334249,Hemangini Bhargava,Bank of Baroda,individual,dev-df76ecf796f3,layering_chain,True,2026-09-04
upkaar7031@cnrb,29814365626,CNRB0032811,Upkaar Nazareth,Canara Bank,individual,dev-5d04cef0163c,layering_chain,True,2026-09-04
falguni7032@barodampay,17857168680272,BARB0076796,Falguni Bandi,Bank of Baroda,individual,dev-a9c7a05203a0,layering_chain,True,2026-09-04
nidhi7033@cnrb,494415134269812,CNRB0652355,Nidhi Thaman,Canara Bank,individual,dev-9142df550de2,layering_chain,True,2026-08-18
sathvik7034@barodampay,46151666469,BARB0155586,Sathvik Hari,Bank of Baroda,individual,dev-1be2bc2587a7,layering_chain,True,2026-08-18
reyansh7035@cnrb,0708948040,CNRB0508938,Reyansh Gaba,Canara Bank,individual,dev-f4bd7c88bfa4,layering_chain,True,2026-08-18
yatin7036@okaxis,2155947393213,UTIB0201659,Yatin Ramesh,Axis Bank,individual,dev-6e92b9de170a,layering_chain,True,2026-08-18
pooja7037@ybl,7266672415177253,YESB0646773,Pooja Deo,Yes Bank,individual,dev-e70afe3a63a6,layering_chain,True,2026-08-18
avi7038@kotak,9974180036,KKBK0139176,Avi Palan,Kotak Mahindra Bank,individual,dev-3aa9d5c5a7c8,layering_chain,True,2026-08-18
jason7039@idfcfirst,67170783476,IDFB0521243,Jason Date,IDFC First Bank,individual,dev-ee1ab7b81bdd,layering_chain,True,2026-08-10
anamika7040@okaxis,6362730582000575,UTIB0167851,Anamika Chana,Axis Bank,individual,dev-d26f769a062f,layering_chain,True,2026-08-10
dakshesh7041@okaxis,0094685340371,UTIB0702923,Dakshesh Sawhney,Axis Bank,individual,dev-e616e48254fa,layering_chain,True,2026-08-10
maya7042@oksbi,203455916981197,SBIN0449905,Maya Munshi,State Bank of India,individual,dev-4a9f54690ad9,layering_chain,True,2026-08-10
daksh7043@oksbi,1395984273,SBIN0061889,Daksh Dalal,State Bank of India,individual,dev-a159494f54ee,layering_chain,True,2026-08-27
xavier7044@ybl,16875824020867,YESB0969591,Xavier Taneja,Yes Bank,individual,dev-23c7e54c90cc,layering_chain,True,2026-08-27
rudra7045@okaxis,0570326166,UTIB0643340,Rudra Borra,Axis Bank,individual,dev-231f22d32668,layering_chain,True,2026-08-27
tripti7046@okicici,128223595297028,ICIC0573349,Tripti More,ICICI Bank,individual,dev-a59b79fdb799,layering_chain,True,2026-08-27
arunima7047@kotak,9501296065457,KKBK0309649,Arunima Dutta,Kotak Mahindra Bank,individual,dev-882747e9c8ea,layering_chain,True,2026-08-27
alexander7048@okhdfcbank,342626759522857,HDFC0494029,Alexander Rajagopalan,HDFC Bank,individual,dev-91b7aa61692b,layering_chain,True,2026-08-18
amrita7049@okaxis,709766784410,UTIB0611081,Amrita Chander,Axis Bank,individual,dev-32494e5370d9,layering_chain,True,2026-08-18
sara7050@pnb,351133901478375,PUNB0308685,Sara Oommen,Punjab National Bank,individual,dev-7ff35692ad96,layering_chain,True,2026-08-18
kevin7051@okhdfcbank,9695918257175010,HDFC0504438,Kevin Golla,HDFC Bank,individual,dev-e577a2406b30,layering_chain,True,2026-08-18
sanya7052@okaxis,940193674,UTIB0065979,Sanya Borra,Axis Bank,individual,dev-c41d7cc827e4,layering_chain,True,2026-08-18
harish7053@cnrb,517610783766989,CNRB0652868,Harish Subramaniam,Canara Bank,individual,dev-0748ce0be37d,layering_chain,True,2026-08-18
vincent7054@ybl,813703104974,YESB0437774,Vincent Rattan,Yes Bank,individual,dev-6594ce24e5be,layering_chain,True,2026-09-06
pallavi7055@ybl,229427429,YESB0292989,Pallavi Mahal,Yes Bank,individual,dev-39850ff2f526,layering_chain,True,2026-09-06
eiravati7056@cnrb,7857495139623,CNRB0682979,Eiravati Dora,Canara Bank,individual,dev-27a5b6e7149d,layering_chain,True,2026-09-06
zayan7057@pnb,1005797724024,PUNB0363670,Zayan Rajagopal,Punjab National Bank,individual,dev-e65d739192ed,layering_chain,True,2026-09-06
lucky7058@ybl,50391354820225,YESB0948744,Lucky Bal,Yes Bank,individual,dev-7f7b6fd3bc2b,layering_chain,True,2026-08-30
jai7059@ybl,12573608796538,YESB0319574,Jai Sen,Yes Bank,individual,dev-3317d797ef4a,layering_chain,True,2026-08-30
avi7060@okhdfcbank,1423813784,HDFC0538623,Avi Agrawal,HDFC Bank,individual,dev-1ec444046e62,layering_chain,True,2026-08-30
amruta7061@cnrb,12037083419791,CNRB0992271,Amruta Murty,Canara Bank,individual,dev-6d186c3a9556,layering_chain,True,2026-08-30
anamika7062@okhdfcbank,89821680659,HDFC0997080,Anamika Bhat,HDFC Bank,individual,dev-7ff48f039a33,layering_chain,True,2026-08-30
ojas7063@cnrb,289657311374,CNRB0391422,Ojas Cherian,Canara Bank,individual,dev-ad4ffd270c73,layering_chain,True,2026-08-30
irya7064@oksbi,37623544823884,SBIN0789502,Irya Karpe,State Bank of India,individual,dev-142b534c18a0,layering_chain,True,2026-08-30
isha7065@idfcfirst,670369177976,IDFB0611433,Isha Anne,IDFC First Bank,individual,dev-201854c30517,layering_chain,True,2026-08-30
girindra7066@okicici,652340296994938,ICIC0679774,Girindra Madan,ICICI Bank,individual,dev-7c0fde6e92ed,layering_chain,True,2026-08-30
liam7067@okicici,2999555345972713,ICIC0945898,Liam Chaudhry,ICICI Bank,individual,dev-479075937ce0,layering_chain,True,2026-08-30
chandani7068@ybl,155116509346637,YESB0088421,Chandani Khanna,Yes Bank,individual,dev-1f991dda24e1,layering_chain,True,2026-08-30
zansi7069@okaxis,6273220488201,UTIB0545982,Zansi Sathe,Axis Bank,individual,dev-880eb62846c4,layering_chain,True,2026-09-02
triya7070@pnb,213652605790959,PUNB0857969,Triya Dey,Punjab National Bank,individual,dev-888532660482,layering_chain,True,2026-09-02
unnati7071@pnb,2234828963,PUNB0329937,Unnati Date,Punjab National Bank,individual,dev-ec76cccdccc0,layering_chain,True,2026-09-02
zayan7072@cnrb,56408264916,CNRB0185560,Zayan Deep,Canara Bank,individual,dev-b6499a5ad677,layering_chain,True,2026-09-02
girik7073@oksbi,954907457,SBIN0665227,Girik Thaker,State Bank of India,individual,dev-b676c0480bb8,layering_chain,True,2026-09-02
aachal7074@barodampay,20454095227471,BARB0228941,Aachal Nagy,Bank of Baroda,individual,dev-7b3be08b1780,layering_chain,True,2026-09-02
pranit7075@ybl,90576600720,YESB0461592,Pranit Amble,Yes Bank,individual,dev-64bb5bb5022b,layering_chain,True,2026-09-02
vasudha7076@okaxis,1008036545,UTIB0692325,Vasudha Tailor,Axis Bank,individual,dev-40fd09bd4ba8,layering_chain,True,2026-08-06
raagini7077@pnb,381752467176729,PUNB0477953,Raagini Tailor,Punjab National Bank,individual,dev-796857e59155,layering_chain,True,2026-08-06
rushil7078@oksbi,0158887957883,SBIN0596022,Rushil Joshi,State Bank of India,individual,dev-d5e059d3078a,layering_chain,True,2026-08-06
onkar7079@cnrb,42346698271596,CNRB0031450,Onkar Sani,Canara Bank,individual,dev-683d8d7a3161,layering_chain,True,2026-08-06
girish7080@okicici,7291765269220,ICIC0190242,Girish Parmar,ICICI Bank,individual,dev-da2267745b99,layering_chain,True,2026-08-06
noah7081@okhdfcbank,073331761,HDFC0640214,Noah Oak,HDFC Bank,individual,dev-6911f4dcc9c4,layering_chain,True,2026-08-06
bimala7082@okhdfcbank,2001176321,HDFC0540943,Bimala Sant,HDFC Bank,individual,dev-02837fb087ba,layering_chain,True,2026-08-06
dakshesh7083@cnrb,4600302585875,CNRB0585560,Dakshesh Venkatesh,Canara Bank,individual,dev-c58847cf86fa,layering_chain,True,2026-09-11
yahvi7084@cnrb,8876963258013872,CNRB0016634,Yahvi Parmer,Canara Bank,individual,dev-3fac34125089,layering_chain,True,2026-09-11
onveer7085@ybl,08408867162,YESB0957133,Onveer Nagi,Yes Bank,individual,dev-ba80de457744,layering_chain,True,2026-09-11
vanya7086@okhdfcbank,803074896,HDFC0406866,Vanya Deshmukh,HDFC Bank,individual,dev-297faf4f5d34,layering_chain,True,2026-09-11
orinder7087@okaxis,9119596916,UTIB0526676,Orinder Badami,Axis Bank,individual,dev-fbd6dc7c50bb,layering_chain,True,2026-09-11
mitali7088@oksbi,656074802,SBIN0517680,Mitali Subramaniam,State Bank of India,individual,dev-935adc651279,layering_chain,True,2026-09-11
om7089@oksbi,268837011839047,SBIN0983302,Om Patil,State Bank of India,individual,dev-671c2e1e33f2,layering_chain,True,2026-09-11
tarak7090@idfcfirst,8659264509,IDFB0135767,Tarak Nagar,IDFC First Bank,individual,dev-cac45c0497b1,layering_chain,True,2026-08-27
faris7091@oksbi,1452128475882,SBIN0013014,Faris Ramanathan,State Bank of India,individual,dev-e1866188ad43,layering_chain,True,2026-08-27
nathan7092@okicici,189279549,ICIC0654694,Nathan Gera,ICICI Bank,individual,dev-1c49cff8992b,layering_chain,True,2026-08-27
inaya7093@pnb,511078185477123,PUNB0384276,Inaya Anand,Punjab National Bank,individual,dev-c93854732380,layering_chain,True,2026-08-27
qadim7094@kotak,2237943493,KKBK0629954,Qadim Pandit,Kotak Mahindra Bank,individual,dev-bf6cc6e3af40,layering_chain,True,2026-08-27
om7095@cnrb,2197980840943800,CNRB0173078,Om Mital,Canara Bank,individual,dev-96ec562ff6d9,layering_chain,True,2026-08-27
orinder7096@cnrb,49795143711004,CNRB0334208,Orinder Sabharwal,Canara Bank,individual,dev-c85b6f49445e,layering_chain,True,2026-08-06
zayan7097@cnrb,85421200090,CNRB0415489,Zayan Gole,Canara Bank,individual,dev-8694013c4941,layering_chain,True,2026-08-06
gautam7098@cnrb,333193167,CNRB0089180,Gautam Gara,Canara Bank,individual,dev-fd4214660a63,layering_chain,True,2026-08-06
yatan7099@okhdfcbank,597331006506137,HDFC0359740,Yatan Mahal,HDFC Bank,individual,dev-0d61492cb5ff,layering_chain,True,2026-08-06
bhavna7100@idfcfirst,99572171323,IDFB0251162,Bhavna Gill,IDFC First Bank,individual,dev-53cded4cb955,layering_chain,True,2026-08-29
agastya7101@pnb,0430842484,PUNB0855807,Agastya Sahni,Punjab National Bank,individual,dev-045cbca48cce,layering_chain,True,2026-08-29
onkar7102@barodampay,46623448696024,BARB0676359,Onkar Sawhney,Bank of Baroda,individual,dev-8fe99cef975b,layering_chain,True,2026-08-29
krish7103@okicici,167479577257811,ICIC0658204,Krish Rout,ICICI Bank,individual,dev-8f3032d06f13,layering_chain,True,2026-08-29
aadi7104@pnb,4541469509949,PUNB0616576,Aadi Lala,Punjab National Bank,individual,dev-081bb205b88c,layering_chain,True,2026-08-29
charles7105@oksbi,4213366124,SBIN0586267,Charles Patel,State Bank of India,individual,dev-dfac8c4dcbbf,layering_chain,True,2026-08-29
rishi7106@ybl,7050337840010,YESB0175596,Rishi Goyal,Yes Bank,individual,dev-7b552f9142d6,layering_chain,True,2026-08-26
vansha7107@ybl,896051405664,YESB0652731,Vansha Mane,Yes Bank,individual,dev-ee1670fdc81f,layering_chain,True,2026-08-26
anirudh7108@okaxis,3884511645466643,UTIB0571314,Anirudh Kata,Axis Bank,individual,dev-a405e400887b,layering_chain,True,2026-08-26
chandresh7109@kotak,56762009256905,KKBK0439213,Chandresh Chad,Kotak Mahindra Bank,individual,dev-9c068807304a,layering_chain,True,2026-08-26
yatan7110@kotak,028050812,KKBK0249967,Yatan Prabhakar,Kotak Mahindra Bank,individual,dev-accb85524092,layering_chain,True,2026-08-30
peter7111@okicici,326705673123,ICIC0452485,Peter Desai,ICICI Bank,individual,dev-83502fd56db7,layering_chain,True,2026-08-30
chanchal7112@idfcfirst,7000283771172989,IDFB0811423,Chanchal Sheth,IDFC First Bank,individual,dev-f13c1a3b6203,layering_chain,True,2026-08-30
gabriel7113@oksbi,91127162264,SBIN0853677,Gabriel Kapadia,State Bank of India,individual,dev-e7f490f76948,layering_chain,True,2026-08-30
abdul7114@idfcfirst,026632529049,IDFB0334993,Abdul Batra,IDFC First Bank,individual,dev-a7dd869e771e,layering_chain,True,2026-08-30
ansh7115@kotak,0477578495482383,KKBK0510400,Ansh Wadhwa,Kotak Mahindra Bank,individual,dev-3a71afa3bcc8,layering_chain,True,2026-08-30
triya7116@okhdfcbank,7380567330690,HDFC0777149,Triya Sunder,HDFC Bank,individual,dev-721f7c2d86ed,layering_chain,True,2026-08-30
ekani7117@okaxis,087228090988,UTIB0555065,Ekani Ratta,Axis Bank,individual,dev-66f5a66be3ea,layering_chain,True,2026-08-13
mugdha7118@oksbi,5725277110870,SBIN0589094,Mugdha Choudhry,State Bank of India,individual,dev-0c925937bb65,layering_chain,True,2026-08-13
christopher7119@barodampay,5912895871,BARB0813691,Christopher Som,Bank of Baroda,individual,dev-c4b0b48cafa7,layering_chain,True,2026-08-13
kai7120@pnb,94132617179,PUNB0093362,Kai Raman,Punjab National Bank,individual,dev-e2c4c6c04b0f,layering_chain,True,2026-08-13
tejas7121@okicici,099670142118200,ICIC0309847,Tejas Vora,ICICI Bank,individual,dev-e76a4d376dcc,layering_chain,True,2026-08-13
advaith7122@kotak,6291504075468535,KKBK0736684,Advaith Aurora,Kotak Mahindra Bank,individual,dev-63449a784760,layering_chain,True,2026-08-13
vedant7123@barodampay,4944695363641,BARB0565834,Vedant Sheth,Bank of Baroda,individual,dev-fcb8c7b91565,account_takeover,True,2026-09-10
ryan7124@cnrb,10280261358,CNRB0778302,Ryan Madan,Canara Bank,individual,dev-52d616ffe37f,account_takeover,True,2026-09-12
gautam7125@kotak,35946404048,KKBK0809249,Gautam Saxena,Kotak Mahindra Bank,individual,dev-b563123b7bf4,account_takeover,True,2026-09-12
manan7126@barodampay,2317547411843376,BARB0350506,Manan Kapoor,Bank of Baroda,individual,dev-01d2dadaecc0,account_takeover,True,2026-09-10
samesh7127@okicici,1217557360848,ICIC0615844,Samesh Hora,ICICI Bank,individual,dev-3744fcb01e20,account_takeover,True,2026-09-14
ishwar7128@okaxis,1273029947,UTIB0908173,Ishwar Arora,Axis Bank,individual,dev-d304332fede8,account_takeover,True,2026-09-14
barkha7129@oksbi,546884397184,SBIN0973672,Barkha Chander,State Bank of India,individual,dev-1752a73e6c5b,account_takeover,True,2026-09-13
chandani7130@pnb,614109866984086,PUNB0511400,Chandani Devan,Punjab National Bank,individual,dev-7deb480d1e24,account_takeover,True,2026-09-12
hardik7131@oksbi,843261682058,SBIN0126722,Hardik Ramachandran,State Bank of India,individual,dev-4f9faf371b1b,account_takeover,True,2026-09-14
anya7132@cnrb,2511131169824,CNRB0942548,Anya Mani,Canara Bank,individual,dev-718b441e5ea1,account_takeover,True,2026-09-14
ronith7133@barodampay,1516960191,BARB0768296,Ronith Sharaf,Bank of Baroda,individual,dev-3341b23d70c6,account_takeover,True,2026-09-14
ucchal7134@oksbi,96385604071098,SBIN0831432,Ucchal Singhal,State Bank of India,individual,dev-8b0bdbe53b0f,account_takeover,True,2026-09-10
janaki7135@okicici,04691659937595,ICIC0056555,Janaki Sood,ICICI Bank,individual,dev-59d27a49c919,account_takeover,True,2026-09-10
azad7136@oksbi,659964318983,SBIN0783801,Azad Sami,State Bank of India,individual,dev-7ed0d123bc8d,account_takeover,True,2026-09-10
zayan7137@oksbi,2581444684,SBIN0507258,Zayan Master,State Bank of India,individual,dev-35612ab5d3e4,account_takeover,True,2026-09-10
chakradev7138@okaxis,608637895141088,UTIB0284046,Chakradev Mall,Axis Bank,individual,dev-a52fd200231e,account_takeover,True,2026-09-12
ekaraj7139@ybl,166655652,YESB0558911,Ekaraj Solanki,Yes Bank,individual,dev-c08521f41a39,account_takeover,True,2026-09-10
harini7140@okaxis,6676537567550,UTIB0250921,Harini Chaudhry,Axis Bank,individual,dev-580c0a7ff2ba,account_takeover,True,2026-09-10
anmol7141@ybl,2762175001520,YESB0314712,Anmol Chadha,Yes Bank,individual,dev-d54af1c5636e,account_takeover,True,2026-09-14
ranbir7142@kotak,7116611768736,KKBK0818739,Ranbir Gera,Kotak Mahindra Bank,individual,dev-75927149bc52,account_takeover,True,2026-09-10
qadim7143@idfcfirst,28046769808328,IDFB0534723,Qadim Barman,IDFC First Bank,individual,dev-9081daec1bd4,account_takeover,True,2026-09-11
bhavini7144@okhdfcbank,68838868174,HDFC0423824,Bhavini Kanda,HDFC Bank,individual,dev-7ae9e292434e,account_takeover,True,2026-09-10
darika7145@okaxis,955819847685,UTIB0697452,Darika Loke,Axis Bank,individual,dev-51651abaf7a5,account_takeover,True,2026-09-10
faras7146@kotak,0942772793,KKBK0062317,Faras Taneja,Kotak Mahindra Bank,individual,dev-049f83e142de,account_takeover,True,2026-09-13
theodore7147@okicici,1856685304444,ICIC0147541,Theodore Luthra,ICICI Bank,individual,dev-6b861469bb2c,account_takeover,True,2026-09-10
priya7148@kotak,820045595,KKBK0738266,Priya Nayak,Kotak Mahindra Bank,individual,dev-a657476d2ce7,account_takeover,True,2026-09-10
yachana7149@okicici,020415367402762,ICIC0980204,Yachana Ramachandran,ICICI Bank,individual,dev-b0cecf8a6224,account_takeover,True,2026-09-11
saumya7150@oksbi,73175943966,SBIN0542816,Saumya Apte,State Bank of India,individual,dev-978326845151,account_takeover,True,2026-09-11
jagrati7151@okhdfcbank,9456139516476098,HDFC0412715,Jagrati Memon,HDFC Bank,individual,dev-f5ce9da3225e,account_takeover,True,2026-09-10
umang7152@oksbi,70723852177075,SBIN0266450,Umang Radhakrishnan,State Bank of India,individual,dev-41e6c592b3f1,account_takeover,True,2026-09-11
omya7153@ybl,83394055488550,YESB0082624,Omya Barman,Yes Bank,individual,dev-4b38e91eaece,account_takeover,True,2026-09-10
unni7154@cnrb,495251289,CNRB0102513,Unni Ghose,Canara Bank,individual,dev-3349fa6f210f,account_takeover,True,2026-09-11
zaitra7155@okhdfcbank,599141826811610,HDFC0697246,Zaitra Saraf,HDFC Bank,individual,dev-911d5a60cd01,account_takeover,True,2026-09-14
dev7156@okaxis,6727423139936152,UTIB0951957,Dev Arora,Axis Bank,individual,dev-42152c504c2e,account_takeover,True,2026-09-13
harinakshi7157@oksbi,395008663758,SBIN0710497,Harinakshi Karan,State Bank of India,individual,dev-f8eebbf3a01c,account_takeover,True,2026-09-13
dhriti7158@cnrb,382485399,CNRB0756514,Dhriti Subramaniam,Canara Bank,individual,dev-eb235f39486a,account_takeover,True,2026-09-13
owen7159@oksbi,5925113041,SBIN0672672,Owen Chand,State Bank of India,individual,dev-699689d8c1d9,account_takeover,True,2026-09-13
arya7160@kotak,506027443875,KKBK0616464,Arya Keer,Kotak Mahindra Bank,individual,dev-df98d64c6876,account_takeover,True,2026-09-11
amol7161@okaxis,0515722266523,UTIB0290651,Amol Bali,Axis Bank,individual,dev-987c91e931f8,account_takeover,True,2026-09-10
vansha7162@cnrb,62634841506636,CNRB0661382,Vansha Walla,Canara Bank,individual,dev-1aed5a80a989,account_takeover,True,2026-09-12
adweta7163@ybl,1284617020,YESB0726810,Adweta Sane,Yes Bank,individual,dev-f196c969e3e9,account_takeover,True,2026-09-11
dalaja7164@oksbi,9449392228335,SBIN0119606,Dalaja Suresh,State Bank of India,individual,dev-6b5d444e95f6,account_takeover,True,2026-09-11
girindra7165@pnb,552609861,PUNB0106616,Girindra Memon,Punjab National Bank,individual,dev-1baed644014a,account_takeover,True,2026-09-11
tamanna7166@okicici,3748744449730,ICIC0542173,Tamanna Tiwari,ICICI Bank,individual,dev-7d7988f98b2f,account_takeover,True,2026-09-12
anya7167@idfcfirst,070547189877765,IDFB0629703,Anya Kala,IDFC First Bank,individual,dev-0b7119e108f5,account_takeover,True,2026-09-13
charan7168@pnb,1392363745,PUNB0889660,Charan Randhawa,Punjab National Bank,individual,dev-0e1c5d088fca,account_takeover,True,2026-09-10
fitan7169@ybl,3358052306991018,YESB0435382,Fitan Seth,Yes Bank,individual,dev-3671c6b1c235,account_takeover,True,2026-09-11
ojasvi7170@idfcfirst,5099500318,IDFB0681475,Ojasvi Kunda,IDFC First Bank,individual,dev-d91cc1bc02fa,account_takeover,True,2026-09-12
unni7171@cnrb,3205816948361180,CNRB0274244,Unni Deep,Canara Bank,individual,dev-f33d27e941e2,account_takeover,True,2026-09-11
vivaan7172@oksbi,04549678532557,SBIN0815098,Vivaan Raval,State Bank of India,individual,dev-a7752cb5b880,account_takeover,True,2026-09-14
jhalak7173@okaxis,34192746915013,UTIB0351883,Jhalak Mishra,Axis Bank,individual,dev-f01666ba95cd,account_takeover,True,2026-09-14
zilmil7174@okicici,447786011360,ICIC0545972,Zilmil Pradhan,ICICI Bank,individual,dev-bfc7995299c0,account_takeover,True,2026-09-13
darpan7175@cnrb,5962742880,CNRB0080270,Darpan Dixit,Canara Bank,individual,dev-16eb7ac1f1af,account_takeover,True,2026-09-14
vaishnavi7176@okhdfcbank,4810140916732,HDFC0526714,Vaishnavi Ganesan,HDFC Bank,individual,dev-6cdb0b8e7e99,account_takeover,True,2026-09-14
advay7177@okhdfcbank,852097856927828,HDFC0439160,Advay Varughese,HDFC Bank,individual,dev-3fc3f7b2a3fd,account_takeover,True,2026-09-11
gaurika7178@ybl,55169224557956,YESB0827483,Gaurika Baria,Yes Bank,individual,dev-9d0c8b64f04e,account_takeover,True,2026-09-10
lekha7179@okhdfcbank,2805896184,HDFC0188525,Lekha Bahri,HDFC Bank,individual,dev-83f26d90bf23,account_takeover,True,2026-09-14
warinder7180@okicici,33229346611825,ICIC0095349,Warinder Patla,ICICI Bank,individual,dev-147a146e6936,account_takeover,True,2026-09-10
priya7181@cnrb,04886060304455,CNRB0567104,Priya Bandi,Canara Bank,individual,dev-a5526e00fd4f,account_takeover,True,2026-09-14
balhaar7182@okicici,44552904925,ICIC0645384,Balhaar Kari,ICICI Bank,individual,dev-26f02bf219c7,account_takeover,True,2026-09-13
sachi7183@okaxis,1824188862038758,UTIB0183208,Sachi Loke,Axis Bank,individual,dev-a7150ab40393,account_takeover,True,2026-09-11
yashodhara7184@pnb,234916793962291,PUNB0920963,Yashodhara Korpal,Punjab National Bank,individual,dev-e70993d66e14,account_takeover,True,2026-09-13
avi7185@okhdfcbank,625321016,HDFC0628502,Avi Randhawa,HDFC Bank,individual,dev-9b39b4ad0ef5,account_takeover,True,2026-09-11
ria7186@okaxis,36775266739135,UTIB0386952,Ria Kakar,Axis Bank,individual,dev-4eec91dac479,account_takeover,True,2026-09-12
nidhi7187@cnrb,7242483077951199,CNRB0258069,Nidhi Sinha,Canara Bank,individual,dev-3613491136aa,account_takeover,True,2026-09-10
krishna7188@kotak,484049098309,KKBK0344831,Krishna Goswami,Kotak Mahindra Bank,individual,dev-10b890e15396,account_takeover,True,2026-09-14
osha7189@idfcfirst,351703480,IDFB0539376,Osha Roy,IDFC First Bank,individual,dev-61085b436e01,account_takeover,True,2026-09-12
avni7190@okicici,1675310087,ICIC0299410,Avni Bumb,ICICI Bank,individual,dev-b38f1ea7385b,account_takeover,True,2026-09-10
yauvani7191@okicici,059396746,ICIC0695751,Yauvani Seth,ICICI Bank,individual,dev-19711789d08f,account_takeover,True,2026-09-11
falguni7192@cnrb,2516883436,CNRB0416001,Falguni Kamdar,Canara Bank,individual,dev-916ff1410d51,account_takeover,True,2026-09-14
chakradhar7193@cnrb,03467339218,CNRB0796985,Chakradhar Ram,Canara Bank,individual,dev-6d0bc8c175fb,account_takeover,True,2026-09-11
samesh7194@kotak,2314737918890,KKBK0077088,Samesh Sachdeva,Kotak Mahindra Bank,individual,dev-6fd841755127,account_takeover,True,2026-09-11
daksha7195@ybl,14483862484,YESB0156557,Daksha Gara,Yes Bank,individual,dev-86bea47d6416,account_takeover,True,2026-09-14
mugdha7196@pnb,993092817,PUNB0185774,Mugdha Bajwa,Punjab National Bank,individual,dev-e89cded38265,account_takeover,True,2026-09-14
ekantika7197@okaxis,6122436118739086,UTIB0236775,Ekantika Bains,Axis Bank,individual,dev-f6dccfd4fa9b,account_takeover,True,2026-09-13
lakshit7198@cnrb,1911582994999,CNRB0792772,Lakshit Dewan,Canara Bank,individual,dev-2831099f4f2c,account_takeover,True,2026-09-14
tamanna7199@barodampay,697295614448957,BARB0674023,Tamanna Bhargava,Bank of Baroda,individual,dev-6311f20c6f58,account_takeover,True,2026-09-10
pahal7200@idfcfirst,7081882422,IDFB0389426,Pahal Brahmbhatt,IDFC First Bank,individual,dev-01307c668dfe,account_takeover,True,2026-09-14
saanvi7201@okhdfcbank,03433390974,HDFC0997240,Saanvi Balan,HDFC Bank,individual,dev-169515bb2469,account_takeover,True,2026-09-11
mahika7202@ybl,3049713758308,YESB0676000,Mahika Jha,Yes Bank,individual,dev-8fa8c961d29e,account_takeover,True,2026-09-14
darsh7203@idfcfirst,35690173657783,IDFB0116821,Darsh Boase,IDFC First Bank,individual,dev-7703ad190f66,account_takeover,True,2026-09-10
nicholas7204@barodampay,53228311779705,BARB0702657,Nicholas Aurora,Bank of Baroda,individual,dev-12a4ac15fa3d,account_takeover,True,2026-09-14
rehaan7205@okhdfcbank,9159221669122,HDFC0489108,Rehaan Goel,HDFC Bank,individual,dev-ac6a70508ef9,account_takeover,True,2026-09-11
nathaniel7206@oksbi,2501114669,SBIN0759966,Nathaniel Swaminathan,State Bank of India,individual,dev-50e0f4bf318a,account_takeover,True,2026-09-12
mitesh7207@kotak,195100790704481,KKBK0430047,Mitesh Sahota,Kotak Mahindra Bank,individual,dev-2ac02ecff323,account_takeover,True,2026-09-13
samar7208@okhdfcbank,0003489209966442,HDFC0706943,Samar Kaul,HDFC Bank,individual,dev-924398a5df44,account_takeover,True,2026-09-14
gautam7209@idfcfirst,9071800079080,IDFB0837623,Gautam Shankar,IDFC First Bank,individual,dev-e3c525492d21,account_takeover,True,2026-09-10
pallavi7210@okicici,0552889249277214,ICIC0068179,Pallavi Morar,ICICI Bank,individual,dev-fe1efab000b6,account_takeover,True,2026-09-13
onveer7211@pnb,27834301735546,PUNB0491758,Onveer Ravel,Punjab National Bank,individual,dev-1c9ee44c4758,account_takeover,True,2026-09-13
nakul7212@barodampay,81572056563044,BARB0655002,Nakul Balan,Bank of Baroda,individual,dev-052e6eb43700,account_takeover,True,2026-09-13
wahab7213@cnrb,13448285763935,CNRB0194442,Wahab Chahal,Canara Bank,individual,dev-0fa3944a461b,account_takeover,True,2026-09-14
eta7214@cnrb,300099196453035,CNRB0727841,Eta Mittal,Canara Bank,individual,dev-774557c3a6b6,account_takeover,True,2026-09-12
isaiah7215@okaxis,7561322859915,UTIB0402539,Isaiah Mandal,Axis Bank,individual,dev-18b78a4780cf,account_takeover,True,2026-09-11
omya7216@cnrb,065540019006564,CNRB0499034,Omya Sengupta,Canara Bank,individual,dev-9b7d206c5345,account_takeover,True,2026-09-14
lajita7217@barodampay,393492627682225,BARB0517156,Lajita Gola,Bank of Baroda,individual,dev-c9d96fa34433,account_takeover,True,2026-09-13
harini7218@okhdfcbank,5296025239396,HDFC0551936,Harini Yohannan,HDFC Bank,individual,dev-bd81be8b9558,account_takeover,True,2026-09-14
ranveer7219@barodampay,727339616942,BARB0284328,Ranveer Agate,Bank of Baroda,individual,dev-44863173580c,account_takeover,True,2026-09-13
aarna7220@oksbi,911755536,SBIN0413058,Aarna Wali,State Bank of India,individual,dev-9b5ce4b77ac8,account_takeover,True,2026-09-11
anita7221@oksbi,380084328,SBIN0121162,Anita Kata,State Bank of India,individual,dev-3a104f7c436d,account_takeover,True,2026-09-14
yatan7222@pnb,663885217190,PUNB0855575,Yatan Bhagat,Punjab National Bank,individual,dev-337ce0ccea78,account_takeover,True,2026-09-13
faqid7223@kotak,46316654312,KKBK0136556,Faqid Shukla,Kotak Mahindra Bank,individual,dev-9fd756368a71,account_takeover,True,2026-09-14
oeshi7224@ybl,2092787245,YESB0799864,Oeshi Sinha,Yes Bank,individual,dev-00431634e779,account_takeover,True,2026-09-12
libni7225@kotak,75960091333,KKBK0370238,Libni Puri,Kotak Mahindra Bank,individual,dev-2da346f48238,account_takeover,True,2026-09-12
tristan7226@oksbi,3109025051416581,SBIN0069724,Tristan Comar,State Bank of India,individual,dev-60452fcdb081,account_takeover,True,2026-09-13
charles7227@okaxis,66639524894,UTIB0616198,Charles Chauhan,Axis Bank,individual,dev-ff2bd0e7b5e5,account_takeover,True,2026-09-10
zayyan7228@barodampay,8120236138542,BARB0557381,Zayyan Dhar,Bank of Baroda,individual,dev-0a4df34d089e,account_takeover,True,2026-09-13
falguni7229@pnb,1613389237459,PUNB0334778,Falguni Agarwal,Punjab National Bank,individual,dev-10d2c896f335,account_takeover,True,2026-09-10
saumya7230@cnrb,65561542752,CNRB0973917,Saumya Batra,Canara Bank,individual,dev-18f3c80352b5,account_takeover,True,2026-09-12
vamakshi7231@okicici,3953606910616,ICIC0269082,Vamakshi Bhagat,ICICI Bank,individual,dev-33fa11ac2d47,account_takeover,True,2026-09-12
nitara7232@cnrb,555325019,CNRB0345465,Nitara Misra,Canara Bank,individual,dev-eb0a8859b406,account_takeover,True,2026-09-10
sanaya7233@cnrb,0650913851125,CNRB0545082,Sanaya Bava,Canara Bank,individual,dev-767d82416fdb,account_takeover,True,2026-09-12
azaan7234@pnb,86939615035706,PUNB0449917,Azaan Varghese,Punjab National Bank,individual,dev-83773b1ad15e,account_takeover,True,2026-09-14
zarna7235@kotak,297582995673312,KKBK0234390,Zarna Bhatti,Kotak Mahindra Bank,individual,dev-b4c24ad72245,account_takeover,True,2026-09-13
nathaniel7236@idfcfirst,517523152491273,IDFB0212502,Nathaniel Ratti,IDFC First Bank,individual,dev-d23ac1482610,account_takeover,True,2026-09-11
noah7237@okaxis,31108896586137,UTIB0419212,Noah Sachdeva,Axis Bank,individual,dev-c2503daa0674,account_takeover,True,2026-09-10
chaman7238@ybl,4394471933649,YESB0934208,Chaman Mistry,Yes Bank,individual,dev-7f49a41c8f8a,account_takeover,True,2026-09-10
ayushman7239@ybl,2760629696,YESB0295689,Ayushman Bahl,Yes Bank,individual,dev-f4faa9b606d1,account_takeover,True,2026-09-10
manan7240@idfcfirst,6070357392367440,IDFB0088960,Manan Varty,IDFC First Bank,individual,dev-5cddc7f8cb69,account_takeover,True,2026-09-13
qarin7241@pnb,19436111752258,PUNB0662135,Qarin Sibal,Punjab National Bank,individual,dev-c112ba93e0ee,account_takeover,True,2026-09-11
gaurang7242@oksbi,12333335084,SBIN0286605,Gaurang Borra,State Bank of India,individual,dev-1ed5fbd44675,account_takeover,True,2026-09-10
aarnav7243@okaxis,414405534,UTIB0673822,Aarnav Sampath,Axis Bank,individual,dev-1fefa7decb04,account_takeover,True,2026-09-10
lekha7244@okicici,137204485063681,ICIC0750513,Lekha Choudhary,ICICI Bank,individual,dev-1a15dccb845a,account_takeover,True,2026-09-12
urmi7245@okicici,872197375065,ICIC0207781,Urmi Ravi,ICICI Bank,individual,dev-d253fb992191,account_takeover,True,2026-09-12
kevin7246@ybl,709285286340433,YESB0274245,Kevin Aurora,Yes Bank,individual,dev-44b66e7378cf,account_takeover,True,2026-09-10
kiaan7247@oksbi,927625889427,SBIN0788187,Kiaan Badal,State Bank of India,individual,dev-01e26db4cb40,account_takeover,True,2026-09-10
jagdish7248@okaxis,93760010547617,UTIB0733832,Jagdish Shan,Axis Bank,individual,dev-7e099a6905d0,account_takeover,True,2026-09-13
parth7249@ybl,0158597092054,YESB0214435,Parth Sama,Yes Bank,individual,dev-d0d8fc4eccd7,account_takeover,True,2026-09-11
aishani7250@ybl,905945178721894,YESB0959307,Aishani Mand,Yes Bank,individual,dev-3004733e24d2,account_takeover,True,2026-09-14
tejas7251@idfcfirst,2422302360357,IDFB0855149,Tejas Nanda,IDFC First Bank,individual,dev-2571d2fb8f63,account_takeover,True,2026-09-10
qarin7252@idfcfirst,683856996409508,IDFB0928669,Qarin Kulkarni,IDFC First Bank,individual,dev-17e58c7e3c9f,account_takeover,True,2026-09-10
vedhika7253@ybl,2389242889457197,YESB0818226,Vedhika Ahuja,Yes Bank,individual,dev-0a035244a0af,account_takeover,True,2026-09-11
pranav7254@idfcfirst,8534884836,IDFB0467103,Pranav Apte,IDFC First Bank,individual,dev-930b9e902bf9,account_takeover,True,2026-09-14
luke7255@okaxis,213703686909163,UTIB0441341,Luke Misra,Axis Bank,individual,dev-e9bb3773d0a0,account_takeover,True,2026-09-11
kashvi7256@oksbi,070428229550049,SBIN0082162,Kashvi Kale,State Bank of India,individual,dev-94d63f844729,account_takeover,True,2026-09-13
anirudh7257@okaxis,70754000328,UTIB0349298,Anirudh Chana,Axis Bank,individual,dev-16bf182ba24d,account_takeover,True,2026-09-11
udant7258@okhdfcbank,204029687062,HDFC0311954,Udant Shanker,HDFC Bank,individual,dev-e970d565fdbb,account_takeover,True,2026-09-14
yuvraj7259@ybl,11125630101,YESB0486015,Yuvraj Andra,Yes Bank,individual,dev-4b55ad6851ed,account_takeover,True,2026-09-13
amaira7260@kotak,657937584701,KKBK0870949,Amaira Seth,Kotak Mahindra Bank,individual,dev-ef22855342d4,account_takeover,True,2026-09-13
daniel7261@okhdfcbank,9813946596508,HDFC0284817,Daniel Krish,HDFC Bank,individual,dev-4986733a04f6,account_takeover,True,2026-09-13
saumya7262@okaxis,18612165700,UTIB0774197,Saumya Acharya,Axis Bank,individual,dev-0acaa6e640c2,account_takeover,True,2026-09-11
chaaya7263@barodampay,8763519400442,BARB0932154,Chaaya Kibe,Bank of Baroda,individual,dev-0a4d9040c0b8,account_takeover,True,2026-09-13
eesha7264@okhdfcbank,731667413373392,HDFC0673287,Eesha Deol,HDFC Bank,individual,dev-9a274b763ad2,account_takeover,True,2026-09-10
brijesh7265@cnrb,260392790881352,CNRB0119680,Brijesh Pandey,Canara Bank,individual,dev-4ec196edf97f,account_takeover,True,2026-09-10
tristan7266@okhdfcbank,08417515880,HDFC0416185,Tristan Sandal,HDFC Bank,individual,dev-6ae10c6d52fe,account_takeover,True,2026-09-13
yachana7267@barodampay,9042669436,BARB0879302,Yachana Buch,Bank of Baroda,individual,dev-aa534924819b,account_takeover,True,2026-09-11
jhalak7268@okicici,562498588,ICIC0497971,Jhalak Mallick,ICICI Bank,individual,dev-584eeda2d625,account_takeover,True,2026-09-14
xavier7269@barodampay,766622356993,BARB0577979,Xavier Ratta,Bank of Baroda,individual,dev-a4ef3ece55f0,account_takeover,True,2026-09-14
yashvi7270@okicici,2171849091,ICIC0277945,Yashvi Din,ICICI Bank,individual,dev-c8ac75cf3db5,account_takeover,True,2026-09-14
indira7271@okaxis,4697948310544,UTIB0488347,Indira Seth,Axis Bank,individual,dev-714c9599fa1a,account_takeover,True,2026-09-14
yuvraj7272@barodampay,947399455,BARB0934886,Yuvraj Vasa,Bank of Baroda,individual,dev-7f465fec94fe,account_takeover,True,2026-09-10
aradhana7273@idfcfirst,21583074572236,IDFB0678878,Aradhana Ratta,IDFC First Bank,individual,dev-97ad960338ff,account_takeover,True,2026-09-12
max7274@okaxis,87286534395,UTIB0842708,Max Hora,Axis Bank,individual,dev-9d0107e6d461,account_takeover,True,2026-09-13
vihaan7275@pnb,10350088087,PUNB0308368,Vihaan Sangha,Punjab National Bank,individual,dev-426ca161f28a,account_takeover,True,2026-09-10
lakshmi7276@idfcfirst,913296405,IDFB0618739,Lakshmi Rau,IDFC First Bank,individual,dev-fc517bb66985,account_takeover,True,2026-09-11
nikita7277@barodampay,5345914166,BARB0419720,Nikita Mander,Bank of Baroda,individual,dev-a6ed16344766,account_takeover,True,2026-09-13
kai7278@okhdfcbank,026318089,HDFC0736312,Kai Pradhan,HDFC Bank,individual,dev-50e5edf226f0,account_takeover,True,2026-09-11
vedhika7279@barodampay,536375391513,BARB0203352,Vedhika Ghosh,Bank of Baroda,individual,dev-948bcded9799,account_takeover,True,2026-09-14
chandresh7280@cnrb,4364848152102,CNRB0740020,Chandresh Kunda,Canara Bank,individual,dev-f7ed132d2222,account_takeover,True,2026-09-12
lila7281@ybl,527518806070563,YESB0767944,Lila Gour,Yes Bank,individual,dev-ef31271bcc25,account_takeover,True,2026-09-11
nirja7282@okhdfcbank,919280953901844,HDFC0970268,Nirja Dave,HDFC Bank,individual,dev-1a98edad78b5,account_takeover,True,2026-09-10
leena7283@okicici,31287059638937,ICIC0559842,Leena Saha,ICICI Bank,individual,dev-f93092fda6b2,account_takeover,True,2026-09-12
elijah7284@idfcfirst,47417990150306,IDFB0140427,Elijah Setty,IDFC First Bank,individual,dev-a4b10cc285e2,account_takeover,True,2026-09-12
peter7285@idfcfirst,665595634770,IDFB0067094,Peter Gulati,IDFC First Bank,individual,dev-5080416453f8,account_takeover,True,2026-09-13
krishna7286@okhdfcbank,36985584899,HDFC0917584,Krishna Dubey,HDFC Bank,individual,dev-8300c5537ffc,account_takeover,True,2026-09-14
tanveer7287@okhdfcbank,215074786140383,HDFC0031632,Tanveer Nagi,HDFC Bank,individual,dev-2dcc3df6ae90,account_takeover,True,2026-09-13
mugdha7288@idfcfirst,1364837674,IDFB0744883,Mugdha Varma,IDFC First Bank,individual,dev-12a3ec49212d,account_takeover,True,2026-09-11
warhi7289@oksbi,22441420548,SBIN0000680,Warhi Seshadri,State Bank of India,individual,dev-da52206dbe45,account_takeover,True,2026-09-12
kashish7290@okhdfcbank,92279670399,HDFC0232690,Kashish Saraf,HDFC Bank,individual,dev-260fe43dbc5c,account_takeover,True,2026-09-10
charvi7291@okicici,11196498586,ICIC0347855,Charvi Dara,ICICI Bank,individual,dev-20ee21878f33,account_takeover,True,2026-09-10
aachal7292@okhdfcbank,4150213575,HDFC0011698,Aachal Vohra,HDFC Bank,individual,dev-69e06de67d72,account_takeover,True,2026-09-11
chandran7293@okhdfcbank,7767685462497060,HDFC0006109,Chandran Virk,HDFC Bank,individual,dev-6e0e7b076ae6,account_takeover,True,2026-09-13
yatin7294@ybl,2752798157658608,YESB0919260,Yatin Chandran,Yes Bank,individual,dev-8c1c1aef7523,account_takeover,True,2026-09-14
ryan7295@idfcfirst,862255886982,IDFB0712310,Ryan Wable,IDFC First Bank,individual,dev-7d56422a0313,account_takeover,True,2026-09-12
frado7296@okhdfcbank,90696498839,HDFC0899189,Frado Dubey,HDFC Bank,individual,dev-259a96afdf00,account_takeover,True,2026-09-14
neha7297@okaxis,8703438220,UTIB0366689,Neha Anne,Axis Bank,individual,dev-a907cd075f26,account_takeover,True,2026-09-14
aayush7298@oksbi,1609225505,SBIN0810869,Aayush Bhavsar,State Bank of India,individual,dev-195d522f1f40,account_takeover,True,2026-09-10
chameli7299@kotak,0554969879,KKBK0933291,Chameli Bawa,Kotak Mahindra Bank,individual,dev-7764721128a8,account_takeover,True,2026-09-13
mohini7300@okicici,524355361846,ICIC0167415,Mohini Din,ICICI Bank,individual,dev-6087dab62d67,account_takeover,True,2026-09-11
dalaja7301@okaxis,3978895557417,UTIB0708204,Dalaja Karan,Axis Bank,individual,dev-ce046d7393da,account_takeover,True,2026-09-10
bhavani7302@ybl,2556863294559,YESB0175269,Bhavani Bobal,Yes Bank,individual,dev-5cb46820f728,account_takeover,True,2026-09-11
mital7303@okhdfcbank,37711085085,HDFC0173737,Mital Inc Gambling & Betting,HDFC Bank,merchant,dev-2dc30f3f3645,gambling_network,True,2025-05-05
jayaraman7304@oksbi,4151350946402900,SBIN0471008,Jayaraman PLC Gambling & Betting,State Bank of India,merchant,dev-3020a5563a00,gambling_network,True,2026-04-11
tandon7305@oksbi,0982985410705051,SBIN0433446,"Tandon, Nagy and Doshi Gambling & Betting",State Bank of India,merchant,dev-61dde095983c,gambling_network,True,2026-05-08
singhal7306@barodampay,9153220311,BARB0560116,"Singhal, Deo and Bali Gambling & Betting",Bank of Baroda,merchant,dev-78dee0ea876b,gambling_network,True,2026-01-29
zachariah7307@okicici,228027782511,ICIC0353825,"Zachariah, Saran and Narang Gambling & Betting",ICICI Bank,merchant,dev-eaa2ffc58698,gambling_network,True,2025-12-27
